campaign_id,grammar,sqlite_version,run,timestamp_sec,total_edges,total_crashes,exec_count
v3.3_uniform_sqlite-3.31.1_run1,v3.3_uniform,sqlite-3.31.1,1,1,7865,0,0
v3.3_uniform_sqlite-3.31.1_run1,v3.3_uniform,sqlite-3.31.1,1,2,8559,1,0
v3.3_uniform_sqlite-3.31.1_run1,v3.3_uniform,sqlite-3.31.1,1,3,9144,2,0
v3.3_uniform_sqlite-3.31.1_run1,v3.3_uniform,sqlite-3.31.1,1,4,9980,2,0
v3.3_uniform_sqlite-3.31.1_run1,v3.3_uniform,sqlite-3.31.1,1,5,10342,2,0
v3.3_uniform_sqlite-3.31.1_run1,v3.3_uniform,sqlite-3.31.1,1,6,10501,2,0
v3.3_uniform_sqlite-3.31.1_run1,v3.3_uniform,sqlite-3.31.1,1,7,10725,2,0
v3.3_uniform_sqlite-3.31.1_run1,v3.3_uniform,sqlite-3.31.1,1,8,10932,2,0
v3.3_uniform_sqlite-3.31.1_run1,v3.3_uniform,sqlite-3.31.1,1,9,10955,2,0
v3.3_uniform_sqlite-3.31.1_run1,v3.3_uniform,sqlite-3.31.1,1,10,11144,2,0
v3.3_uniform_sqlite-3.31.1_run1,v3.3_uniform,sqlite-3.31.1,1,11,11175,2,0
v3.3_uniform_sqlite-3.31.1_run1,v3.3_uniform,sqlite-3.31.1,1,12,11219,3,0
v3.3_uniform_sqlite-3.31.1_run1,v3.3_uniform,sqlite-3.31.1,1,13,11284,4,1634
v3.3_uniform_sqlite-3.31.1_run1,v3.3_uniform,sqlite-3.31.1,1,14,11288,4,1893
v3.3_uniform_sqlite-3.31.1_run1,v3.3_uniform,sqlite-3.31.1,1,15,11288,4,2147
v3.3_uniform_sqlite-3.31.1_run1,v3.3_uniform,sqlite-3.31.1,1,16,11288,4,2623
v3.3_uniform_sqlite-3.31.1_run1,v3.3_uniform,sqlite-3.31.1,1,17,11288,4,2854
v3.3_uniform_sqlite-3.31.1_run1,v3.3_uniform,sqlite-3.31.1,1,18,11345,4,3196
v3.3_uniform_sqlite-3.31.1_run1,v3.3_uniform,sqlite-3.31.1,1,19,11358,4,3411
v3.3_uniform_sqlite-3.31.1_run1,v3.3_uniform,sqlite-3.31.1,1,20,11358,4,3411
v3.3_uniform_sqlite-3.31.1_run1,v3.3_uniform,sqlite-3.31.1,1,21,11358,4,3411
v3.3_uniform_sqlite-3.31.1_run1,v3.3_uniform,sqlite-3.31.1,1,22,11358,4,3411
v3.3_uniform_sqlite-3.31.1_run1,v3.3_uniform,sqlite-3.31.1,1,23,11358,4,3411
v3.3_uniform_sqlite-3.31.1_run1,v3.3_uniform,sqlite-3.31.1,1,24,11358,4,3411
v3.3_uniform_sqlite-3.31.1_run1,v3.3_uniform,sqlite-3.31.1,1,25,11358,4,3411
v3.3_uniform_sqlite-3.31.1_run1,v3.3_uniform,sqlite-3.31.1,1,26,11358,4,3411
v3.3_uniform_sqlite-3.31.1_run1,v3.3_uniform,sqlite-3.31.1,1,27,11358,4,3411
v3.3_uniform_sqlite-3.31.1_run1,v3.3_uniform,sqlite-3.31.1,1,28,11358,4,3411
v3.3_uniform_sqlite-3.31.1_run1,v3.3_uniform,sqlite-3.31.1,1,29,11358,4,3411
v3.3_uniform_sqlite-3.31.1_run1,v3.3_uniform,sqlite-3.31.1,1,30,11358,4,3411
v3.3_uniform_sqlite-3.31.1_run1,v3.3_uniform,sqlite-3.31.1,1,31,11358,4,3411
v3.3_uniform_sqlite-3.31.1_run1,v3.3_uniform,sqlite-3.31.1,1,32,11358,4,3411
v3.3_uniform_sqlite-3.31.1_run1,v3.3_uniform,sqlite-3.31.1,1,33,11358,4,3411
v3.3_uniform_sqlite-3.31.1_run1,v3.3_uniform,sqlite-3.31.1,1,34,11358,4,3411
v3.3_uniform_sqlite-3.31.1_run1,v3.3_uniform,sqlite-3.31.1,1,35,11426,4,3646
v3.3_uniform_sqlite-3.31.1_run1,v3.3_uniform,sqlite-3.31.1,1,36,11426,4,3694
v3.3_uniform_sqlite-3.31.1_run1,v3.3_uniform,sqlite-3.31.1,1,37,11427,4,3956
v3.3_uniform_sqlite-3.31.1_run1,v3.3_uniform,sqlite-3.31.1,1,38,11427,4,3956
v3.3_uniform_sqlite-3.31.1_run1,v3.3_uniform,sqlite-3.31.1,1,39,11432,4,4237
v3.3_uniform_sqlite-3.31.1_run1,v3.3_uniform,sqlite-3.31.1,1,40,11432,4,4367
v3.3_uniform_sqlite-3.31.1_run1,v3.3_uniform,sqlite-3.31.1,1,41,12146,4,4909
v3.3_uniform_sqlite-3.31.1_run1,v3.3_uniform,sqlite-3.31.1,1,42,12146,4,4909
v3.3_uniform_sqlite-3.31.1_run1,v3.3_uniform,sqlite-3.31.1,1,43,12146,4,5170
v3.3_uniform_sqlite-3.31.1_run1,v3.3_uniform,sqlite-3.31.1,1,44,12148,4,5432
v3.3_uniform_sqlite-3.31.1_run1,v3.3_uniform,sqlite-3.31.1,1,45,12168,4,5697
v3.3_uniform_sqlite-3.31.1_run1,v3.3_uniform,sqlite-3.31.1,1,46,12185,5,5697
v3.3_uniform_sqlite-3.31.1_run1,v3.3_uniform,sqlite-3.31.1,1,47,12229,5,5697
v3.3_uniform_sqlite-3.31.1_run1,v3.3_uniform,sqlite-3.31.1,1,48,12243,6,5697
v3.3_uniform_sqlite-3.31.1_run1,v3.3_uniform,sqlite-3.31.1,1,49,12261,6,5697
v3.3_uniform_sqlite-3.31.1_run1,v3.3_uniform,sqlite-3.31.1,1,50,12279,6,5697
v3.3_uniform_sqlite-3.31.1_run1,v3.3_uniform,sqlite-3.31.1,1,51,12316,6,5697
v3.3_uniform_sqlite-3.31.1_run1,v3.3_uniform,sqlite-3.31.1,1,52,12369,6,5697
v3.3_uniform_sqlite-3.31.1_run1,v3.3_uniform,sqlite-3.31.1,1,53,12376,6,5697
v3.3_uniform_sqlite-3.31.1_run1,v3.3_uniform,sqlite-3.31.1,1,54,12379,6,5697
v3.3_uniform_sqlite-3.31.1_run1,v3.3_uniform,sqlite-3.31.1,1,55,12379,6,7028
v3.3_uniform_sqlite-3.31.1_run1,v3.3_uniform,sqlite-3.31.1,1,56,12379,6,7247
v3.3_uniform_sqlite-3.31.1_run1,v3.3_uniform,sqlite-3.31.1,1,57,12391,6,7489
v3.3_uniform_sqlite-3.31.1_run1,v3.3_uniform,sqlite-3.31.1,1,58,12392,6,7821
v3.3_uniform_sqlite-3.31.1_run1,v3.3_uniform,sqlite-3.31.1,1,59,12395,6,7973
v3.3_uniform_sqlite-3.31.1_run1,v3.3_uniform,sqlite-3.31.1,1,60,12395,6,7973
v3.3_uniform_sqlite-3.31.1_run1,v3.3_uniform,sqlite-3.31.1,1,61,12395,6,7973
v3.3_uniform_sqlite-3.31.1_run1,v3.3_uniform,sqlite-3.31.1,1,62,12395,6,7973
v3.3_uniform_sqlite-3.31.1_run1,v3.3_uniform,sqlite-3.31.1,1,63,12397,6,8105
v3.3_uniform_sqlite-3.31.1_run1,v3.3_uniform,sqlite-3.31.1,1,64,12397,6,8306
v3.3_uniform_sqlite-3.31.1_run1,v3.3_uniform,sqlite-3.31.1,1,65,12402,6,8554
v3.3_uniform_sqlite-3.31.1_run1,v3.3_uniform,sqlite-3.31.1,1,66,12402,6,8805
v3.3_uniform_sqlite-3.31.1_run1,v3.3_uniform,sqlite-3.31.1,1,67,12403,6,9101
v3.3_uniform_sqlite-3.31.1_run1,v3.3_uniform,sqlite-3.31.1,1,68,12411,7,9317
v3.3_uniform_sqlite-3.31.1_run1,v3.3_uniform,sqlite-3.31.1,1,69,12422,7,9522
v3.3_uniform_sqlite-3.31.1_run1,v3.3_uniform,sqlite-3.31.1,1,70,12422,7,9655
v3.3_uniform_sqlite-3.31.1_run1,v3.3_uniform,sqlite-3.31.1,1,71,12422,7,10062
v3.3_uniform_sqlite-3.31.1_run1,v3.3_uniform,sqlite-3.31.1,1,72,12422,7,10309
v3.3_uniform_sqlite-3.31.1_run1,v3.3_uniform,sqlite-3.31.1,1,73,12422,9,10309
v3.3_uniform_sqlite-3.31.1_run1,v3.3_uniform,sqlite-3.31.1,1,74,12424,9,10309
v3.3_uniform_sqlite-3.31.1_run1,v3.3_uniform,sqlite-3.31.1,1,75,12440,9,10309
v3.3_uniform_sqlite-3.31.1_run1,v3.3_uniform,sqlite-3.31.1,1,76,12440,10,10309
v3.3_uniform_sqlite-3.31.1_run1,v3.3_uniform,sqlite-3.31.1,1,77,12449,10,10309
v3.3_uniform_sqlite-3.31.1_run1,v3.3_uniform,sqlite-3.31.1,1,78,12478,10,10309
v3.3_uniform_sqlite-3.31.1_run1,v3.3_uniform,sqlite-3.31.1,1,79,12484,10,10309
v3.3_uniform_sqlite-3.31.1_run1,v3.3_uniform,sqlite-3.31.1,1,80,12488,10,11427
v3.3_uniform_sqlite-3.31.1_run1,v3.3_uniform,sqlite-3.31.1,1,81,12493,10,11770
v3.3_uniform_sqlite-3.31.1_run1,v3.3_uniform,sqlite-3.31.1,1,82,12497,10,12039
v3.3_uniform_sqlite-3.31.1_run1,v3.3_uniform,sqlite-3.31.1,1,83,12497,10,12225
v3.3_uniform_sqlite-3.31.1_run1,v3.3_uniform,sqlite-3.31.1,1,84,12497,11,12333
v3.3_uniform_sqlite-3.31.1_run1,v3.3_uniform,sqlite-3.31.1,1,85,12497,11,12743
v3.3_uniform_sqlite-3.31.1_run1,v3.3_uniform,sqlite-3.31.1,1,86,12497,11,12949
v3.3_uniform_sqlite-3.31.1_run1,v3.3_uniform,sqlite-3.31.1,1,87,12499,11,13148
v3.3_uniform_sqlite-3.31.1_run1,v3.3_uniform,sqlite-3.31.1,1,88,12499,11,13540
v3.3_uniform_sqlite-3.31.1_run1,v3.3_uniform,sqlite-3.31.1,1,89,12955,11,13759
v3.3_uniform_sqlite-3.31.1_run1,v3.3_uniform,sqlite-3.31.1,1,90,12955,11,14040
v3.3_uniform_sqlite-3.31.1_run1,v3.3_uniform,sqlite-3.31.1,1,91,12955,11,14040
v3.3_uniform_sqlite-3.31.1_run1,v3.3_uniform,sqlite-3.31.1,1,92,12955,11,14040
v3.3_uniform_sqlite-3.31.1_run1,v3.3_uniform,sqlite-3.31.1,1,93,12955,11,14040
v3.3_uniform_sqlite-3.31.1_run1,v3.3_uniform,sqlite-3.31.1,1,94,12955,11,14040
v3.3_uniform_sqlite-3.31.1_run1,v3.3_uniform,sqlite-3.31.1,1,95,12955,11,14040
v3.3_uniform_sqlite-3.31.1_run1,v3.3_uniform,sqlite-3.31.1,1,96,12955,11,14040
v3.3_uniform_sqlite-3.31.1_run1,v3.3_uniform,sqlite-3.31.1,1,97,12955,11,14040
v3.3_uniform_sqlite-3.31.1_run1,v3.3_uniform,sqlite-3.31.1,1,98,12955,11,14040
v3.3_uniform_sqlite-3.31.1_run1,v3.3_uniform,sqlite-3.31.1,1,99,12955,11,14040
v3.3_uniform_sqlite-3.31.1_run1,v3.3_uniform,sqlite-3.31.1,1,100,12955,11,14040
v3.3_uniform_sqlite-3.31.1_run1,v3.3_uniform,sqlite-3.31.1,1,101,12955,11,14040
v3.3_uniform_sqlite-3.31.1_run1,v3.3_uniform,sqlite-3.31.1,1,102,12955,11,14040
v3.3_uniform_sqlite-3.31.1_run1,v3.3_uniform,sqlite-3.31.1,1,103,12955,11,14040
v3.3_uniform_sqlite-3.31.1_run1,v3.3_uniform,sqlite-3.31.1,1,104,12955,11,14040
v3.3_uniform_sqlite-3.31.1_run1,v3.3_uniform,sqlite-3.31.1,1,105,12955,11,14451
v3.3_uniform_sqlite-3.31.1_run1,v3.3_uniform,sqlite-3.31.1,1,106,12955,11,14660
v3.3_uniform_sqlite-3.31.1_run1,v3.3_uniform,sqlite-3.31.1,1,107,12955,11,14860
v3.3_uniform_sqlite-3.31.1_run1,v3.3_uniform,sqlite-3.31.1,1,108,12955,11,15190
v3.3_uniform_sqlite-3.31.1_run1,v3.3_uniform,sqlite-3.31.1,1,109,12955,11,15602
v3.3_uniform_sqlite-3.31.1_run1,v3.3_uniform,sqlite-3.31.1,1,110,12955,11,15937
v3.3_uniform_sqlite-3.31.1_run1,v3.3_uniform,sqlite-3.31.1,1,111,12955,11,16177
v3.3_uniform_sqlite-3.31.1_run1,v3.3_uniform,sqlite-3.31.1,1,112,12958,11,16177
v3.3_uniform_sqlite-3.31.1_run1,v3.3_uniform,sqlite-3.31.1,1,113,12971,11,16177
v3.3_uniform_sqlite-3.31.1_run1,v3.3_uniform,sqlite-3.31.1,1,114,12973,11,16177
v3.3_uniform_sqlite-3.31.1_run1,v3.3_uniform,sqlite-3.31.1,1,115,13006,11,16177
v3.3_uniform_sqlite-3.31.1_run1,v3.3_uniform,sqlite-3.31.1,1,116,13012,11,16177
v3.3_uniform_sqlite-3.31.1_run1,v3.3_uniform,sqlite-3.31.1,1,117,13012,11,16177
v3.3_uniform_sqlite-3.31.1_run1,v3.3_uniform,sqlite-3.31.1,1,118,13015,11,16177
v3.3_uniform_sqlite-3.31.1_run1,v3.3_uniform,sqlite-3.31.1,1,119,13016,11,17332
v3.3_uniform_sqlite-3.31.1_run1,v3.3_uniform,sqlite-3.31.1,1,120,13016,11,17590
v3.3_uniform_sqlite-3.31.1_run1,v3.3_uniform,sqlite-3.31.1,1,121,13016,11,17885
v3.3_uniform_sqlite-3.31.1_run1,v3.3_uniform,sqlite-3.31.1,1,122,13016,11,18297
v3.3_uniform_sqlite-3.31.1_run1,v3.3_uniform,sqlite-3.31.1,1,123,13017,11,18636
v3.3_uniform_sqlite-3.31.1_run1,v3.3_uniform,sqlite-3.31.1,1,124,13017,11,18828
v3.3_uniform_sqlite-3.31.1_run1,v3.3_uniform,sqlite-3.31.1,1,125,13017,11,19099
v3.3_uniform_sqlite-3.31.1_run1,v3.3_uniform,sqlite-3.31.1,1,126,13017,11,19195
v3.3_uniform_sqlite-3.31.1_run1,v3.3_uniform,sqlite-3.31.1,1,127,13017,11,19195
v3.3_uniform_sqlite-3.31.1_run1,v3.3_uniform,sqlite-3.31.1,1,128,13017,11,19195
v3.3_uniform_sqlite-3.31.1_run1,v3.3_uniform,sqlite-3.31.1,1,129,13017,11,19195
v3.3_uniform_sqlite-3.31.1_run1,v3.3_uniform,sqlite-3.31.1,1,130,13017,11,19195
v3.3_uniform_sqlite-3.31.1_run1,v3.3_uniform,sqlite-3.31.1,1,131,13017,11,19195
v3.3_uniform_sqlite-3.31.1_run1,v3.3_uniform,sqlite-3.31.1,1,132,13017,11,19195
v3.3_uniform_sqlite-3.31.1_run1,v3.3_uniform,sqlite-3.31.1,1,133,13017,11,19195
v3.3_uniform_sqlite-3.31.1_run1,v3.3_uniform,sqlite-3.31.1,1,134,13017,11,19195
v3.3_uniform_sqlite-3.31.1_run1,v3.3_uniform,sqlite-3.31.1,1,135,13017,11,19195
v3.3_uniform_sqlite-3.31.1_run1,v3.3_uniform,sqlite-3.31.1,1,136,13017,11,19195
v3.3_uniform_sqlite-3.31.1_run1,v3.3_uniform,sqlite-3.31.1,1,137,13017,11,19195
v3.3_uniform_sqlite-3.31.1_run1,v3.3_uniform,sqlite-3.31.1,1,138,13017,11,19385
v3.3_uniform_sqlite-3.31.1_run1,v3.3_uniform,sqlite-3.31.1,1,139,13017,11,19661
v3.3_uniform_sqlite-3.31.1_run1,v3.3_uniform,sqlite-3.31.1,1,140,13021,11,19840
v3.3_uniform_sqlite-3.31.1_run1,v3.3_uniform,sqlite-3.31.1,1,141,13023,11,20156
v3.3_uniform_sqlite-3.31.1_run1,v3.3_uniform,sqlite-3.31.1,1,142,13040,11,20309
v3.3_uniform_sqlite-3.31.1_run1,v3.3_uniform,sqlite-3.31.1,1,143,13040,11,20702
v3.3_uniform_sqlite-3.31.1_run1,v3.3_uniform,sqlite-3.31.1,1,144,13040,11,20907
v3.3_uniform_sqlite-3.31.1_run1,v3.3_uniform,sqlite-3.31.1,1,145,13041,11,21233
v3.3_uniform_sqlite-3.31.1_run1,v3.3_uniform,sqlite-3.31.1,1,146,13041,11,21553
v3.3_uniform_sqlite-3.31.1_run1,v3.3_uniform,sqlite-3.31.1,1,147,13083,12,21770
v3.3_uniform_sqlite-3.31.1_run1,v3.3_uniform,sqlite-3.31.1,1,148,13100,12,22096
v3.3_uniform_sqlite-3.31.1_run1,v3.3_uniform,sqlite-3.31.1,1,149,13103,12,22319
v3.3_uniform_sqlite-3.31.1_run1,v3.3_uniform,sqlite-3.31.1,1,150,13105,12,22594
v3.3_uniform_sqlite-3.31.1_run1,v3.3_uniform,sqlite-3.31.1,1,151,13105,12,22594
v3.3_uniform_sqlite-3.31.1_run1,v3.3_uniform,sqlite-3.31.1,1,152,13181,12,22594
v3.3_uniform_sqlite-3.31.1_run1,v3.3_uniform,sqlite-3.31.1,1,153,13368,12,22594
v3.3_uniform_sqlite-3.31.1_run1,v3.3_uniform,sqlite-3.31.1,1,154,13524,12,22594
v3.3_uniform_sqlite-3.31.1_run1,v3.3_uniform,sqlite-3.31.1,1,155,13539,12,22594
v3.3_uniform_sqlite-3.31.1_run1,v3.3_uniform,sqlite-3.31.1,1,156,13616,12,22594
v3.3_uniform_sqlite-3.31.1_run1,v3.3_uniform,sqlite-3.31.1,1,157,13616,12,23641
v3.3_uniform_sqlite-3.31.1_run1,v3.3_uniform,sqlite-3.31.1,1,158,13617,12,23900
v3.3_uniform_sqlite-3.31.1_run1,v3.3_uniform,sqlite-3.31.1,1,159,13617,12,23977
v3.3_uniform_sqlite-3.31.1_run1,v3.3_uniform,sqlite-3.31.1,1,160,13710,12,24239
v3.3_uniform_sqlite-3.31.1_run1,v3.3_uniform,sqlite-3.31.1,1,161,13710,12,24523
v3.3_uniform_sqlite-3.31.1_run1,v3.3_uniform,sqlite-3.31.1,1,162,13715,12,24896
v3.3_uniform_sqlite-3.31.1_run1,v3.3_uniform,sqlite-3.31.1,1,163,13718,12,25140
v3.3_uniform_sqlite-3.31.1_run1,v3.3_uniform,sqlite-3.31.1,1,164,13722,12,25455
v3.3_uniform_sqlite-3.31.1_run1,v3.3_uniform,sqlite-3.31.1,1,165,13722,12,25494
v3.3_uniform_sqlite-3.31.1_run1,v3.3_uniform,sqlite-3.31.1,1,166,13722,12,25900
v3.3_uniform_sqlite-3.31.1_run1,v3.3_uniform,sqlite-3.31.1,1,167,13722,12,26304
v3.3_uniform_sqlite-3.31.1_run1,v3.3_uniform,sqlite-3.31.1,1,168,13722,12,26480
v3.3_uniform_sqlite-3.31.1_run1,v3.3_uniform,sqlite-3.31.1,1,169,13722,12,26785
v3.3_uniform_sqlite-3.31.1_run1,v3.3_uniform,sqlite-3.31.1,1,170,13722,12,26979
v3.3_uniform_sqlite-3.31.1_run1,v3.3_uniform,sqlite-3.31.1,1,171,13728,12,27273
v3.3_uniform_sqlite-3.31.1_run1,v3.3_uniform,sqlite-3.31.1,1,172,13728,12,27273
v3.3_uniform_sqlite-3.31.1_run1,v3.3_uniform,sqlite-3.31.1,1,173,13728,12,27273
v3.3_uniform_sqlite-3.31.1_run1,v3.3_uniform,sqlite-3.31.1,1,174,13728,12,27273
v3.3_uniform_sqlite-3.31.1_run1,v3.3_uniform,sqlite-3.31.1,1,175,13728,12,27273
v3.3_uniform_sqlite-3.31.1_run1,v3.3_uniform,sqlite-3.31.1,1,176,13728,12,27273
v3.3_uniform_sqlite-3.31.1_run1,v3.3_uniform,sqlite-3.31.1,1,177,13728,12,27273
v3.3_uniform_sqlite-3.31.1_run1,v3.3_uniform,sqlite-3.31.1,1,178,13728,12,27273
v3.3_uniform_sqlite-3.31.1_run1,v3.3_uniform,sqlite-3.31.1,1,179,13728,12,27273
v3.3_uniform_sqlite-3.31.1_run1,v3.3_uniform,sqlite-3.31.1,1,180,13728,12,27273
v3.3_uniform_sqlite-3.31.1_run1,v3.3_uniform,sqlite-3.31.1,1,181,13728,12,27273
v3.3_uniform_sqlite-3.31.1_run1,v3.3_uniform,sqlite-3.31.1,1,182,13728,12,27273
v3.3_uniform_sqlite-3.31.1_run1,v3.3_uniform,sqlite-3.31.1,1,183,13728,12,27273
v3.3_uniform_sqlite-3.31.1_run1,v3.3_uniform,sqlite-3.31.1,1,184,13728,12,27471
v3.3_uniform_sqlite-3.31.1_run1,v3.3_uniform,sqlite-3.31.1,1,185,13728,12,27710
v3.3_uniform_sqlite-3.31.1_run1,v3.3_uniform,sqlite-3.31.1,1,186,13728,12,27918
v3.3_uniform_sqlite-3.31.1_run1,v3.3_uniform,sqlite-3.31.1,1,187,13728,12,28111
v3.3_uniform_sqlite-3.31.1_run1,v3.3_uniform,sqlite-3.31.1,1,188,13729,12,28458
v3.3_uniform_sqlite-3.31.1_run1,v3.3_uniform,sqlite-3.31.1,1,189,13731,12,28666
v3.3_uniform_sqlite-3.31.1_run1,v3.3_uniform,sqlite-3.31.1,1,190,13731,12,29239
v3.3_uniform_sqlite-3.31.1_run1,v3.3_uniform,sqlite-3.31.1,1,191,13731,12,29347
v3.3_uniform_sqlite-3.31.1_run1,v3.3_uniform,sqlite-3.31.1,1,192,13731,12,29722
v3.3_uniform_sqlite-3.31.1_run1,v3.3_uniform,sqlite-3.31.1,1,193,13731,12,29722
v3.3_uniform_sqlite-3.31.1_run1,v3.3_uniform,sqlite-3.31.1,1,194,13745,12,29722
v3.3_uniform_sqlite-3.31.1_run1,v3.3_uniform,sqlite-3.31.1,1,195,13752,12,29722
v3.3_uniform_sqlite-3.31.1_run1,v3.3_uniform,sqlite-3.31.1,1,196,13752,12,29722
v3.3_uniform_sqlite-3.31.1_run1,v3.3_uniform,sqlite-3.31.1,1,197,13816,12,29722
v3.3_uniform_sqlite-3.31.1_run1,v3.3_uniform,sqlite-3.31.1,1,198,13817,12,29722
v3.3_uniform_sqlite-3.31.1_run1,v3.3_uniform,sqlite-3.31.1,1,199,13822,12,29722
v3.3_uniform_sqlite-3.31.1_run1,v3.3_uniform,sqlite-3.31.1,1,200,13825,12,30848
v3.3_uniform_sqlite-3.31.1_run1,v3.3_uniform,sqlite-3.31.1,1,201,13825,12,31101
v3.3_uniform_sqlite-3.31.1_run1,v3.3_uniform,sqlite-3.31.1,1,202,13825,12,31255
v3.3_uniform_sqlite-3.31.1_run1,v3.3_uniform,sqlite-3.31.1,1,203,13830,12,31667
v3.3_uniform_sqlite-3.31.1_run1,v3.3_uniform,sqlite-3.31.1,1,204,13831,12,32081
v3.3_uniform_sqlite-3.31.1_run1,v3.3_uniform,sqlite-3.31.1,1,205,13831,12,32212
v3.3_uniform_sqlite-3.31.1_run1,v3.3_uniform,sqlite-3.31.1,1,206,13831,12,32418
v3.3_uniform_sqlite-3.31.1_run1,v3.3_uniform,sqlite-3.31.1,1,207,13831,12,32622
v3.3_uniform_sqlite-3.31.1_run1,v3.3_uniform,sqlite-3.31.1,1,208,13832,12,32829
v3.3_uniform_sqlite-3.31.1_run1,v3.3_uniform,sqlite-3.31.1,1,209,13832,12,32829
v3.3_uniform_sqlite-3.31.1_run1,v3.3_uniform,sqlite-3.31.1,1,210,13832,12,32829
v3.3_uniform_sqlite-3.31.1_run1,v3.3_uniform,sqlite-3.31.1,1,211,13832,12,32829
v3.3_uniform_sqlite-3.31.1_run1,v3.3_uniform,sqlite-3.31.1,1,212,13832,12,32829
v3.3_uniform_sqlite-3.31.1_run1,v3.3_uniform,sqlite-3.31.1,1,213,13832,12,32829
v3.3_uniform_sqlite-3.31.1_run1,v3.3_uniform,sqlite-3.31.1,1,214,13832,12,32829
v3.3_uniform_sqlite-3.31.1_run1,v3.3_uniform,sqlite-3.31.1,1,215,13832,12,32829
v3.3_uniform_sqlite-3.31.1_run1,v3.3_uniform,sqlite-3.31.1,1,216,13832,12,32829
v3.3_uniform_sqlite-3.31.1_run1,v3.3_uniform,sqlite-3.31.1,1,217,13832,12,32829
v3.3_uniform_sqlite-3.31.1_run1,v3.3_uniform,sqlite-3.31.1,1,218,13832,12,32829
v3.3_uniform_sqlite-3.31.1_run1,v3.3_uniform,sqlite-3.31.1,1,219,13832,12,32829
v3.3_uniform_sqlite-3.31.1_run1,v3.3_uniform,sqlite-3.31.1,1,220,13832,12,32829
v3.3_uniform_sqlite-3.31.1_run1,v3.3_uniform,sqlite-3.31.1,1,221,13832,12,32829
v3.3_uniform_sqlite-3.31.1_run1,v3.3_uniform,sqlite-3.31.1,1,222,13832,12,33103
v3.3_uniform_sqlite-3.31.1_run1,v3.3_uniform,sqlite-3.31.1,1,223,13832,12,33339
v3.3_uniform_sqlite-3.31.1_run1,v3.3_uniform,sqlite-3.31.1,1,224,13832,12,33732
v3.3_uniform_sqlite-3.31.1_run1,v3.3_uniform,sqlite-3.31.1,1,225,13832,12,33931
v3.3_uniform_sqlite-3.31.1_run1,v3.3_uniform,sqlite-3.31.1,1,226,13832,12,34130
v3.3_uniform_sqlite-3.31.1_run1,v3.3_uniform,sqlite-3.31.1,1,227,13832,12,34549
v3.3_uniform_sqlite-3.31.1_run1,v3.3_uniform,sqlite-3.31.1,1,228,13901,12,34808
v3.3_uniform_sqlite-3.31.1_run1,v3.3_uniform,sqlite-3.31.1,1,229,13901,12,35172
v3.3_uniform_sqlite-3.31.1_run1,v3.3_uniform,sqlite-3.31.1,1,230,13902,12,35347
v3.3_uniform_sqlite-3.31.1_run1,v3.3_uniform,sqlite-3.31.1,1,231,13948,12,35577
v3.3_uniform_sqlite-3.31.1_run1,v3.3_uniform,sqlite-3.31.1,1,232,13948,12,35882
v3.3_uniform_sqlite-3.31.1_run1,v3.3_uniform,sqlite-3.31.1,1,233,13948,13,36091
v3.3_uniform_sqlite-3.31.1_run1,v3.3_uniform,sqlite-3.31.1,1,234,13948,13,36091
v3.3_uniform_sqlite-3.31.1_run1,v3.3_uniform,sqlite-3.31.1,1,235,13948,13,36091
v3.3_uniform_sqlite-3.31.1_run1,v3.3_uniform,sqlite-3.31.1,1,236,13948,13,36091
v3.3_uniform_sqlite-3.31.1_run1,v3.3_uniform,sqlite-3.31.1,1,237,13948,13,36217
v3.3_uniform_sqlite-3.31.1_run1,v3.3_uniform,sqlite-3.31.1,1,238,13948,13,36430
v3.3_uniform_sqlite-3.31.1_run1,v3.3_uniform,sqlite-3.31.1,1,239,13948,13,36697
v3.3_uniform_sqlite-3.31.1_run1,v3.3_uniform,sqlite-3.31.1,1,240,14004,14,36697
v3.3_uniform_sqlite-3.31.1_run1,v3.3_uniform,sqlite-3.31.1,1,241,14004,14,36697
v3.3_uniform_sqlite-3.31.1_run1,v3.3_uniform,sqlite-3.31.1,1,242,14073,14,36697
v3.3_uniform_sqlite-3.31.1_run1,v3.3_uniform,sqlite-3.31.1,1,243,14074,14,36697
v3.3_uniform_sqlite-3.31.1_run1,v3.3_uniform,sqlite-3.31.1,1,244,14079,14,36697
v3.3_uniform_sqlite-3.31.1_run1,v3.3_uniform,sqlite-3.31.1,1,245,14091,15,36697
v3.3_uniform_sqlite-3.31.1_run1,v3.3_uniform,sqlite-3.31.1,1,246,14091,15,37823
v3.3_uniform_sqlite-3.31.1_run1,v3.3_uniform,sqlite-3.31.1,1,247,14091,15,38051
v3.3_uniform_sqlite-3.31.1_run1,v3.3_uniform,sqlite-3.31.1,1,248,14091,15,38181
v3.3_uniform_sqlite-3.31.1_run1,v3.3_uniform,sqlite-3.31.1,1,249,14091,15,38181
v3.3_uniform_sqlite-3.31.1_run1,v3.3_uniform,sqlite-3.31.1,1,250,14091,15,38181
v3.3_uniform_sqlite-3.31.1_run1,v3.3_uniform,sqlite-3.31.1,1,251,14312,15,38465
v3.3_uniform_sqlite-3.31.1_run1,v3.3_uniform,sqlite-3.31.1,1,252,14313,15,38722
v3.3_uniform_sqlite-3.31.1_run1,v3.3_uniform,sqlite-3.31.1,1,253,14318,15,38866
v3.3_uniform_sqlite-3.31.1_run1,v3.3_uniform,sqlite-3.31.1,1,254,14318,15,39152
v3.3_uniform_sqlite-3.31.1_run1,v3.3_uniform,sqlite-3.31.1,1,255,14318,15,39253
v3.3_uniform_sqlite-3.31.1_run1,v3.3_uniform,sqlite-3.31.1,1,256,14318,15,39630
v3.3_uniform_sqlite-3.31.1_run1,v3.3_uniform,sqlite-3.31.1,1,257,14318,15,39834
v3.3_uniform_sqlite-3.31.1_run1,v3.3_uniform,sqlite-3.31.1,1,258,14323,15,40243
v3.3_uniform_sqlite-3.31.1_run1,v3.3_uniform,sqlite-3.31.1,1,259,14323,15,40440
v3.3_uniform_sqlite-3.31.1_run1,v3.3_uniform,sqlite-3.31.1,1,260,14323,15,40857
v3.3_uniform_sqlite-3.31.1_run1,v3.3_uniform,sqlite-3.31.1,1,261,14323,15,41081
v3.3_uniform_sqlite-3.31.1_run1,v3.3_uniform,sqlite-3.31.1,1,262,14323,15,41396
v3.3_uniform_sqlite-3.31.1_run1,v3.3_uniform,sqlite-3.31.1,1,263,14323,15,41396
v3.3_uniform_sqlite-3.31.1_run1,v3.3_uniform,sqlite-3.31.1,1,264,14323,15,41396
v3.3_uniform_sqlite-3.31.1_run1,v3.3_uniform,sqlite-3.31.1,1,265,14323,15,41396
v3.3_uniform_sqlite-3.31.1_run1,v3.3_uniform,sqlite-3.31.1,1,266,14323,15,41396
v3.3_uniform_sqlite-3.31.1_run1,v3.3_uniform,sqlite-3.31.1,1,267,14323,15,41396
v3.3_uniform_sqlite-3.31.1_run1,v3.3_uniform,sqlite-3.31.1,1,268,14323,15,41396
v3.3_uniform_sqlite-3.31.1_run1,v3.3_uniform,sqlite-3.31.1,1,269,14323,15,41396
v3.3_uniform_sqlite-3.31.1_run1,v3.3_uniform,sqlite-3.31.1,1,270,14323,15,41396
v3.3_uniform_sqlite-3.31.1_run1,v3.3_uniform,sqlite-3.31.1,1,271,14323,15,41396
v3.3_uniform_sqlite-3.31.1_run1,v3.3_uniform,sqlite-3.31.1,1,272,14323,15,41396
v3.3_uniform_sqlite-3.31.1_run1,v3.3_uniform,sqlite-3.31.1,1,273,14323,15,41396
v3.3_uniform_sqlite-3.31.1_run1,v3.3_uniform,sqlite-3.31.1,1,274,14323,15,41396
v3.3_uniform_sqlite-3.31.1_run1,v3.3_uniform,sqlite-3.31.1,1,275,14323,15,41396
v3.3_uniform_sqlite-3.31.1_run1,v3.3_uniform,sqlite-3.31.1,1,276,14323,15,41715
v3.3_uniform_sqlite-3.31.1_run1,v3.3_uniform,sqlite-3.31.1,1,277,14325,15,41822
v3.3_uniform_sqlite-3.31.1_run1,v3.3_uniform,sqlite-3.31.1,1,278,14325,15,42033
v3.3_uniform_sqlite-3.31.1_run1,v3.3_uniform,sqlite-3.31.1,1,279,14390,15,42235
v3.3_uniform_sqlite-3.31.1_run1,v3.3_uniform,sqlite-3.31.1,1,280,14390,15,42590
v3.3_uniform_sqlite-3.31.1_run1,v3.3_uniform,sqlite-3.31.1,1,281,14390,15,43012
v3.3_uniform_sqlite-3.31.1_run1,v3.3_uniform,sqlite-3.31.1,1,282,14390,15,43423
v3.3_uniform_sqlite-3.31.1_run1,v3.3_uniform,sqlite-3.31.1,1,283,14390,15,43679
v3.3_uniform_sqlite-3.31.1_run1,v3.3_uniform,sqlite-3.31.1,1,284,14390,15,43851
v3.3_uniform_sqlite-3.31.1_run1,v3.3_uniform,sqlite-3.31.1,1,285,14427,15,44071
v3.3_uniform_sqlite-3.31.1_run1,v3.3_uniform,sqlite-3.31.1,1,286,14430,16,44071
v3.3_uniform_sqlite-3.31.1_run1,v3.3_uniform,sqlite-3.31.1,1,287,14430,17,44071
v3.3_uniform_sqlite-3.31.1_run1,v3.3_uniform,sqlite-3.31.1,1,288,14430,17,44071
v3.3_uniform_sqlite-3.31.1_run1,v3.3_uniform,sqlite-3.31.1,1,289,14430,17,44071
v3.3_uniform_sqlite-3.31.1_run1,v3.3_uniform,sqlite-3.31.1,1,290,14433,17,44071
v3.3_uniform_sqlite-3.31.1_run1,v3.3_uniform,sqlite-3.31.1,1,291,14435,17,45185
v3.3_uniform_sqlite-3.31.1_run1,v3.3_uniform,sqlite-3.31.1,1,292,14435,17,45331
v3.3_uniform_sqlite-3.31.1_run1,v3.3_uniform,sqlite-3.31.1,1,293,14435,17,45621
v3.3_uniform_sqlite-3.31.1_run1,v3.3_uniform,sqlite-3.31.1,1,294,14436,17,45955
v3.3_uniform_sqlite-3.31.1_run1,v3.3_uniform,sqlite-3.31.1,1,295,14436,17,46376
v3.3_uniform_sqlite-3.31.1_run1,v3.3_uniform,sqlite-3.31.1,1,296,14449,17,46725
v3.3_uniform_sqlite-3.31.1_run1,v3.3_uniform,sqlite-3.31.1,1,297,14449,17,46940
v3.3_uniform_sqlite-3.31.1_run1,v3.3_uniform,sqlite-3.31.1,1,298,14449,17,47145
v3.3_uniform_sqlite-3.31.1_run1,v3.3_uniform,sqlite-3.31.1,1,299,14449,17,47345
v3.3_uniform_sqlite-3.31.1_run1,v3.3_uniform,sqlite-3.31.1,1,300,14449,17,47345
v3.3_uniform_sqlite-3.31.1_run1,v3.3_uniform,sqlite-3.31.1,1,301,14449,17,47345
v3.3_uniform_sqlite-3.31.1_run1,v3.3_uniform,sqlite-3.31.1,1,302,14449,17,47345
v3.3_uniform_sqlite-3.31.1_run1,v3.3_uniform,sqlite-3.31.1,1,303,14449,17,47345
v3.3_uniform_sqlite-3.31.1_run1,v3.3_uniform,sqlite-3.31.1,1,304,14449,17,47345
v3.3_uniform_sqlite-3.31.1_run1,v3.3_uniform,sqlite-3.31.1,1,305,14449,17,47345
v3.3_uniform_sqlite-3.31.1_run1,v3.3_uniform,sqlite-3.31.1,1,306,14449,17,47345
v3.3_uniform_sqlite-3.31.1_run1,v3.3_uniform,sqlite-3.31.1,1,307,14449,17,47345
v3.3_uniform_sqlite-3.31.1_run1,v3.3_uniform,sqlite-3.31.1,1,308,14449,17,47345
v3.3_uniform_sqlite-3.31.1_run1,v3.3_uniform,sqlite-3.31.1,1,309,14449,17,47345
v3.3_uniform_sqlite-3.31.1_run1,v3.3_uniform,sqlite-3.31.1,1,310,14449,17,47345
v3.3_uniform_sqlite-3.31.1_run1,v3.3_uniform,sqlite-3.31.1,1,311,14449,17,47345
v3.3_uniform_sqlite-3.31.1_run1,v3.3_uniform,sqlite-3.31.1,1,312,14449,17,47544
v3.3_uniform_sqlite-3.31.1_run1,v3.3_uniform,sqlite-3.31.1,1,313,14449,17,47886
v3.3_uniform_sqlite-3.31.1_run1,v3.3_uniform,sqlite-3.31.1,1,314,14449,17,48135
v3.3_uniform_sqlite-3.31.1_run1,v3.3_uniform,sqlite-3.31.1,1,315,14449,17,48300
v3.3_uniform_sqlite-3.31.1_run1,v3.3_uniform,sqlite-3.31.1,1,316,14450,17,48710
v3.3_uniform_sqlite-3.31.1_run1,v3.3_uniform,sqlite-3.31.1,1,317,14450,17,48920
v3.3_uniform_sqlite-3.31.1_run1,v3.3_uniform,sqlite-3.31.1,1,318,14450,17,49349
v3.3_uniform_sqlite-3.31.1_run1,v3.3_uniform,sqlite-3.31.1,1,319,14455,17,49613
v3.3_uniform_sqlite-3.31.1_run1,v3.3_uniform,sqlite-3.31.1,1,320,14455,17,49977
v3.3_uniform_sqlite-3.31.1_run1,v3.3_uniform,sqlite-3.31.1,1,321,14455,17,50144
v3.3_uniform_sqlite-3.31.1_run1,v3.3_uniform,sqlite-3.31.1,1,322,14455,17,50278
v3.3_uniform_sqlite-3.31.1_run1,v3.3_uniform,sqlite-3.31.1,1,323,14455,17,50540
v3.3_uniform_sqlite-3.31.1_run1,v3.3_uniform,sqlite-3.31.1,1,324,14455,17,50761
v3.3_uniform_sqlite-3.31.1_run1,v3.3_uniform,sqlite-3.31.1,1,325,14455,17,50761
v3.3_uniform_sqlite-3.31.1_run1,v3.3_uniform,sqlite-3.31.1,1,326,14455,17,50761
v3.3_uniform_sqlite-3.31.1_run1,v3.3_uniform,sqlite-3.31.1,1,327,14455,17,50761
v3.3_uniform_sqlite-3.31.1_run1,v3.3_uniform,sqlite-3.31.1,1,328,14455,17,50985
v3.3_uniform_sqlite-3.31.1_run1,v3.3_uniform,sqlite-3.31.1,1,329,14455,17,51088
v3.3_uniform_sqlite-3.31.1_run1,v3.3_uniform,sqlite-3.31.1,1,330,14455,17,51342
v3.3_uniform_sqlite-3.31.1_run1,v3.3_uniform,sqlite-3.31.1,1,331,14528,17,51458
v3.3_uniform_sqlite-3.31.1_run1,v3.3_uniform,sqlite-3.31.1,1,332,14618,17,51458
v3.3_uniform_sqlite-3.31.1_run1,v3.3_uniform,sqlite-3.31.1,1,333,14618,17,51458
v3.3_uniform_sqlite-3.31.1_run1,v3.3_uniform,sqlite-3.31.1,1,334,14622,18,51458
v3.3_uniform_sqlite-3.31.1_run1,v3.3_uniform,sqlite-3.31.1,1,335,14622,18,51458
v3.3_uniform_sqlite-3.31.1_run1,v3.3_uniform,sqlite-3.31.1,1,336,14638,18,52446
v3.3_uniform_sqlite-3.31.1_run1,v3.3_uniform,sqlite-3.31.1,1,337,14638,18,52555
v3.3_uniform_sqlite-3.31.1_run1,v3.3_uniform,sqlite-3.31.1,1,338,14638,19,52885
v3.3_uniform_sqlite-3.31.1_run1,v3.3_uniform,sqlite-3.31.1,1,339,14638,20,52885
v3.3_uniform_sqlite-3.31.1_run1,v3.3_uniform,sqlite-3.31.1,1,340,14638,20,52885
v3.3_uniform_sqlite-3.31.1_run1,v3.3_uniform,sqlite-3.31.1,1,341,14639,20,52958
v3.3_uniform_sqlite-3.31.1_run1,v3.3_uniform,sqlite-3.31.1,1,342,14639,20,53212
v3.3_uniform_sqlite-3.31.1_run1,v3.3_uniform,sqlite-3.31.1,1,343,14639,21,53529
v3.3_uniform_sqlite-3.31.1_run1,v3.3_uniform,sqlite-3.31.1,1,344,14639,21,53772
v3.3_uniform_sqlite-3.31.1_run1,v3.3_uniform,sqlite-3.31.1,1,345,14639,21,53971
v3.3_uniform_sqlite-3.31.1_run1,v3.3_uniform,sqlite-3.31.1,1,346,14639,21,54304
v3.3_uniform_sqlite-3.31.1_run1,v3.3_uniform,sqlite-3.31.1,1,347,14639,21,54546
v3.3_uniform_sqlite-3.31.1_run1,v3.3_uniform,sqlite-3.31.1,1,348,14639,22,54761
v3.3_uniform_sqlite-3.31.1_run1,v3.3_uniform,sqlite-3.31.1,1,349,14639,22,55164
v3.3_uniform_sqlite-3.31.1_run1,v3.3_uniform,sqlite-3.31.1,1,350,14644,22,55385
v3.3_uniform_sqlite-3.31.1_run1,v3.3_uniform,sqlite-3.31.1,1,351,14644,22,55629
v3.3_uniform_sqlite-3.31.1_run1,v3.3_uniform,sqlite-3.31.1,1,352,14655,22,55940
v3.3_uniform_sqlite-3.31.1_run1,v3.3_uniform,sqlite-3.31.1,1,353,14655,22,55940
v3.3_uniform_sqlite-3.31.1_run1,v3.3_uniform,sqlite-3.31.1,1,354,14655,22,55940
v3.3_uniform_sqlite-3.31.1_run1,v3.3_uniform,sqlite-3.31.1,1,355,14655,22,55940
v3.3_uniform_sqlite-3.31.1_run1,v3.3_uniform,sqlite-3.31.1,1,356,14655,22,55940
v3.3_uniform_sqlite-3.31.1_run1,v3.3_uniform,sqlite-3.31.1,1,357,14655,22,55940
v3.3_uniform_sqlite-3.31.1_run1,v3.3_uniform,sqlite-3.31.1,1,358,14655,22,55940
v3.3_uniform_sqlite-3.31.1_run1,v3.3_uniform,sqlite-3.31.1,1,359,14655,22,55940
v3.3_uniform_sqlite-3.31.1_run1,v3.3_uniform,sqlite-3.31.1,1,360,14655,22,55940
v3.3_uniform_sqlite-3.31.1_run1,v3.3_uniform,sqlite-3.31.1,1,361,14655,22,55940
v3.3_uniform_sqlite-3.31.1_run1,v3.3_uniform,sqlite-3.31.1,1,362,14655,22,55940
v3.3_uniform_sqlite-3.31.1_run1,v3.3_uniform,sqlite-3.31.1,1,363,14655,22,55940
v3.3_uniform_sqlite-3.31.1_run1,v3.3_uniform,sqlite-3.31.1,1,364,14655,22,55940
v3.3_uniform_sqlite-3.31.1_run1,v3.3_uniform,sqlite-3.31.1,1,365,14655,22,55940
v3.3_uniform_sqlite-3.31.1_run1,v3.3_uniform,sqlite-3.31.1,1,366,14655,22,56360
v3.3_uniform_sqlite-3.31.1_run1,v3.3_uniform,sqlite-3.31.1,1,367,14655,22,56569
v3.3_uniform_sqlite-3.31.1_run1,v3.3_uniform,sqlite-3.31.1,1,368,14655,22,56781
v3.3_uniform_sqlite-3.31.1_run1,v3.3_uniform,sqlite-3.31.1,1,369,14655,22,57155
v3.3_uniform_sqlite-3.31.1_run1,v3.3_uniform,sqlite-3.31.1,1,370,14655,22,57357
v3.3_uniform_sqlite-3.31.1_run1,v3.3_uniform,sqlite-3.31.1,1,371,14669,22,57922
v3.3_uniform_sqlite-3.31.1_run1,v3.3_uniform,sqlite-3.31.1,1,372,14670,22,58042
v3.3_uniform_sqlite-3.31.1_run1,v3.3_uniform,sqlite-3.31.1,1,373,14670,22,58413
v3.3_uniform_sqlite-3.31.1_run1,v3.3_uniform,sqlite-3.31.1,1,374,14670,22,58863
v3.3_uniform_sqlite-3.31.1_run1,v3.3_uniform,sqlite-3.31.1,1,375,14670,23,58863
v3.3_uniform_sqlite-3.31.1_run1,v3.3_uniform,sqlite-3.31.1,1,376,14670,23,58863
v3.3_uniform_sqlite-3.31.1_run1,v3.3_uniform,sqlite-3.31.1,1,377,14671,23,58863
v3.3_uniform_sqlite-3.31.1_run1,v3.3_uniform,sqlite-3.31.1,1,378,14671,23,58863
v3.3_uniform_sqlite-3.31.1_run1,v3.3_uniform,sqlite-3.31.1,1,379,14674,23,58863
v3.3_uniform_sqlite-3.31.1_run1,v3.3_uniform,sqlite-3.31.1,1,380,14674,23,58863
v3.3_uniform_sqlite-3.31.1_run1,v3.3_uniform,sqlite-3.31.1,1,381,14676,23,60050
v3.3_uniform_sqlite-3.31.1_run1,v3.3_uniform,sqlite-3.31.1,1,382,14676,23,60333
v3.3_uniform_sqlite-3.31.1_run1,v3.3_uniform,sqlite-3.31.1,1,383,14677,23,60691
v3.3_uniform_sqlite-3.31.1_run1,v3.3_uniform,sqlite-3.31.1,1,384,14677,24,60792
v3.3_uniform_sqlite-3.31.1_run1,v3.3_uniform,sqlite-3.31.1,1,385,14677,24,61167
v3.3_uniform_sqlite-3.31.1_run1,v3.3_uniform,sqlite-3.31.1,1,386,14677,24,61569
v3.3_uniform_sqlite-3.31.1_run1,v3.3_uniform,sqlite-3.31.1,1,387,14677,24,61924
v3.3_uniform_sqlite-3.31.1_run1,v3.3_uniform,sqlite-3.31.1,1,388,14677,24,62120
v3.3_uniform_sqlite-3.31.1_run1,v3.3_uniform,sqlite-3.31.1,1,389,14677,24,62553
v3.3_uniform_sqlite-3.31.1_run1,v3.3_uniform,sqlite-3.31.1,1,390,14677,24,62553
v3.3_uniform_sqlite-3.31.1_run1,v3.3_uniform,sqlite-3.31.1,1,391,14677,24,62553
v3.3_uniform_sqlite-3.31.1_run1,v3.3_uniform,sqlite-3.31.1,1,392,14677,24,62553
v3.3_uniform_sqlite-3.31.1_run1,v3.3_uniform,sqlite-3.31.1,1,393,14677,24,62553
v3.3_uniform_sqlite-3.31.1_run1,v3.3_uniform,sqlite-3.31.1,1,394,14677,24,62553
v3.3_uniform_sqlite-3.31.1_run1,v3.3_uniform,sqlite-3.31.1,1,395,14677,24,62553
v3.3_uniform_sqlite-3.31.1_run1,v3.3_uniform,sqlite-3.31.1,1,396,14677,24,62553
v3.3_uniform_sqlite-3.31.1_run1,v3.3_uniform,sqlite-3.31.1,1,397,14677,24,62553
v3.3_uniform_sqlite-3.31.1_run1,v3.3_uniform,sqlite-3.31.1,1,398,14677,24,62553
v3.3_uniform_sqlite-3.31.1_run1,v3.3_uniform,sqlite-3.31.1,1,399,14677,24,62553
v3.3_uniform_sqlite-3.31.1_run1,v3.3_uniform,sqlite-3.31.1,1,400,14677,24,62553
v3.3_uniform_sqlite-3.31.1_run1,v3.3_uniform,sqlite-3.31.1,1,401,14677,24,62553
v3.3_uniform_sqlite-3.31.1_run1,v3.3_uniform,sqlite-3.31.1,1,402,14677,24,62553
v3.3_uniform_sqlite-3.31.1_run1,v3.3_uniform,sqlite-3.31.1,1,403,14677,24,62825
v3.3_uniform_sqlite-3.31.1_run1,v3.3_uniform,sqlite-3.31.1,1,404,14677,24,63126
v3.3_uniform_sqlite-3.31.1_run1,v3.3_uniform,sqlite-3.31.1,1,405,14677,24,63443
v3.3_uniform_sqlite-3.31.1_run1,v3.3_uniform,sqlite-3.31.1,1,406,14677,24,63616
v3.3_uniform_sqlite-3.31.1_run1,v3.3_uniform,sqlite-3.31.1,1,407,14677,24,64031
v3.3_uniform_sqlite-3.31.1_run1,v3.3_uniform,sqlite-3.31.1,1,408,14677,24,64233
v3.3_uniform_sqlite-3.31.1_run1,v3.3_uniform,sqlite-3.31.1,1,409,14677,24,64674
v3.3_uniform_sqlite-3.31.1_run1,v3.3_uniform,sqlite-3.31.1,1,410,14677,24,64940
v3.3_uniform_sqlite-3.31.1_run1,v3.3_uniform,sqlite-3.31.1,1,411,14677,24,65186
v3.3_uniform_sqlite-3.31.1_run1,v3.3_uniform,sqlite-3.31.1,1,412,14677,24,65471
v3.3_uniform_sqlite-3.31.1_run1,v3.3_uniform,sqlite-3.31.1,1,413,14677,24,65794
v3.3_uniform_sqlite-3.31.1_run1,v3.3_uniform,sqlite-3.31.1,1,414,14677,24,66050
v3.3_uniform_sqlite-3.31.1_run1,v3.3_uniform,sqlite-3.31.1,1,415,14677,24,66268
v3.3_uniform_sqlite-3.31.1_run1,v3.3_uniform,sqlite-3.31.1,1,416,14677,24,66268
v3.3_uniform_sqlite-3.31.1_run1,v3.3_uniform,sqlite-3.31.1,1,417,14677,24,66268
v3.3_uniform_sqlite-3.31.1_run1,v3.3_uniform,sqlite-3.31.1,1,418,14677,24,66268
v3.3_uniform_sqlite-3.31.1_run1,v3.3_uniform,sqlite-3.31.1,1,419,14677,24,66491
v3.3_uniform_sqlite-3.31.1_run1,v3.3_uniform,sqlite-3.31.1,1,420,14677,24,66809
v3.3_uniform_sqlite-3.31.1_run1,v3.3_uniform,sqlite-3.31.1,1,421,14680,24,66993
v3.3_uniform_sqlite-3.31.1_run1,v3.3_uniform,sqlite-3.31.1,1,422,14680,24,66993
v3.3_uniform_sqlite-3.31.1_run1,v3.3_uniform,sqlite-3.31.1,1,423,14684,24,66993
v3.3_uniform_sqlite-3.31.1_run1,v3.3_uniform,sqlite-3.31.1,1,424,14685,24,66993
v3.3_uniform_sqlite-3.31.1_run1,v3.3_uniform,sqlite-3.31.1,1,425,14731,24,66993
v3.3_uniform_sqlite-3.31.1_run1,v3.3_uniform,sqlite-3.31.1,1,426,14738,24,66993
v3.3_uniform_sqlite-3.31.1_run1,v3.3_uniform,sqlite-3.31.1,1,427,14738,24,66993
v3.3_uniform_sqlite-3.31.1_run1,v3.3_uniform,sqlite-3.31.1,1,428,14738,24,68210
v3.3_uniform_sqlite-3.31.1_run1,v3.3_uniform,sqlite-3.31.1,1,429,14738,24,68460
v3.3_uniform_sqlite-3.31.1_run1,v3.3_uniform,sqlite-3.31.1,1,430,14738,25,68611
v3.3_uniform_sqlite-3.31.1_run1,v3.3_uniform,sqlite-3.31.1,1,431,14738,25,68611
v3.3_uniform_sqlite-3.31.1_run1,v3.3_uniform,sqlite-3.31.1,1,432,14738,25,68611
v3.3_uniform_sqlite-3.31.1_run1,v3.3_uniform,sqlite-3.31.1,1,433,14738,25,68875
v3.3_uniform_sqlite-3.31.1_run1,v3.3_uniform,sqlite-3.31.1,1,434,14738,25,69126
v3.3_uniform_sqlite-3.31.1_run1,v3.3_uniform,sqlite-3.31.1,1,435,14738,25,69522
v3.3_uniform_sqlite-3.31.1_run1,v3.3_uniform,sqlite-3.31.1,1,436,14754,25,69754
v3.3_uniform_sqlite-3.31.1_run1,v3.3_uniform,sqlite-3.31.1,1,437,14754,25,69997
v3.3_uniform_sqlite-3.31.1_run1,v3.3_uniform,sqlite-3.31.1,1,438,14754,26,70178
v3.3_uniform_sqlite-3.31.1_run1,v3.3_uniform,sqlite-3.31.1,1,439,14754,26,70593
v3.3_uniform_sqlite-3.31.1_run1,v3.3_uniform,sqlite-3.31.1,1,440,14754,26,70875
v3.3_uniform_sqlite-3.31.1_run1,v3.3_uniform,sqlite-3.31.1,1,441,14754,26,71239
v3.3_uniform_sqlite-3.31.1_run1,v3.3_uniform,sqlite-3.31.1,1,442,14754,26,71613
v3.3_uniform_sqlite-3.31.1_run1,v3.3_uniform,sqlite-3.31.1,1,443,14754,27,71908
v3.3_uniform_sqlite-3.31.1_run1,v3.3_uniform,sqlite-3.31.1,1,444,14754,27,71908
v3.3_uniform_sqlite-3.31.1_run1,v3.3_uniform,sqlite-3.31.1,1,445,14754,27,71908
v3.3_uniform_sqlite-3.31.1_run1,v3.3_uniform,sqlite-3.31.1,1,446,14754,27,71908
v3.3_uniform_sqlite-3.31.1_run1,v3.3_uniform,sqlite-3.31.1,1,447,14754,27,71908
v3.3_uniform_sqlite-3.31.1_run1,v3.3_uniform,sqlite-3.31.1,1,448,14754,27,71908
v3.3_uniform_sqlite-3.31.1_run1,v3.3_uniform,sqlite-3.31.1,1,449,14754,27,71908
v3.3_uniform_sqlite-3.31.1_run1,v3.3_uniform,sqlite-3.31.1,1,450,14754,27,71908
v3.3_uniform_sqlite-3.31.1_run1,v3.3_uniform,sqlite-3.31.1,1,451,14754,27,71908
v3.3_uniform_sqlite-3.31.1_run1,v3.3_uniform,sqlite-3.31.1,1,452,14754,27,71908
v3.3_uniform_sqlite-3.31.1_run1,v3.3_uniform,sqlite-3.31.1,1,453,14754,27,71908
v3.3_uniform_sqlite-3.31.1_run1,v3.3_uniform,sqlite-3.31.1,1,454,14754,27,71908
v3.3_uniform_sqlite-3.31.1_run1,v3.3_uniform,sqlite-3.31.1,1,455,14754,27,71908
v3.3_uniform_sqlite-3.31.1_run1,v3.3_uniform,sqlite-3.31.1,1,456,14754,27,72109
v3.3_uniform_sqlite-3.31.1_run1,v3.3_uniform,sqlite-3.31.1,1,457,14754,28,72333
v3.3_uniform_sqlite-3.31.1_run1,v3.3_uniform,sqlite-3.31.1,1,458,14754,28,72548
v3.3_uniform_sqlite-3.31.1_run1,v3.3_uniform,sqlite-3.31.1,1,459,14754,28,72765
v3.3_uniform_sqlite-3.31.1_run1,v3.3_uniform,sqlite-3.31.1,1,460,14754,29,73211
v3.3_uniform_sqlite-3.31.1_run1,v3.3_uniform,sqlite-3.31.1,1,461,14754,29,73631
v3.3_uniform_sqlite-3.31.1_run1,v3.3_uniform,sqlite-3.31.1,1,462,14756,29,73909
v3.3_uniform_sqlite-3.31.1_run1,v3.3_uniform,sqlite-3.31.1,1,463,14768,29,74197
v3.3_uniform_sqlite-3.31.1_run1,v3.3_uniform,sqlite-3.31.1,1,464,14768,29,74528
v3.3_uniform_sqlite-3.31.1_run1,v3.3_uniform,sqlite-3.31.1,1,465,14773,29,74702
v3.3_uniform_sqlite-3.31.1_run1,v3.3_uniform,sqlite-3.31.1,1,466,14784,29,75039
v3.3_uniform_sqlite-3.31.1_run1,v3.3_uniform,sqlite-3.31.1,1,467,14812,29,75240
v3.3_uniform_sqlite-3.31.1_run1,v3.3_uniform,sqlite-3.31.1,1,468,14812,29,75240
v3.3_uniform_sqlite-3.31.1_run1,v3.3_uniform,sqlite-3.31.1,1,469,14813,29,75240
v3.3_uniform_sqlite-3.31.1_run1,v3.3_uniform,sqlite-3.31.1,1,470,14953,29,75240
v3.3_uniform_sqlite-3.31.1_run1,v3.3_uniform,sqlite-3.31.1,1,471,14953,29,75240
v3.3_uniform_sqlite-3.31.1_run1,v3.3_uniform,sqlite-3.31.1,1,472,14956,29,75240
v3.3_uniform_sqlite-3.31.1_run1,v3.3_uniform,sqlite-3.31.1,1,473,14970,29,76212
v3.3_uniform_sqlite-3.31.1_run1,v3.3_uniform,sqlite-3.31.1,1,474,14971,29,76517
v3.3_uniform_sqlite-3.31.1_run1,v3.3_uniform,sqlite-3.31.1,1,475,14972,29,76726
v3.3_uniform_sqlite-3.31.1_run1,v3.3_uniform,sqlite-3.31.1,1,476,14972,29,77081
v3.3_uniform_sqlite-3.31.1_run1,v3.3_uniform,sqlite-3.31.1,1,477,14972,29,77161
v3.3_uniform_sqlite-3.31.1_run1,v3.3_uniform,sqlite-3.31.1,1,478,14972,30,77394
v3.3_uniform_sqlite-3.31.1_run1,v3.3_uniform,sqlite-3.31.1,1,479,14972,30,77663
v3.3_uniform_sqlite-3.31.1_run1,v3.3_uniform,sqlite-3.31.1,1,480,14972,30,77868
v3.3_uniform_sqlite-3.31.1_run1,v3.3_uniform,sqlite-3.31.1,1,481,14972,30,78345
v3.3_uniform_sqlite-3.31.1_run1,v3.3_uniform,sqlite-3.31.1,1,482,14972,30,78460
v3.3_uniform_sqlite-3.31.1_run1,v3.3_uniform,sqlite-3.31.1,1,483,14972,30,78663
v3.3_uniform_sqlite-3.31.1_run1,v3.3_uniform,sqlite-3.31.1,1,484,14972,30,79085
v3.3_uniform_sqlite-3.31.1_run1,v3.3_uniform,sqlite-3.31.1,1,485,14972,30,79085
v3.3_uniform_sqlite-3.31.1_run1,v3.3_uniform,sqlite-3.31.1,1,486,14972,30,79085
v3.3_uniform_sqlite-3.31.1_run1,v3.3_uniform,sqlite-3.31.1,1,487,14972,30,79085
v3.3_uniform_sqlite-3.31.1_run1,v3.3_uniform,sqlite-3.31.1,1,488,14972,30,79085
v3.3_uniform_sqlite-3.31.1_run1,v3.3_uniform,sqlite-3.31.1,1,489,14972,30,79085
v3.3_uniform_sqlite-3.31.1_run1,v3.3_uniform,sqlite-3.31.1,1,490,14972,30,79085
v3.3_uniform_sqlite-3.31.1_run1,v3.3_uniform,sqlite-3.31.1,1,491,14972,30,79085
v3.3_uniform_sqlite-3.31.1_run1,v3.3_uniform,sqlite-3.31.1,1,492,14972,30,79085
v3.3_uniform_sqlite-3.31.1_run1,v3.3_uniform,sqlite-3.31.1,1,493,14972,30,79085
v3.3_uniform_sqlite-3.31.1_run1,v3.3_uniform,sqlite-3.31.1,1,494,14972,30,79085
v3.3_uniform_sqlite-3.31.1_run1,v3.3_uniform,sqlite-3.31.1,1,495,14972,30,79085
v3.3_uniform_sqlite-3.31.1_run1,v3.3_uniform,sqlite-3.31.1,1,496,14972,30,79085
v3.3_uniform_sqlite-3.31.1_run1,v3.3_uniform,sqlite-3.31.1,1,497,14972,30,79085
v3.3_uniform_sqlite-3.31.1_run1,v3.3_uniform,sqlite-3.31.1,1,498,14972,30,79392
v3.3_uniform_sqlite-3.31.1_run1,v3.3_uniform,sqlite-3.31.1,1,499,14972,30,79645
v3.3_uniform_sqlite-3.31.1_run1,v3.3_uniform,sqlite-3.31.1,1,500,14972,30,79963
v3.3_uniform_sqlite-3.31.1_run1,v3.3_uniform,sqlite-3.31.1,1,501,14972,30,80325
v3.3_uniform_sqlite-3.31.1_run1,v3.3_uniform,sqlite-3.31.1,1,502,14974,30,80529
v3.3_uniform_sqlite-3.31.1_run1,v3.3_uniform,sqlite-3.31.1,1,503,14974,30,80954
v3.3_uniform_sqlite-3.31.1_run1,v3.3_uniform,sqlite-3.31.1,1,504,14974,30,81173
v3.3_uniform_sqlite-3.31.1_run1,v3.3_uniform,sqlite-3.31.1,1,505,14974,30,81441
v3.3_uniform_sqlite-3.31.1_run1,v3.3_uniform,sqlite-3.31.1,1,506,14974,30,81562
v3.3_uniform_sqlite-3.31.1_run1,v3.3_uniform,sqlite-3.31.1,1,507,14974,30,81795
v3.3_uniform_sqlite-3.31.1_run1,v3.3_uniform,sqlite-3.31.1,1,508,14975,30,82174
v3.3_uniform_sqlite-3.31.1_run1,v3.3_uniform,sqlite-3.31.1,1,509,14975,30,82314
v3.3_uniform_sqlite-3.31.1_run1,v3.3_uniform,sqlite-3.31.1,1,510,14977,30,82799
v3.3_uniform_sqlite-3.31.1_run1,v3.3_uniform,sqlite-3.31.1,1,511,14977,30,82799
v3.3_uniform_sqlite-3.31.1_run1,v3.3_uniform,sqlite-3.31.1,1,512,14977,31,82799
v3.3_uniform_sqlite-3.31.1_run1,v3.3_uniform,sqlite-3.31.1,1,513,14977,31,82799
v3.3_uniform_sqlite-3.31.1_run1,v3.3_uniform,sqlite-3.31.1,1,514,14977,31,82799
v3.3_uniform_sqlite-3.31.1_run1,v3.3_uniform,sqlite-3.31.1,1,515,14977,31,82924
v3.3_uniform_sqlite-3.31.1_run1,v3.3_uniform,sqlite-3.31.1,1,516,14977,32,83153
v3.3_uniform_sqlite-3.31.1_run1,v3.3_uniform,sqlite-3.31.1,1,517,14977,32,83416
v3.3_uniform_sqlite-3.31.1_run1,v3.3_uniform,sqlite-3.31.1,1,518,14977,33,83544
v3.3_uniform_sqlite-3.31.1_run1,v3.3_uniform,sqlite-3.31.1,1,519,14977,33,83696
v3.3_uniform_sqlite-3.31.1_run1,v3.3_uniform,sqlite-3.31.1,1,520,14977,33,83696
v3.3_uniform_sqlite-3.31.1_run1,v3.3_uniform,sqlite-3.31.1,1,521,14977,33,83696
v3.3_uniform_sqlite-3.31.1_run1,v3.3_uniform,sqlite-3.31.1,1,522,14977,33,83696
v3.3_uniform_sqlite-3.31.1_run1,v3.3_uniform,sqlite-3.31.1,1,523,14977,33,83696
v3.3_uniform_sqlite-3.31.1_run1,v3.3_uniform,sqlite-3.31.1,1,524,14977,33,83696
v3.3_uniform_sqlite-3.31.1_run1,v3.3_uniform,sqlite-3.31.1,1,525,14980,34,83696
v3.3_uniform_sqlite-3.31.1_run1,v3.3_uniform,sqlite-3.31.1,1,526,14984,34,83696
v3.3_uniform_sqlite-3.31.1_run1,v3.3_uniform,sqlite-3.31.1,1,527,14984,34,84672
v3.3_uniform_sqlite-3.31.1_run1,v3.3_uniform,sqlite-3.31.1,1,528,14984,34,84911
v3.3_uniform_sqlite-3.31.1_run1,v3.3_uniform,sqlite-3.31.1,1,529,14984,34,85107
v3.3_uniform_sqlite-3.31.1_run1,v3.3_uniform,sqlite-3.31.1,1,530,14984,34,85352
v3.3_uniform_sqlite-3.31.1_run1,v3.3_uniform,sqlite-3.31.1,1,531,14984,34,85352
v3.3_uniform_sqlite-3.31.1_run1,v3.3_uniform,sqlite-3.31.1,1,532,14984,34,85352
v3.3_uniform_sqlite-3.31.1_run1,v3.3_uniform,sqlite-3.31.1,1,533,14984,34,85417
v3.3_uniform_sqlite-3.31.1_run1,v3.3_uniform,sqlite-3.31.1,1,534,14984,34,85615
v3.3_uniform_sqlite-3.31.1_run1,v3.3_uniform,sqlite-3.31.1,1,535,14984,35,85675
v3.3_uniform_sqlite-3.31.1_run1,v3.3_uniform,sqlite-3.31.1,1,536,14984,35,85884
v3.3_uniform_sqlite-3.31.1_run1,v3.3_uniform,sqlite-3.31.1,1,537,14984,35,86155
v3.3_uniform_sqlite-3.31.1_run1,v3.3_uniform,sqlite-3.31.1,1,538,14984,35,86305
v3.3_uniform_sqlite-3.31.1_run1,v3.3_uniform,sqlite-3.31.1,1,539,14984,35,86460
v3.3_uniform_sqlite-3.31.1_run1,v3.3_uniform,sqlite-3.31.1,1,540,14984,36,86602
v3.3_uniform_sqlite-3.31.1_run1,v3.3_uniform,sqlite-3.31.1,1,541,14984,36,86948
v3.3_uniform_sqlite-3.31.1_run1,v3.3_uniform,sqlite-3.31.1,1,542,14984,36,87152
v3.3_uniform_sqlite-3.31.1_run1,v3.3_uniform,sqlite-3.31.1,1,543,14984,36,87579
v3.3_uniform_sqlite-3.31.1_run1,v3.3_uniform,sqlite-3.31.1,1,544,14984,36,87931
v3.3_uniform_sqlite-3.31.1_run1,v3.3_uniform,sqlite-3.31.1,1,545,14984,36,87985
v3.3_uniform_sqlite-3.31.1_run1,v3.3_uniform,sqlite-3.31.1,1,546,14984,36,88496
v3.3_uniform_sqlite-3.31.1_run1,v3.3_uniform,sqlite-3.31.1,1,547,14984,36,88609
v3.3_uniform_sqlite-3.31.1_run1,v3.3_uniform,sqlite-3.31.1,1,548,14984,36,88609
v3.3_uniform_sqlite-3.31.1_run1,v3.3_uniform,sqlite-3.31.1,1,549,14984,36,88609
v3.3_uniform_sqlite-3.31.1_run1,v3.3_uniform,sqlite-3.31.1,1,550,14984,36,88609
v3.3_uniform_sqlite-3.31.1_run1,v3.3_uniform,sqlite-3.31.1,1,551,14984,36,88609
v3.3_uniform_sqlite-3.31.1_run1,v3.3_uniform,sqlite-3.31.1,1,552,14984,36,88609
v3.3_uniform_sqlite-3.31.1_run1,v3.3_uniform,sqlite-3.31.1,1,553,14984,36,88609
v3.3_uniform_sqlite-3.31.1_run1,v3.3_uniform,sqlite-3.31.1,1,554,14984,36,88609
v3.3_uniform_sqlite-3.31.1_run1,v3.3_uniform,sqlite-3.31.1,1,555,14984,36,88609
v3.3_uniform_sqlite-3.31.1_run1,v3.3_uniform,sqlite-3.31.1,1,556,14984,36,88609
v3.3_uniform_sqlite-3.31.1_run1,v3.3_uniform,sqlite-3.31.1,1,557,14984,36,88609
v3.3_uniform_sqlite-3.31.1_run1,v3.3_uniform,sqlite-3.31.1,1,558,14984,36,88609
v3.3_uniform_sqlite-3.31.1_run1,v3.3_uniform,sqlite-3.31.1,1,559,14984,36,88609
v3.3_uniform_sqlite-3.31.1_run1,v3.3_uniform,sqlite-3.31.1,1,560,14984,36,88609
v3.3_uniform_sqlite-3.31.1_run1,v3.3_uniform,sqlite-3.31.1,1,561,14984,36,88609
v3.3_uniform_sqlite-3.31.1_run1,v3.3_uniform,sqlite-3.31.1,1,562,14984,36,88609
v3.3_uniform_sqlite-3.31.1_run1,v3.3_uniform,sqlite-3.31.1,1,563,14984,36,88609
v3.3_uniform_sqlite-3.31.1_run1,v3.3_uniform,sqlite-3.31.1,1,564,14984,36,88609
v3.3_uniform_sqlite-3.31.1_run1,v3.3_uniform,sqlite-3.31.1,1,565,14984,36,88609
v3.3_uniform_sqlite-3.31.1_run1,v3.3_uniform,sqlite-3.31.1,1,566,14984,36,88609
v3.3_uniform_sqlite-3.31.1_run1,v3.3_uniform,sqlite-3.31.1,1,567,14984,36,89005
v3.3_uniform_sqlite-3.31.1_run1,v3.3_uniform,sqlite-3.31.1,1,568,14984,36,89132
v3.3_uniform_sqlite-3.31.1_run1,v3.3_uniform,sqlite-3.31.1,1,569,14984,36,89412
v3.3_uniform_sqlite-3.31.1_run1,v3.3_uniform,sqlite-3.31.1,1,570,14984,36,89622
v3.3_uniform_sqlite-3.31.1_run1,v3.3_uniform,sqlite-3.31.1,1,571,14984,36,89783
v3.3_uniform_sqlite-3.31.1_run1,v3.3_uniform,sqlite-3.31.1,1,572,14984,36,90269
v3.3_uniform_sqlite-3.31.1_run1,v3.3_uniform,sqlite-3.31.1,1,573,14984,36,90756
v3.3_uniform_sqlite-3.31.1_run1,v3.3_uniform,sqlite-3.31.1,1,574,14987,36,91052
v3.3_uniform_sqlite-3.31.1_run1,v3.3_uniform,sqlite-3.31.1,1,575,14987,36,91190
v3.3_uniform_sqlite-3.31.1_run1,v3.3_uniform,sqlite-3.31.1,1,576,14987,36,91567
v3.3_uniform_sqlite-3.31.1_run1,v3.3_uniform,sqlite-3.31.1,1,577,14987,36,91896
v3.3_uniform_sqlite-3.31.1_run1,v3.3_uniform,sqlite-3.31.1,1,578,14987,36,92115
v3.3_uniform_sqlite-3.31.1_run1,v3.3_uniform,sqlite-3.31.1,1,579,14989,36,92115
v3.3_uniform_sqlite-3.31.1_run1,v3.3_uniform,sqlite-3.31.1,1,580,14989,36,92115
v3.3_uniform_sqlite-3.31.1_run1,v3.3_uniform,sqlite-3.31.1,1,581,15145,36,92115
v3.3_uniform_sqlite-3.31.1_run1,v3.3_uniform,sqlite-3.31.1,1,582,15145,36,92115
v3.3_uniform_sqlite-3.31.1_run1,v3.3_uniform,sqlite-3.31.1,1,583,15145,36,92115
v3.3_uniform_sqlite-3.31.1_run1,v3.3_uniform,sqlite-3.31.1,1,584,15145,36,92115
v3.3_uniform_sqlite-3.31.1_run1,v3.3_uniform,sqlite-3.31.1,1,585,15156,36,92115
v3.3_uniform_sqlite-3.31.1_run1,v3.3_uniform,sqlite-3.31.1,1,586,15156,36,93150
v3.3_uniform_sqlite-3.31.1_run1,v3.3_uniform,sqlite-3.31.1,1,587,15305,36,93353
v3.3_uniform_sqlite-3.31.1_run1,v3.3_uniform,sqlite-3.31.1,1,588,15305,36,93639
v3.3_uniform_sqlite-3.31.1_run1,v3.3_uniform,sqlite-3.31.1,1,589,15305,36,93786
v3.3_uniform_sqlite-3.31.1_run1,v3.3_uniform,sqlite-3.31.1,1,590,15310,37,94087
v3.3_uniform_sqlite-3.31.1_run1,v3.3_uniform,sqlite-3.31.1,1,591,16004,37,94300
v3.3_uniform_sqlite-3.31.1_run1,v3.3_uniform,sqlite-3.31.1,1,592,16053,37,94531
v3.3_uniform_sqlite-3.31.1_run1,v3.3_uniform,sqlite-3.31.1,1,593,16054,37,94671
v3.3_uniform_sqlite-3.31.1_run1,v3.3_uniform,sqlite-3.31.1,1,594,16054,37,95079
v3.3_uniform_sqlite-3.31.1_run1,v3.3_uniform,sqlite-3.31.1,1,595,16054,37,95291
v3.3_uniform_sqlite-3.31.1_run1,v3.3_uniform,sqlite-3.31.1,1,596,16054,37,95780
v3.3_uniform_sqlite-3.31.1_run1,v3.3_uniform,sqlite-3.31.1,1,597,16054,37,95907
v3.3_uniform_sqlite-3.31.1_run1,v3.3_uniform,sqlite-3.31.1,1,598,16054,37,96107
v3.3_uniform_sqlite-3.31.1_run1,v3.3_uniform,sqlite-3.31.1,1,599,16054,37,96509
v3.3_uniform_sqlite-3.31.1_run1,v3.3_uniform,sqlite-3.31.1,1,600,16054,37,96509
v3.3_uniform_sqlite-3.31.1_run1,v3.3_uniform,sqlite-3.31.1,1,601,16054,37,96509
v3.3_uniform_sqlite-3.31.1_run1,v3.3_uniform,sqlite-3.31.1,1,602,16054,37,96509
v3.3_uniform_sqlite-3.31.1_run1,v3.3_uniform,sqlite-3.31.1,1,603,16054,37,96509
v3.3_uniform_sqlite-3.31.1_run1,v3.3_uniform,sqlite-3.31.1,1,604,16054,37,96509
v3.3_uniform_sqlite-3.31.1_run1,v3.3_uniform,sqlite-3.31.1,1,605,16054,37,96509
v3.3_uniform_sqlite-3.31.1_run1,v3.3_uniform,sqlite-3.31.1,1,606,16054,37,96509
v3.3_uniform_sqlite-3.31.1_run1,v3.3_uniform,sqlite-3.31.1,1,607,16054,37,96509
v3.3_uniform_sqlite-3.31.1_run1,v3.3_uniform,sqlite-3.31.1,1,608,16054,37,96509
v3.3_uniform_sqlite-3.31.1_run1,v3.3_uniform,sqlite-3.31.1,1,609,16054,37,96509
v3.3_uniform_sqlite-3.31.1_run1,v3.3_uniform,sqlite-3.31.1,1,610,16054,37,96509
v3.3_uniform_sqlite-3.31.1_run1,v3.3_uniform,sqlite-3.31.1,1,611,16054,37,96509
v3.3_uniform_sqlite-3.31.1_run1,v3.3_uniform,sqlite-3.31.1,1,612,16054,37,96509
v3.3_uniform_sqlite-3.31.1_run1,v3.3_uniform,sqlite-3.31.1,1,613,16054,37,96509
v3.3_uniform_sqlite-3.31.1_run1,v3.3_uniform,sqlite-3.31.1,1,614,16054,37,96509
v3.3_uniform_sqlite-3.31.1_run1,v3.3_uniform,sqlite-3.31.1,1,615,16054,37,96509
v3.3_uniform_sqlite-3.31.1_run1,v3.3_uniform,sqlite-3.31.1,1,616,16054,37,96509
v3.3_uniform_sqlite-3.31.1_run1,v3.3_uniform,sqlite-3.31.1,1,617,16054,37,96509
v3.3_uniform_sqlite-3.31.1_run1,v3.3_uniform,sqlite-3.31.1,1,618,16054,37,96509
v3.3_uniform_sqlite-3.31.1_run1,v3.3_uniform,sqlite-3.31.1,1,619,16054,37,97081
v3.3_uniform_sqlite-3.31.1_run1,v3.3_uniform,sqlite-3.31.1,1,620,16054,37,97391
v3.3_uniform_sqlite-3.31.1_run1,v3.3_uniform,sqlite-3.31.1,1,621,16054,37,97612
v3.3_uniform_sqlite-3.31.1_run1,v3.3_uniform,sqlite-3.31.1,1,622,16054,37,97806
v3.3_uniform_sqlite-3.31.1_run1,v3.3_uniform,sqlite-3.31.1,1,623,16054,37,98017
v3.3_uniform_sqlite-3.31.1_run1,v3.3_uniform,sqlite-3.31.1,1,624,16054,37,98454
v3.3_uniform_sqlite-3.31.1_run1,v3.3_uniform,sqlite-3.31.1,1,625,16054,38,98590
v3.3_uniform_sqlite-3.31.1_run1,v3.3_uniform,sqlite-3.31.1,1,626,16054,38,98927
v3.3_uniform_sqlite-3.31.1_run1,v3.3_uniform,sqlite-3.31.1,1,627,16054,38,99109
v3.3_uniform_sqlite-3.31.1_run1,v3.3_uniform,sqlite-3.31.1,1,628,16054,38,99347
v3.3_uniform_sqlite-3.31.1_run1,v3.3_uniform,sqlite-3.31.1,1,629,16054,38,99701
v3.3_uniform_sqlite-3.31.1_run1,v3.3_uniform,sqlite-3.31.1,1,630,16054,38,100062
v3.3_uniform_sqlite-3.31.1_run1,v3.3_uniform,sqlite-3.31.1,1,631,16054,38,100122
v3.3_uniform_sqlite-3.31.1_run1,v3.3_uniform,sqlite-3.31.1,1,632,16054,38,100337
v3.3_uniform_sqlite-3.31.1_run1,v3.3_uniform,sqlite-3.31.1,1,633,16054,38,100337
v3.3_uniform_sqlite-3.31.1_run1,v3.3_uniform,sqlite-3.31.1,1,634,16054,38,100337
v3.3_uniform_sqlite-3.31.1_run1,v3.3_uniform,sqlite-3.31.1,1,635,16054,38,100447
v3.3_uniform_sqlite-3.31.1_run1,v3.3_uniform,sqlite-3.31.1,1,636,16054,38,100750
v3.3_uniform_sqlite-3.31.1_run1,v3.3_uniform,sqlite-3.31.1,1,637,16054,38,101018
v3.3_uniform_sqlite-3.31.1_run1,v3.3_uniform,sqlite-3.31.1,1,638,16055,38,101289
v3.3_uniform_sqlite-3.31.1_run1,v3.3_uniform,sqlite-3.31.1,1,639,16055,38,101289
v3.3_uniform_sqlite-3.31.1_run1,v3.3_uniform,sqlite-3.31.1,1,640,16055,38,101289
v3.3_uniform_sqlite-3.31.1_run1,v3.3_uniform,sqlite-3.31.1,1,641,16055,38,101289
v3.3_uniform_sqlite-3.31.1_run1,v3.3_uniform,sqlite-3.31.1,1,642,16055,38,101289
v3.3_uniform_sqlite-3.31.1_run1,v3.3_uniform,sqlite-3.31.1,1,643,16055,38,101289
v3.3_uniform_sqlite-3.31.1_run1,v3.3_uniform,sqlite-3.31.1,1,644,16055,38,102232
v3.3_uniform_sqlite-3.31.1_run1,v3.3_uniform,sqlite-3.31.1,1,645,16055,38,102478
v3.3_uniform_sqlite-3.31.1_run1,v3.3_uniform,sqlite-3.31.1,1,646,16055,38,102889
v3.3_uniform_sqlite-3.31.1_run1,v3.3_uniform,sqlite-3.31.1,1,647,16055,38,102889
v3.3_uniform_sqlite-3.31.1_run1,v3.3_uniform,sqlite-3.31.1,1,648,16055,38,102889
v3.3_uniform_sqlite-3.31.1_run1,v3.3_uniform,sqlite-3.31.1,1,649,16055,38,102958
v3.3_uniform_sqlite-3.31.1_run1,v3.3_uniform,sqlite-3.31.1,1,650,16055,38,103219
v3.3_uniform_sqlite-3.31.1_run1,v3.3_uniform,sqlite-3.31.1,1,651,16055,38,103419
v3.3_uniform_sqlite-3.31.1_run1,v3.3_uniform,sqlite-3.31.1,1,652,16055,38,103685
v3.3_uniform_sqlite-3.31.1_run1,v3.3_uniform,sqlite-3.31.1,1,653,16055,38,103979
v3.3_uniform_sqlite-3.31.1_run1,v3.3_uniform,sqlite-3.31.1,1,654,16055,38,104088
v3.3_uniform_sqlite-3.31.1_run1,v3.3_uniform,sqlite-3.31.1,1,655,16055,38,104403
v3.3_uniform_sqlite-3.31.1_run1,v3.3_uniform,sqlite-3.31.1,1,656,16055,38,104586
v3.3_uniform_sqlite-3.31.1_run1,v3.3_uniform,sqlite-3.31.1,1,657,16055,38,104793
v3.3_uniform_sqlite-3.31.1_run1,v3.3_uniform,sqlite-3.31.1,1,658,16055,38,105203
v3.3_uniform_sqlite-3.31.1_run1,v3.3_uniform,sqlite-3.31.1,1,659,16055,38,105406
v3.3_uniform_sqlite-3.31.1_run1,v3.3_uniform,sqlite-3.31.1,1,660,16055,38,105608
v3.3_uniform_sqlite-3.31.1_run1,v3.3_uniform,sqlite-3.31.1,1,661,16055,38,106164
v3.3_uniform_sqlite-3.31.1_run1,v3.3_uniform,sqlite-3.31.1,1,662,16055,38,106220
v3.3_uniform_sqlite-3.31.1_run1,v3.3_uniform,sqlite-3.31.1,1,663,16055,38,106220
v3.3_uniform_sqlite-3.31.1_run1,v3.3_uniform,sqlite-3.31.1,1,664,16055,38,106220
v3.3_uniform_sqlite-3.31.1_run1,v3.3_uniform,sqlite-3.31.1,1,665,16055,38,106220
v3.3_uniform_sqlite-3.31.1_run1,v3.3_uniform,sqlite-3.31.1,1,666,16055,38,106220
v3.3_uniform_sqlite-3.31.1_run1,v3.3_uniform,sqlite-3.31.1,1,667,16055,38,106220
v3.3_uniform_sqlite-3.31.1_run1,v3.3_uniform,sqlite-3.31.1,1,668,16055,38,106220
v3.3_uniform_sqlite-3.31.1_run1,v3.3_uniform,sqlite-3.31.1,1,669,16055,38,106220
v3.3_uniform_sqlite-3.31.1_run1,v3.3_uniform,sqlite-3.31.1,1,670,16055,38,106220
v3.3_uniform_sqlite-3.31.1_run1,v3.3_uniform,sqlite-3.31.1,1,671,16055,38,106220
v3.3_uniform_sqlite-3.31.1_run1,v3.3_uniform,sqlite-3.31.1,1,672,16055,38,106220
v3.3_uniform_sqlite-3.31.1_run1,v3.3_uniform,sqlite-3.31.1,1,673,16055,38,106220
v3.3_uniform_sqlite-3.31.1_run1,v3.3_uniform,sqlite-3.31.1,1,674,16055,38,106220
v3.3_uniform_sqlite-3.31.1_run1,v3.3_uniform,sqlite-3.31.1,1,675,16055,38,106220
v3.3_uniform_sqlite-3.31.1_run1,v3.3_uniform,sqlite-3.31.1,1,676,16055,38,106220
v3.3_uniform_sqlite-3.31.1_run1,v3.3_uniform,sqlite-3.31.1,1,677,16055,38,106220
v3.3_uniform_sqlite-3.31.1_run1,v3.3_uniform,sqlite-3.31.1,1,678,16055,38,106220
v3.3_uniform_sqlite-3.31.1_run1,v3.3_uniform,sqlite-3.31.1,1,679,16055,38,106220
v3.3_uniform_sqlite-3.31.1_run1,v3.3_uniform,sqlite-3.31.1,1,680,16055,38,106491
v3.3_uniform_sqlite-3.31.1_run1,v3.3_uniform,sqlite-3.31.1,1,681,16055,38,106635
v3.3_uniform_sqlite-3.31.1_run1,v3.3_uniform,sqlite-3.31.1,1,682,16055,38,106971
v3.3_uniform_sqlite-3.31.1_run1,v3.3_uniform,sqlite-3.31.1,1,683,16055,38,107183
v3.3_uniform_sqlite-3.31.1_run1,v3.3_uniform,sqlite-3.31.1,1,684,16055,38,107356
v3.3_uniform_sqlite-3.31.1_run1,v3.3_uniform,sqlite-3.31.1,1,685,16055,38,107847
v3.3_uniform_sqlite-3.31.1_run1,v3.3_uniform,sqlite-3.31.1,1,686,16055,38,108120
v3.3_uniform_sqlite-3.31.1_run1,v3.3_uniform,sqlite-3.31.1,1,687,16055,38,108687
v3.3_uniform_sqlite-3.31.1_run1,v3.3_uniform,sqlite-3.31.1,1,688,16180,38,108898
v3.3_uniform_sqlite-3.31.1_run1,v3.3_uniform,sqlite-3.31.1,1,689,16231,38,109139
v3.3_uniform_sqlite-3.31.1_run1,v3.3_uniform,sqlite-3.31.1,1,690,16231,38,109433
v3.3_uniform_sqlite-3.31.1_run1,v3.3_uniform,sqlite-3.31.1,1,691,16238,38,109815
v3.3_uniform_sqlite-3.31.1_run1,v3.3_uniform,sqlite-3.31.1,1,692,16238,38,110142
v3.3_uniform_sqlite-3.31.1_run1,v3.3_uniform,sqlite-3.31.1,1,693,16238,38,110402
v3.3_uniform_sqlite-3.31.1_run1,v3.3_uniform,sqlite-3.31.1,1,694,16238,38,110402
v3.3_uniform_sqlite-3.31.1_run1,v3.3_uniform,sqlite-3.31.1,1,695,16238,38,110402
v3.3_uniform_sqlite-3.31.1_run1,v3.3_uniform,sqlite-3.31.1,1,696,16238,39,110402
v3.3_uniform_sqlite-3.31.1_run1,v3.3_uniform,sqlite-3.31.1,1,697,16238,40,110402
v3.3_uniform_sqlite-3.31.1_run1,v3.3_uniform,sqlite-3.31.1,1,698,16244,40,110402
v3.3_uniform_sqlite-3.31.1_run1,v3.3_uniform,sqlite-3.31.1,1,699,16244,40,110402
v3.3_uniform_sqlite-3.31.1_run1,v3.3_uniform,sqlite-3.31.1,1,700,16249,40,110402
v3.3_uniform_sqlite-3.31.1_run1,v3.3_uniform,sqlite-3.31.1,1,701,16256,40,111429
v3.3_uniform_sqlite-3.31.1_run1,v3.3_uniform,sqlite-3.31.1,1,702,16256,40,111918
v3.3_uniform_sqlite-3.31.1_run1,v3.3_uniform,sqlite-3.31.1,1,703,16256,40,112072
v3.3_uniform_sqlite-3.31.1_run1,v3.3_uniform,sqlite-3.31.1,1,704,16256,40,112283
v3.3_uniform_sqlite-3.31.1_run1,v3.3_uniform,sqlite-3.31.1,1,705,16265,40,112508
v3.3_uniform_sqlite-3.31.1_run1,v3.3_uniform,sqlite-3.31.1,1,706,16367,40,112710
v3.3_uniform_sqlite-3.31.1_run1,v3.3_uniform,sqlite-3.31.1,1,707,16375,40,112917
v3.3_uniform_sqlite-3.31.1_run1,v3.3_uniform,sqlite-3.31.1,1,708,16375,40,113199
v3.3_uniform_sqlite-3.31.1_run1,v3.3_uniform,sqlite-3.31.1,1,709,16375,40,113469
v3.3_uniform_sqlite-3.31.1_run1,v3.3_uniform,sqlite-3.31.1,1,710,16375,40,113947
v3.3_uniform_sqlite-3.31.1_run1,v3.3_uniform,sqlite-3.31.1,1,711,16375,40,114226
v3.3_uniform_sqlite-3.31.1_run1,v3.3_uniform,sqlite-3.31.1,1,712,16375,40,114352
v3.3_uniform_sqlite-3.31.1_run1,v3.3_uniform,sqlite-3.31.1,1,713,16375,40,114766
v3.3_uniform_sqlite-3.31.1_run1,v3.3_uniform,sqlite-3.31.1,1,714,16375,40,114952
v3.3_uniform_sqlite-3.31.1_run1,v3.3_uniform,sqlite-3.31.1,1,715,16375,40,114952
v3.3_uniform_sqlite-3.31.1_run1,v3.3_uniform,sqlite-3.31.1,1,716,16375,40,114952
v3.3_uniform_sqlite-3.31.1_run1,v3.3_uniform,sqlite-3.31.1,1,717,16375,40,114952
v3.3_uniform_sqlite-3.31.1_run1,v3.3_uniform,sqlite-3.31.1,1,718,16375,40,114952
v3.3_uniform_sqlite-3.31.1_run1,v3.3_uniform,sqlite-3.31.1,1,719,16375,40,114952
v3.3_uniform_sqlite-3.31.1_run1,v3.3_uniform,sqlite-3.31.1,1,720,16375,40,114952
v3.3_uniform_sqlite-3.31.1_run1,v3.3_uniform,sqlite-3.31.1,1,721,16375,40,114952
v3.3_uniform_sqlite-3.31.1_run1,v3.3_uniform,sqlite-3.31.1,1,722,16375,40,114952
v3.3_uniform_sqlite-3.31.1_run1,v3.3_uniform,sqlite-3.31.1,1,723,16375,40,114952
v3.3_uniform_sqlite-3.31.1_run1,v3.3_uniform,sqlite-3.31.1,1,724,16375,40,114952
v3.3_uniform_sqlite-3.31.1_run1,v3.3_uniform,sqlite-3.31.1,1,725,16375,40,114952
v3.3_uniform_sqlite-3.31.1_run1,v3.3_uniform,sqlite-3.31.1,1,726,16375,40,114952
v3.3_uniform_sqlite-3.31.1_run1,v3.3_uniform,sqlite-3.31.1,1,727,16375,40,114952
v3.3_uniform_sqlite-3.31.1_run1,v3.3_uniform,sqlite-3.31.1,1,728,16375,40,114952
v3.3_uniform_sqlite-3.31.1_run1,v3.3_uniform,sqlite-3.31.1,1,729,16375,40,114952
v3.3_uniform_sqlite-3.31.1_run1,v3.3_uniform,sqlite-3.31.1,1,730,16375,40,114952
v3.3_uniform_sqlite-3.31.1_run1,v3.3_uniform,sqlite-3.31.1,1,731,16375,40,114952
v3.3_uniform_sqlite-3.31.1_run1,v3.3_uniform,sqlite-3.31.1,1,732,16375,40,115486
v3.3_uniform_sqlite-3.31.1_run1,v3.3_uniform,sqlite-3.31.1,1,733,16375,40,115529
v3.3_uniform_sqlite-3.31.1_run1,v3.3_uniform,sqlite-3.31.1,1,734,16375,40,115847
v3.3_uniform_sqlite-3.31.1_run1,v3.3_uniform,sqlite-3.31.1,1,735,16375,40,116045
v3.3_uniform_sqlite-3.31.1_run1,v3.3_uniform,sqlite-3.31.1,1,736,16375,40,116458
v3.3_uniform_sqlite-3.31.1_run1,v3.3_uniform,sqlite-3.31.1,1,737,16375,40,116678
v3.3_uniform_sqlite-3.31.1_run1,v3.3_uniform,sqlite-3.31.1,1,738,16375,40,116956
v3.3_uniform_sqlite-3.31.1_run1,v3.3_uniform,sqlite-3.31.1,1,739,16375,40,117269
v3.3_uniform_sqlite-3.31.1_run1,v3.3_uniform,sqlite-3.31.1,1,740,16375,40,117525
v3.3_uniform_sqlite-3.31.1_run1,v3.3_uniform,sqlite-3.31.1,1,741,16375,40,117751
v3.3_uniform_sqlite-3.31.1_run1,v3.3_uniform,sqlite-3.31.1,1,742,16375,40,118046
v3.3_uniform_sqlite-3.31.1_run1,v3.3_uniform,sqlite-3.31.1,1,743,16375,40,118374
v3.3_uniform_sqlite-3.31.1_run1,v3.3_uniform,sqlite-3.31.1,1,744,16375,40,118621
v3.3_uniform_sqlite-3.31.1_run1,v3.3_uniform,sqlite-3.31.1,1,745,16375,40,118835
v3.3_uniform_sqlite-3.31.1_run1,v3.3_uniform,sqlite-3.31.1,1,746,16375,40,118835
v3.3_uniform_sqlite-3.31.1_run1,v3.3_uniform,sqlite-3.31.1,1,747,16375,40,118835
v3.3_uniform_sqlite-3.31.1_run1,v3.3_uniform,sqlite-3.31.1,1,748,16375,40,118835
v3.3_uniform_sqlite-3.31.1_run1,v3.3_uniform,sqlite-3.31.1,1,749,16375,40,118835
v3.3_uniform_sqlite-3.31.1_run1,v3.3_uniform,sqlite-3.31.1,1,750,16375,40,119182
v3.3_uniform_sqlite-3.31.1_run1,v3.3_uniform,sqlite-3.31.1,1,751,16375,40,119301
v3.3_uniform_sqlite-3.31.1_run1,v3.3_uniform,sqlite-3.31.1,1,752,16377,40,119589
v3.3_uniform_sqlite-3.31.1_run1,v3.3_uniform,sqlite-3.31.1,1,753,16377,40,119886
v3.3_uniform_sqlite-3.31.1_run1,v3.3_uniform,sqlite-3.31.1,1,754,16377,40,119975
v3.3_uniform_sqlite-3.31.1_run1,v3.3_uniform,sqlite-3.31.1,1,755,16386,40,119975
v3.3_uniform_sqlite-3.31.1_run1,v3.3_uniform,sqlite-3.31.1,1,756,16387,40,119975
v3.3_uniform_sqlite-3.31.1_run1,v3.3_uniform,sqlite-3.31.1,1,757,16387,40,119975
v3.3_uniform_sqlite-3.31.1_run1,v3.3_uniform,sqlite-3.31.1,1,758,16387,40,119975
v3.3_uniform_sqlite-3.31.1_run1,v3.3_uniform,sqlite-3.31.1,1,759,16387,40,119975
v3.3_uniform_sqlite-3.31.1_run1,v3.3_uniform,sqlite-3.31.1,1,760,16388,40,119975
v3.3_uniform_sqlite-3.31.1_run1,v3.3_uniform,sqlite-3.31.1,1,761,16388,40,120941
v3.3_uniform_sqlite-3.31.1_run1,v3.3_uniform,sqlite-3.31.1,1,762,16388,40,121276
v3.3_uniform_sqlite-3.31.1_run1,v3.3_uniform,sqlite-3.31.1,1,763,16394,40,121446
v3.3_uniform_sqlite-3.31.1_run1,v3.3_uniform,sqlite-3.31.1,1,764,16394,40,121711
v3.3_uniform_sqlite-3.31.1_run1,v3.3_uniform,sqlite-3.31.1,1,765,16394,40,121853
v3.3_uniform_sqlite-3.31.1_run1,v3.3_uniform,sqlite-3.31.1,1,766,16394,40,121853
v3.3_uniform_sqlite-3.31.1_run1,v3.3_uniform,sqlite-3.31.1,1,767,16394,40,121853
v3.3_uniform_sqlite-3.31.1_run1,v3.3_uniform,sqlite-3.31.1,1,768,16394,40,121925
v3.3_uniform_sqlite-3.31.1_run1,v3.3_uniform,sqlite-3.31.1,1,769,16394,40,122170
v3.3_uniform_sqlite-3.31.1_run1,v3.3_uniform,sqlite-3.31.1,1,770,16394,40,122476
v3.3_uniform_sqlite-3.31.1_run1,v3.3_uniform,sqlite-3.31.1,1,771,16394,40,122849
v3.3_uniform_sqlite-3.31.1_run1,v3.3_uniform,sqlite-3.31.1,1,772,16394,40,122987
v3.3_uniform_sqlite-3.31.1_run1,v3.3_uniform,sqlite-3.31.1,1,773,16394,40,123115
v3.3_uniform_sqlite-3.31.1_run1,v3.3_uniform,sqlite-3.31.1,1,774,16394,40,123463
v3.3_uniform_sqlite-3.31.1_run1,v3.3_uniform,sqlite-3.31.1,1,775,16394,40,123635
v3.3_uniform_sqlite-3.31.1_run1,v3.3_uniform,sqlite-3.31.1,1,776,16394,40,123837
v3.3_uniform_sqlite-3.31.1_run1,v3.3_uniform,sqlite-3.31.1,1,777,16394,40,124243
v3.3_uniform_sqlite-3.31.1_run1,v3.3_uniform,sqlite-3.31.1,1,778,16394,40,124446
v3.3_uniform_sqlite-3.31.1_run1,v3.3_uniform,sqlite-3.31.1,1,779,16394,40,124655
v3.3_uniform_sqlite-3.31.1_run1,v3.3_uniform,sqlite-3.31.1,1,780,16394,40,124970
v3.3_uniform_sqlite-3.31.1_run1,v3.3_uniform,sqlite-3.31.1,1,781,16394,40,125216
v3.3_uniform_sqlite-3.31.1_run1,v3.3_uniform,sqlite-3.31.1,1,782,16394,40,125216
v3.3_uniform_sqlite-3.31.1_run1,v3.3_uniform,sqlite-3.31.1,1,783,16394,40,125216
v3.3_uniform_sqlite-3.31.1_run1,v3.3_uniform,sqlite-3.31.1,1,784,16394,40,125216
v3.3_uniform_sqlite-3.31.1_run1,v3.3_uniform,sqlite-3.31.1,1,785,16394,40,125216
v3.3_uniform_sqlite-3.31.1_run1,v3.3_uniform,sqlite-3.31.1,1,786,16394,40,125216
v3.3_uniform_sqlite-3.31.1_run1,v3.3_uniform,sqlite-3.31.1,1,787,16394,40,125216
v3.3_uniform_sqlite-3.31.1_run1,v3.3_uniform,sqlite-3.31.1,1,788,16394,40,125216
v3.3_uniform_sqlite-3.31.1_run1,v3.3_uniform,sqlite-3.31.1,1,789,16394,40,125216
v3.3_uniform_sqlite-3.31.1_run1,v3.3_uniform,sqlite-3.31.1,1,790,16394,40,125216
v3.3_uniform_sqlite-3.31.1_run1,v3.3_uniform,sqlite-3.31.1,1,791,16394,40,125216
v3.3_uniform_sqlite-3.31.1_run1,v3.3_uniform,sqlite-3.31.1,1,792,16394,40,125216
v3.3_uniform_sqlite-3.31.1_run1,v3.3_uniform,sqlite-3.31.1,1,793,16394,40,125216
v3.3_uniform_sqlite-3.31.1_run1,v3.3_uniform,sqlite-3.31.1,1,794,16394,40,125216
v3.3_uniform_sqlite-3.31.1_run1,v3.3_uniform,sqlite-3.31.1,1,795,16394,40,125216
v3.3_uniform_sqlite-3.31.1_run1,v3.3_uniform,sqlite-3.31.1,1,796,16394,40,125216
v3.3_uniform_sqlite-3.31.1_run1,v3.3_uniform,sqlite-3.31.1,1,797,16394,40,125216
v3.3_uniform_sqlite-3.31.1_run1,v3.3_uniform,sqlite-3.31.1,1,798,16394,40,125216
v3.3_uniform_sqlite-3.31.1_run1,v3.3_uniform,sqlite-3.31.1,1,799,16394,40,125216
v3.3_uniform_sqlite-3.31.1_run1,v3.3_uniform,sqlite-3.31.1,1,800,16394,40,125216
v3.3_uniform_sqlite-3.31.1_run1,v3.3_uniform,sqlite-3.31.1,1,801,16394,40,125643
v3.3_uniform_sqlite-3.31.1_run1,v3.3_uniform,sqlite-3.31.1,1,802,16394,40,125780
v3.3_uniform_sqlite-3.31.1_run1,v3.3_uniform,sqlite-3.31.1,1,803,16394,40,126065
v3.3_uniform_sqlite-3.31.1_run1,v3.3_uniform,sqlite-3.31.1,1,804,16394,40,126422
v3.3_uniform_sqlite-3.31.1_run1,v3.3_uniform,sqlite-3.31.1,1,805,16394,40,126702
v3.3_uniform_sqlite-3.31.1_run1,v3.3_uniform,sqlite-3.31.1,1,806,16394,40,126906
v3.3_uniform_sqlite-3.31.1_run1,v3.3_uniform,sqlite-3.31.1,1,807,16394,40,127461
v3.3_uniform_sqlite-3.31.1_run1,v3.3_uniform,sqlite-3.31.1,1,808,16553,40,127802
v3.3_uniform_sqlite-3.31.1_run1,v3.3_uniform,sqlite-3.31.1,1,809,16640,40,128020
v3.3_uniform_sqlite-3.31.1_run1,v3.3_uniform,sqlite-3.31.1,1,810,16640,40,128254
v3.3_uniform_sqlite-3.31.1_run1,v3.3_uniform,sqlite-3.31.1,1,811,16640,40,128521
v3.3_uniform_sqlite-3.31.1_run1,v3.3_uniform,sqlite-3.31.1,1,812,16640,40,128697
v3.3_uniform_sqlite-3.31.1_run1,v3.3_uniform,sqlite-3.31.1,1,813,16640,40,129026
v3.3_uniform_sqlite-3.31.1_run1,v3.3_uniform,sqlite-3.31.1,1,814,16640,40,129234
v3.3_uniform_sqlite-3.31.1_run1,v3.3_uniform,sqlite-3.31.1,1,815,16640,40,129299
v3.3_uniform_sqlite-3.31.1_run1,v3.3_uniform,sqlite-3.31.1,1,816,16642,41,129299
v3.3_uniform_sqlite-3.31.1_run1,v3.3_uniform,sqlite-3.31.1,1,817,16642,41,129299
v3.3_uniform_sqlite-3.31.1_run1,v3.3_uniform,sqlite-3.31.1,1,818,16642,41,129299
v3.3_uniform_sqlite-3.31.1_run1,v3.3_uniform,sqlite-3.31.1,1,819,16642,41,129299
v3.3_uniform_sqlite-3.31.1_run1,v3.3_uniform,sqlite-3.31.1,1,820,16642,41,129299
v3.3_uniform_sqlite-3.31.1_run1,v3.3_uniform,sqlite-3.31.1,1,821,16642,41,129299
v3.3_uniform_sqlite-3.31.1_run1,v3.3_uniform,sqlite-3.31.1,1,822,16642,41,129299
v3.3_uniform_sqlite-3.31.1_run1,v3.3_uniform,sqlite-3.31.1,1,823,16642,41,129299
v3.3_uniform_sqlite-3.31.1_run1,v3.3_uniform,sqlite-3.31.1,1,824,16642,41,130318
v3.3_uniform_sqlite-3.31.1_run1,v3.3_uniform,sqlite-3.31.1,1,825,16642,41,130596
v3.3_uniform_sqlite-3.31.1_run1,v3.3_uniform,sqlite-3.31.1,1,826,16642,41,130797
v3.3_uniform_sqlite-3.31.1_run1,v3.3_uniform,sqlite-3.31.1,1,827,16642,41,131144
v3.3_uniform_sqlite-3.31.1_run1,v3.3_uniform,sqlite-3.31.1,1,828,16673,41,131364
v3.3_uniform_sqlite-3.31.1_run1,v3.3_uniform,sqlite-3.31.1,1,829,16693,41,131364
v3.3_uniform_sqlite-3.31.1_run1,v3.3_uniform,sqlite-3.31.1,1,830,16696,41,131598
v3.3_uniform_sqlite-3.31.1_run1,v3.3_uniform,sqlite-3.31.1,1,831,16699,41,131698
v3.3_uniform_sqlite-3.31.1_run1,v3.3_uniform,sqlite-3.31.1,1,832,16701,41,131876
v3.3_uniform_sqlite-3.31.1_run1,v3.3_uniform,sqlite-3.31.1,1,833,16701,41,132001
v3.3_uniform_sqlite-3.31.1_run1,v3.3_uniform,sqlite-3.31.1,1,834,16701,41,132001
v3.3_uniform_sqlite-3.31.1_run1,v3.3_uniform,sqlite-3.31.1,1,835,16701,41,132267
v3.3_uniform_sqlite-3.31.1_run1,v3.3_uniform,sqlite-3.31.1,1,836,16701,41,132752
v3.3_uniform_sqlite-3.31.1_run1,v3.3_uniform,sqlite-3.31.1,1,837,16701,41,133021
v3.3_uniform_sqlite-3.31.1_run1,v3.3_uniform,sqlite-3.31.1,1,838,16701,41,133240
v3.3_uniform_sqlite-3.31.1_run1,v3.3_uniform,sqlite-3.31.1,1,839,16701,41,133432
v3.3_uniform_sqlite-3.31.1_run1,v3.3_uniform,sqlite-3.31.1,1,840,16701,41,133432
v3.3_uniform_sqlite-3.31.1_run1,v3.3_uniform,sqlite-3.31.1,1,841,16701,41,133794
v3.3_uniform_sqlite-3.31.1_run1,v3.3_uniform,sqlite-3.31.1,1,842,16701,41,133889
v3.3_uniform_sqlite-3.31.1_run1,v3.3_uniform,sqlite-3.31.1,1,843,16701,41,133889
v3.3_uniform_sqlite-3.31.1_run1,v3.3_uniform,sqlite-3.31.1,1,844,16701,41,133889
v3.3_uniform_sqlite-3.31.1_run1,v3.3_uniform,sqlite-3.31.1,1,845,16701,41,133889
v3.3_uniform_sqlite-3.31.1_run1,v3.3_uniform,sqlite-3.31.1,1,846,16701,41,133889
v3.3_uniform_sqlite-3.31.1_run1,v3.3_uniform,sqlite-3.31.1,1,847,16701,41,133889
v3.3_uniform_sqlite-3.31.1_run1,v3.3_uniform,sqlite-3.31.1,1,848,16701,41,133889
v3.3_uniform_sqlite-3.31.1_run1,v3.3_uniform,sqlite-3.31.1,1,849,16701,41,133889
v3.3_uniform_sqlite-3.31.1_run1,v3.3_uniform,sqlite-3.31.1,1,850,16701,41,133889
v3.3_uniform_sqlite-3.31.1_run1,v3.3_uniform,sqlite-3.31.1,1,851,16701,41,133889
v3.3_uniform_sqlite-3.31.1_run1,v3.3_uniform,sqlite-3.31.1,1,852,16701,41,133889
v3.3_uniform_sqlite-3.31.1_run1,v3.3_uniform,sqlite-3.31.1,1,853,16701,41,133889
v3.3_uniform_sqlite-3.31.1_run1,v3.3_uniform,sqlite-3.31.1,1,854,16701,41,133889
v3.3_uniform_sqlite-3.31.1_run1,v3.3_uniform,sqlite-3.31.1,1,855,16701,41,133889
v3.3_uniform_sqlite-3.31.1_run1,v3.3_uniform,sqlite-3.31.1,1,856,16701,41,133889
v3.3_uniform_sqlite-3.31.1_run1,v3.3_uniform,sqlite-3.31.1,1,857,16701,41,133889
v3.3_uniform_sqlite-3.31.1_run1,v3.3_uniform,sqlite-3.31.1,1,858,16701,41,133889
v3.3_uniform_sqlite-3.31.1_run1,v3.3_uniform,sqlite-3.31.1,1,859,16701,41,133889
v3.3_uniform_sqlite-3.31.1_run1,v3.3_uniform,sqlite-3.31.1,1,860,16701,41,134402
v3.3_uniform_sqlite-3.31.1_run1,v3.3_uniform,sqlite-3.31.1,1,861,16701,41,134773
v3.3_uniform_sqlite-3.31.1_run1,v3.3_uniform,sqlite-3.31.1,1,862,16701,41,134961
v3.3_uniform_sqlite-3.31.1_run1,v3.3_uniform,sqlite-3.31.1,1,863,16701,41,135161
v3.3_uniform_sqlite-3.31.1_run1,v3.3_uniform,sqlite-3.31.1,1,864,16701,41,135589
v3.3_uniform_sqlite-3.31.1_run1,v3.3_uniform,sqlite-3.31.1,1,865,16701,41,135873
v3.3_uniform_sqlite-3.31.1_run1,v3.3_uniform,sqlite-3.31.1,1,866,16701,41,136083
v3.3_uniform_sqlite-3.31.1_run1,v3.3_uniform,sqlite-3.31.1,1,867,16701,41,136256
v3.3_uniform_sqlite-3.31.1_run1,v3.3_uniform,sqlite-3.31.1,1,868,16701,41,136596
v3.3_uniform_sqlite-3.31.1_run1,v3.3_uniform,sqlite-3.31.1,1,869,16701,41,136933
v3.3_uniform_sqlite-3.31.1_run1,v3.3_uniform,sqlite-3.31.1,1,870,16701,41,137181
v3.3_uniform_sqlite-3.31.1_run1,v3.3_uniform,sqlite-3.31.1,1,871,16701,41,137423
v3.3_uniform_sqlite-3.31.1_run1,v3.3_uniform,sqlite-3.31.1,1,872,16701,41,137634
v3.3_uniform_sqlite-3.31.1_run1,v3.3_uniform,sqlite-3.31.1,1,873,16701,41,137949
v3.3_uniform_sqlite-3.31.1_run1,v3.3_uniform,sqlite-3.31.1,1,874,16701,41,138153
v3.3_uniform_sqlite-3.31.1_run1,v3.3_uniform,sqlite-3.31.1,1,875,16701,41,138153
v3.3_uniform_sqlite-3.31.1_run1,v3.3_uniform,sqlite-3.31.1,1,876,16701,41,138153
v3.3_uniform_sqlite-3.31.1_run1,v3.3_uniform,sqlite-3.31.1,1,877,16701,41,138153
v3.3_uniform_sqlite-3.31.1_run1,v3.3_uniform,sqlite-3.31.1,1,878,16701,41,138275
v3.3_uniform_sqlite-3.31.1_run1,v3.3_uniform,sqlite-3.31.1,1,879,16701,41,138606
v3.3_uniform_sqlite-3.31.1_run1,v3.3_uniform,sqlite-3.31.1,1,880,16701,41,138823
v3.3_uniform_sqlite-3.31.1_run1,v3.3_uniform,sqlite-3.31.1,1,881,16701,42,139051
v3.3_uniform_sqlite-3.31.1_run1,v3.3_uniform,sqlite-3.31.1,1,882,16701,42,139217
v3.3_uniform_sqlite-3.31.1_run1,v3.3_uniform,sqlite-3.31.1,1,883,16707,42,139445
v3.3_uniform_sqlite-3.31.1_run1,v3.3_uniform,sqlite-3.31.1,1,884,16707,42,139445
v3.3_uniform_sqlite-3.31.1_run1,v3.3_uniform,sqlite-3.31.1,1,885,16707,42,139445
v3.3_uniform_sqlite-3.31.1_run1,v3.3_uniform,sqlite-3.31.1,1,886,16707,42,139445
v3.3_uniform_sqlite-3.31.1_run1,v3.3_uniform,sqlite-3.31.1,1,887,16717,42,139445
v3.3_uniform_sqlite-3.31.1_run1,v3.3_uniform,sqlite-3.31.1,1,888,16717,42,139445
v3.3_uniform_sqlite-3.31.1_run1,v3.3_uniform,sqlite-3.31.1,1,889,16717,42,140388
v3.3_uniform_sqlite-3.31.1_run1,v3.3_uniform,sqlite-3.31.1,1,890,16717,42,140741
v3.3_uniform_sqlite-3.31.1_run1,v3.3_uniform,sqlite-3.31.1,1,891,16717,42,141035
v3.3_uniform_sqlite-3.31.1_run1,v3.3_uniform,sqlite-3.31.1,1,892,16717,42,141120
v3.3_uniform_sqlite-3.31.1_run1,v3.3_uniform,sqlite-3.31.1,1,893,16717,42,141453
v3.3_uniform_sqlite-3.31.1_run1,v3.3_uniform,sqlite-3.31.1,1,894,16717,42,141539
v3.3_uniform_sqlite-3.31.1_run1,v3.3_uniform,sqlite-3.31.1,1,895,16717,42,141539
v3.3_uniform_sqlite-3.31.1_run1,v3.3_uniform,sqlite-3.31.1,1,896,16717,42,141539
v3.3_uniform_sqlite-3.31.1_run1,v3.3_uniform,sqlite-3.31.1,1,897,16717,42,141799
v3.3_uniform_sqlite-3.31.1_run1,v3.3_uniform,sqlite-3.31.1,1,898,16717,42,141846
v3.3_uniform_sqlite-3.31.1_run1,v3.3_uniform,sqlite-3.31.1,1,899,16717,42,142235
v3.3_uniform_sqlite-3.31.1_run1,v3.3_uniform,sqlite-3.31.1,1,900,16717,42,142456
v3.3_uniform_sqlite-3.31.1_run1,v3.3_uniform,sqlite-3.31.1,1,901,16718,42,142774
v3.3_uniform_sqlite-3.31.1_run1,v3.3_uniform,sqlite-3.31.1,1,902,16718,42,142849
v3.3_uniform_sqlite-3.31.1_run1,v3.3_uniform,sqlite-3.31.1,1,903,16741,42,142989
v3.3_uniform_sqlite-3.31.1_run1,v3.3_uniform,sqlite-3.31.1,1,904,16741,42,143365
v3.3_uniform_sqlite-3.31.1_run1,v3.3_uniform,sqlite-3.31.1,1,905,16741,42,143484
v3.3_uniform_sqlite-3.31.1_run1,v3.3_uniform,sqlite-3.31.1,1,906,16741,42,143905
v3.3_uniform_sqlite-3.31.1_run1,v3.3_uniform,sqlite-3.31.1,1,907,16741,42,144112
v3.3_uniform_sqlite-3.31.1_run1,v3.3_uniform,sqlite-3.31.1,1,908,16741,42,144488
v3.3_uniform_sqlite-3.31.1_run1,v3.3_uniform,sqlite-3.31.1,1,909,16741,42,144815
v3.3_uniform_sqlite-3.31.1_run1,v3.3_uniform,sqlite-3.31.1,1,910,16741,42,145147
v3.3_uniform_sqlite-3.31.1_run1,v3.3_uniform,sqlite-3.31.1,1,911,16741,42,145147
v3.3_uniform_sqlite-3.31.1_run1,v3.3_uniform,sqlite-3.31.1,1,912,16741,42,145147
v3.3_uniform_sqlite-3.31.1_run1,v3.3_uniform,sqlite-3.31.1,1,913,16741,42,145147
v3.3_uniform_sqlite-3.31.1_run1,v3.3_uniform,sqlite-3.31.1,1,914,16741,42,145147
v3.3_uniform_sqlite-3.31.1_run1,v3.3_uniform,sqlite-3.31.1,1,915,16741,42,145147
v3.3_uniform_sqlite-3.31.1_run1,v3.3_uniform,sqlite-3.31.1,1,916,16741,42,145147
v3.3_uniform_sqlite-3.31.1_run1,v3.3_uniform,sqlite-3.31.1,1,917,16741,42,145147
v3.3_uniform_sqlite-3.31.1_run1,v3.3_uniform,sqlite-3.31.1,1,918,16741,42,145147
v3.3_uniform_sqlite-3.31.1_run1,v3.3_uniform,sqlite-3.31.1,1,919,16741,42,145147
v3.3_uniform_sqlite-3.31.1_run1,v3.3_uniform,sqlite-3.31.1,1,920,16741,42,145147
v3.3_uniform_sqlite-3.31.1_run1,v3.3_uniform,sqlite-3.31.1,1,921,16741,42,145147
v3.3_uniform_sqlite-3.31.1_run1,v3.3_uniform,sqlite-3.31.1,1,922,16741,42,145147
v3.3_uniform_sqlite-3.31.1_run1,v3.3_uniform,sqlite-3.31.1,1,923,16741,42,145147
v3.3_uniform_sqlite-3.31.1_run1,v3.3_uniform,sqlite-3.31.1,1,924,16741,42,145147
v3.3_uniform_sqlite-3.31.1_run1,v3.3_uniform,sqlite-3.31.1,1,925,16741,42,145147
v3.3_uniform_sqlite-3.31.1_run1,v3.3_uniform,sqlite-3.31.1,1,926,16741,42,145147
v3.3_uniform_sqlite-3.31.1_run1,v3.3_uniform,sqlite-3.31.1,1,927,16741,42,145147
v3.3_uniform_sqlite-3.31.1_run1,v3.3_uniform,sqlite-3.31.1,1,928,16741,42,145147
v3.3_uniform_sqlite-3.31.1_run1,v3.3_uniform,sqlite-3.31.1,1,929,16741,42,145147
v3.3_uniform_sqlite-3.31.1_run1,v3.3_uniform,sqlite-3.31.1,1,930,16741,42,145147
v3.3_uniform_sqlite-3.31.1_run1,v3.3_uniform,sqlite-3.31.1,1,931,16741,42,145430
v3.3_uniform_sqlite-3.31.1_run1,v3.3_uniform,sqlite-3.31.1,1,932,16741,43,145572
v3.3_uniform_sqlite-3.31.1_run1,v3.3_uniform,sqlite-3.31.1,1,933,16741,43,145727
v3.3_uniform_sqlite-3.31.1_run1,v3.3_uniform,sqlite-3.31.1,1,934,16741,43,146004
v3.3_uniform_sqlite-3.31.1_run1,v3.3_uniform,sqlite-3.31.1,1,935,16741,43,146004
v3.3_uniform_sqlite-3.31.1_run1,v3.3_uniform,sqlite-3.31.1,1,936,16741,43,146280
v3.3_uniform_sqlite-3.31.1_run1,v3.3_uniform,sqlite-3.31.1,1,937,16741,43,146720
v3.3_uniform_sqlite-3.31.1_run1,v3.3_uniform,sqlite-3.31.1,1,938,16741,43,146933
v3.3_uniform_sqlite-3.31.1_run1,v3.3_uniform,sqlite-3.31.1,1,939,16741,43,147211
v3.3_uniform_sqlite-3.31.1_run1,v3.3_uniform,sqlite-3.31.1,1,940,16750,43,147633
v3.3_uniform_sqlite-3.31.1_run1,v3.3_uniform,sqlite-3.31.1,1,941,16766,43,147839
v3.3_uniform_sqlite-3.31.1_run1,v3.3_uniform,sqlite-3.31.1,1,942,16861,43,148052
v3.3_uniform_sqlite-3.31.1_run1,v3.3_uniform,sqlite-3.31.1,1,943,16932,43,148519
v3.3_uniform_sqlite-3.31.1_run1,v3.3_uniform,sqlite-3.31.1,1,944,16945,43,148677
v3.3_uniform_sqlite-3.31.1_run1,v3.3_uniform,sqlite-3.31.1,1,945,16953,43,149039
v3.3_uniform_sqlite-3.31.1_run1,v3.3_uniform,sqlite-3.31.1,1,946,16953,43,149328
v3.3_uniform_sqlite-3.31.1_run1,v3.3_uniform,sqlite-3.31.1,1,947,16953,43,149534
v3.3_uniform_sqlite-3.31.1_run1,v3.3_uniform,sqlite-3.31.1,1,948,16953,43,149922
v3.3_uniform_sqlite-3.31.1_run1,v3.3_uniform,sqlite-3.31.1,1,949,16953,43,150052
v3.3_uniform_sqlite-3.31.1_run1,v3.3_uniform,sqlite-3.31.1,1,950,16953,43,150317
v3.3_uniform_sqlite-3.31.1_run1,v3.3_uniform,sqlite-3.31.1,1,951,16953,43,150317
v3.3_uniform_sqlite-3.31.1_run1,v3.3_uniform,sqlite-3.31.1,1,952,16953,43,150317
v3.3_uniform_sqlite-3.31.1_run1,v3.3_uniform,sqlite-3.31.1,1,954,16958,43,150317
v3.3_uniform_sqlite-3.31.1_run1,v3.3_uniform,sqlite-3.31.1,1,955,16958,43,150317
v3.3_uniform_sqlite-3.31.1_run1,v3.3_uniform,sqlite-3.31.1,1,956,16958,43,150317
v3.3_uniform_sqlite-3.31.1_run1,v3.3_uniform,sqlite-3.31.1,1,957,16958,43,151287
v3.3_uniform_sqlite-3.31.1_run1,v3.3_uniform,sqlite-3.31.1,1,958,16962,43,151361
v3.3_uniform_sqlite-3.31.1_run1,v3.3_uniform,sqlite-3.31.1,1,959,16962,44,151660
v3.3_uniform_sqlite-3.31.1_run1,v3.3_uniform,sqlite-3.31.1,1,960,16962,44,152059
v3.3_uniform_sqlite-3.31.1_run1,v3.3_uniform,sqlite-3.31.1,1,961,16962,44,152311
v3.3_uniform_sqlite-3.31.1_run1,v3.3_uniform,sqlite-3.31.1,1,962,16984,44,152510
v3.3_uniform_sqlite-3.31.1_run1,v3.3_uniform,sqlite-3.31.1,1,963,17009,44,152829
v3.3_uniform_sqlite-3.31.1_run1,v3.3_uniform,sqlite-3.31.1,1,964,17025,44,153172
v3.3_uniform_sqlite-3.31.1_run1,v3.3_uniform,sqlite-3.31.1,1,965,17112,44,153362
v3.3_uniform_sqlite-3.31.1_run1,v3.3_uniform,sqlite-3.31.1,1,966,17112,44,153814
v3.3_uniform_sqlite-3.31.1_run1,v3.3_uniform,sqlite-3.31.1,1,967,17112,44,154072
v3.3_uniform_sqlite-3.31.1_run1,v3.3_uniform,sqlite-3.31.1,1,968,17112,44,154551
v3.3_uniform_sqlite-3.31.1_run1,v3.3_uniform,sqlite-3.31.1,1,969,17112,44,154955
v3.3_uniform_sqlite-3.31.1_run1,v3.3_uniform,sqlite-3.31.1,1,970,17112,44,155223
v3.3_uniform_sqlite-3.31.1_run1,v3.3_uniform,sqlite-3.31.1,1,971,17112,44,155507
v3.3_uniform_sqlite-3.31.1_run1,v3.3_uniform,sqlite-3.31.1,1,972,17112,44,155757
v3.3_uniform_sqlite-3.31.1_run1,v3.3_uniform,sqlite-3.31.1,1,973,17112,44,155757
v3.3_uniform_sqlite-3.31.1_run1,v3.3_uniform,sqlite-3.31.1,1,974,17112,44,155757
v3.3_uniform_sqlite-3.31.1_run1,v3.3_uniform,sqlite-3.31.1,1,975,17112,44,155757
v3.3_uniform_sqlite-3.31.1_run1,v3.3_uniform,sqlite-3.31.1,1,976,17112,44,155757
v3.3_uniform_sqlite-3.31.1_run1,v3.3_uniform,sqlite-3.31.1,1,977,17112,44,155757
v3.3_uniform_sqlite-3.31.1_run1,v3.3_uniform,sqlite-3.31.1,1,978,17112,44,155757
v3.3_uniform_sqlite-3.31.1_run1,v3.3_uniform,sqlite-3.31.1,1,979,17112,44,155757
v3.3_uniform_sqlite-3.31.1_run1,v3.3_uniform,sqlite-3.31.1,1,980,17112,44,155757
v3.3_uniform_sqlite-3.31.1_run1,v3.3_uniform,sqlite-3.31.1,1,981,17112,44,155757
v3.3_uniform_sqlite-3.31.1_run1,v3.3_uniform,sqlite-3.31.1,1,982,17112,44,155757
v3.3_uniform_sqlite-3.31.1_run1,v3.3_uniform,sqlite-3.31.1,1,983,17112,44,155757
v3.3_uniform_sqlite-3.31.1_run1,v3.3_uniform,sqlite-3.31.1,1,984,17112,44,155757
v3.3_uniform_sqlite-3.31.1_run1,v3.3_uniform,sqlite-3.31.1,1,985,17112,44,155757
v3.3_uniform_sqlite-3.31.1_run1,v3.3_uniform,sqlite-3.31.1,1,986,17112,44,155757
v3.3_uniform_sqlite-3.31.1_run1,v3.3_uniform,sqlite-3.31.1,1,987,17112,44,155757
v3.3_uniform_sqlite-3.31.1_run1,v3.3_uniform,sqlite-3.31.1,1,988,17112,44,155757
v3.3_uniform_sqlite-3.31.1_run1,v3.3_uniform,sqlite-3.31.1,1,989,17112,44,155757
v3.3_uniform_sqlite-3.31.1_run1,v3.3_uniform,sqlite-3.31.1,1,990,17112,44,155757
v3.3_uniform_sqlite-3.31.1_run1,v3.3_uniform,sqlite-3.31.1,1,991,17112,44,156036
v3.3_uniform_sqlite-3.31.1_run1,v3.3_uniform,sqlite-3.31.1,1,992,17112,44,156351
v3.3_uniform_sqlite-3.31.1_run1,v3.3_uniform,sqlite-3.31.1,1,993,17112,44,156674
v3.3_uniform_sqlite-3.31.1_run1,v3.3_uniform,sqlite-3.31.1,1,994,17112,44,156858
v3.3_uniform_sqlite-3.31.1_run1,v3.3_uniform,sqlite-3.31.1,1,995,17112,44,157062
v3.3_uniform_sqlite-3.31.1_run1,v3.3_uniform,sqlite-3.31.1,1,996,17112,44,157342
v3.3_uniform_sqlite-3.31.1_run1,v3.3_uniform,sqlite-3.31.1,1,997,17112,44,157766
v3.3_uniform_sqlite-3.31.1_run1,v3.3_uniform,sqlite-3.31.1,1,998,17112,44,157952
v3.3_uniform_sqlite-3.31.1_run1,v3.3_uniform,sqlite-3.31.1,1,999,17112,44,158147
v3.3_uniform_sqlite-3.31.1_run1,v3.3_uniform,sqlite-3.31.1,1,1000,17112,44,158479
v3.3_uniform_sqlite-3.31.1_run1,v3.3_uniform,sqlite-3.31.1,1,1001,17112,44,158704
v3.3_uniform_sqlite-3.31.1_run1,v3.3_uniform,sqlite-3.31.1,1,1002,17112,44,159054
v3.3_uniform_sqlite-3.31.1_run1,v3.3_uniform,sqlite-3.31.1,1,1003,17112,44,159054
v3.3_uniform_sqlite-3.31.1_run1,v3.3_uniform,sqlite-3.31.1,1,1004,17112,44,159314
v3.3_uniform_sqlite-3.31.1_run1,v3.3_uniform,sqlite-3.31.1,1,1005,17112,44,159463
v3.3_uniform_sqlite-3.31.1_run1,v3.3_uniform,sqlite-3.31.1,1,1006,17112,44,159463
v3.3_uniform_sqlite-3.31.1_run1,v3.3_uniform,sqlite-3.31.1,1,1007,17112,44,159744
v3.3_uniform_sqlite-3.31.1_run1,v3.3_uniform,sqlite-3.31.1,1,1008,17112,44,159794
v3.3_uniform_sqlite-3.31.1_run1,v3.3_uniform,sqlite-3.31.1,1,1009,17112,44,159992
v3.3_uniform_sqlite-3.31.1_run1,v3.3_uniform,sqlite-3.31.1,1,1010,17112,44,159992
v3.3_uniform_sqlite-3.31.1_run1,v3.3_uniform,sqlite-3.31.1,1,1011,17112,44,159992
v3.3_uniform_sqlite-3.31.1_run1,v3.3_uniform,sqlite-3.31.1,1,1012,17112,44,159992
v3.3_uniform_sqlite-3.31.1_run1,v3.3_uniform,sqlite-3.31.1,1,1013,17112,44,159992
v3.3_uniform_sqlite-3.31.1_run1,v3.3_uniform,sqlite-3.31.1,1,1014,17112,44,159992
v3.3_uniform_sqlite-3.31.1_run1,v3.3_uniform,sqlite-3.31.1,1,1015,17112,44,160120
v3.3_uniform_sqlite-3.31.1_run1,v3.3_uniform,sqlite-3.31.1,1,1016,17112,45,160239
v3.3_uniform_sqlite-3.31.1_run1,v3.3_uniform,sqlite-3.31.1,1,1017,17112,45,160454
v3.3_uniform_sqlite-3.31.1_run1,v3.3_uniform,sqlite-3.31.1,1,1018,17112,45,160454
v3.3_uniform_sqlite-3.31.1_run1,v3.3_uniform,sqlite-3.31.1,1,1019,17112,46,160654
v3.3_uniform_sqlite-3.31.1_run1,v3.3_uniform,sqlite-3.31.1,1,1020,17112,46,160887
v3.3_uniform_sqlite-3.31.1_run1,v3.3_uniform,sqlite-3.31.1,1,1021,17112,46,161116
v3.3_uniform_sqlite-3.31.1_run1,v3.3_uniform,sqlite-3.31.1,1,1022,17113,46,161482
v3.3_uniform_sqlite-3.31.1_run1,v3.3_uniform,sqlite-3.31.1,1,1023,17113,46,161482
v3.3_uniform_sqlite-3.31.1_run1,v3.3_uniform,sqlite-3.31.1,1,1024,17119,46,161482
v3.3_uniform_sqlite-3.31.1_run1,v3.3_uniform,sqlite-3.31.1,1,1025,17119,46,161482
v3.3_uniform_sqlite-3.31.1_run1,v3.3_uniform,sqlite-3.31.1,1,1026,17119,46,161482
v3.3_uniform_sqlite-3.31.1_run1,v3.3_uniform,sqlite-3.31.1,1,1027,17124,46,161482
v3.3_uniform_sqlite-3.31.1_run1,v3.3_uniform,sqlite-3.31.1,1,1028,17124,46,161482
v3.3_uniform_sqlite-3.31.1_run1,v3.3_uniform,sqlite-3.31.1,1,1029,17124,46,161482
v3.3_uniform_sqlite-3.31.1_run1,v3.3_uniform,sqlite-3.31.1,1,1030,17124,46,161482
v3.3_uniform_sqlite-3.31.1_run1,v3.3_uniform,sqlite-3.31.1,1,1031,17125,46,162561
v3.3_uniform_sqlite-3.31.1_run1,v3.3_uniform,sqlite-3.31.1,1,1032,17125,46,162952
v3.3_uniform_sqlite-3.31.1_run1,v3.3_uniform,sqlite-3.31.1,1,1033,17125,47,163194
v3.3_uniform_sqlite-3.31.1_run1,v3.3_uniform,sqlite-3.31.1,1,1034,17125,47,163410
v3.3_uniform_sqlite-3.31.1_run1,v3.3_uniform,sqlite-3.31.1,1,1035,17125,47,163541
v3.3_uniform_sqlite-3.31.1_run1,v3.3_uniform,sqlite-3.31.1,1,1036,17125,48,163649
v3.3_uniform_sqlite-3.31.1_run1,v3.3_uniform,sqlite-3.31.1,1,1037,17125,48,163649
v3.3_uniform_sqlite-3.31.1_run1,v3.3_uniform,sqlite-3.31.1,1,1038,17125,48,163649
v3.3_uniform_sqlite-3.31.1_run1,v3.3_uniform,sqlite-3.31.1,1,1039,17125,48,163911
v3.3_uniform_sqlite-3.31.1_run1,v3.3_uniform,sqlite-3.31.1,1,1040,17125,48,164228
v3.3_uniform_sqlite-3.31.1_run1,v3.3_uniform,sqlite-3.31.1,1,1041,17125,48,164355
v3.3_uniform_sqlite-3.31.1_run1,v3.3_uniform,sqlite-3.31.1,1,1042,17125,48,164789
v3.3_uniform_sqlite-3.31.1_run1,v3.3_uniform,sqlite-3.31.1,1,1043,17125,48,165052
v3.3_uniform_sqlite-3.31.1_run1,v3.3_uniform,sqlite-3.31.1,1,1044,17127,48,165331
v3.3_uniform_sqlite-3.31.1_run1,v3.3_uniform,sqlite-3.31.1,1,1045,17127,48,165586
v3.3_uniform_sqlite-3.31.1_run1,v3.3_uniform,sqlite-3.31.1,1,1046,17127,48,165791
v3.3_uniform_sqlite-3.31.1_run1,v3.3_uniform,sqlite-3.31.1,1,1047,17127,48,166204
v3.3_uniform_sqlite-3.31.1_run1,v3.3_uniform,sqlite-3.31.1,1,1048,17127,48,166403
v3.3_uniform_sqlite-3.31.1_run1,v3.3_uniform,sqlite-3.31.1,1,1049,17127,48,166620
v3.3_uniform_sqlite-3.31.1_run1,v3.3_uniform,sqlite-3.31.1,1,1050,17127,48,167155
v3.3_uniform_sqlite-3.31.1_run1,v3.3_uniform,sqlite-3.31.1,1,1051,17127,48,167214
v3.3_uniform_sqlite-3.31.1_run1,v3.3_uniform,sqlite-3.31.1,1,1052,17127,48,167214
v3.3_uniform_sqlite-3.31.1_run1,v3.3_uniform,sqlite-3.31.1,1,1053,17127,48,167214
v3.3_uniform_sqlite-3.31.1_run1,v3.3_uniform,sqlite-3.31.1,1,1054,17127,48,167214
v3.3_uniform_sqlite-3.31.1_run1,v3.3_uniform,sqlite-3.31.1,1,1055,17127,48,167214
v3.3_uniform_sqlite-3.31.1_run1,v3.3_uniform,sqlite-3.31.1,1,1056,17127,48,167214
v3.3_uniform_sqlite-3.31.1_run1,v3.3_uniform,sqlite-3.31.1,1,1057,17127,48,167214
v3.3_uniform_sqlite-3.31.1_run1,v3.3_uniform,sqlite-3.31.1,1,1058,17127,48,167214
v3.3_uniform_sqlite-3.31.1_run1,v3.3_uniform,sqlite-3.31.1,1,1059,17127,48,167214
v3.3_uniform_sqlite-3.31.1_run1,v3.3_uniform,sqlite-3.31.1,1,1060,17127,48,167214
v3.3_uniform_sqlite-3.31.1_run1,v3.3_uniform,sqlite-3.31.1,1,1061,17127,48,167214
v3.3_uniform_sqlite-3.31.1_run1,v3.3_uniform,sqlite-3.31.1,1,1062,17127,48,167214
v3.3_uniform_sqlite-3.31.1_run1,v3.3_uniform,sqlite-3.31.1,1,1063,17127,48,167214
v3.3_uniform_sqlite-3.31.1_run1,v3.3_uniform,sqlite-3.31.1,1,1064,17127,48,167214
v3.3_uniform_sqlite-3.31.1_run1,v3.3_uniform,sqlite-3.31.1,1,1065,17127,48,167214
v3.3_uniform_sqlite-3.31.1_run1,v3.3_uniform,sqlite-3.31.1,1,1066,17127,48,167214
v3.3_uniform_sqlite-3.31.1_run1,v3.3_uniform,sqlite-3.31.1,1,1067,17127,48,167214
v3.3_uniform_sqlite-3.31.1_run1,v3.3_uniform,sqlite-3.31.1,1,1068,17127,48,167214
v3.3_uniform_sqlite-3.31.1_run1,v3.3_uniform,sqlite-3.31.1,1,1069,17127,48,167214
v3.3_uniform_sqlite-3.31.1_run1,v3.3_uniform,sqlite-3.31.1,1,1070,17127,48,167639
v3.3_uniform_sqlite-3.31.1_run1,v3.3_uniform,sqlite-3.31.1,1,1071,17127,48,167825
v3.3_uniform_sqlite-3.31.1_run1,v3.3_uniform,sqlite-3.31.1,1,1072,17127,48,168112
v3.3_uniform_sqlite-3.31.1_run1,v3.3_uniform,sqlite-3.31.1,1,1073,17127,48,168330
v3.3_uniform_sqlite-3.31.1_run1,v3.3_uniform,sqlite-3.31.1,1,1074,17127,48,168485
v3.3_uniform_sqlite-3.31.1_run1,v3.3_uniform,sqlite-3.31.1,1,1075,17127,48,168767
v3.3_uniform_sqlite-3.31.1_run1,v3.3_uniform,sqlite-3.31.1,1,1076,17127,48,169266
v3.3_uniform_sqlite-3.31.1_run1,v3.3_uniform,sqlite-3.31.1,1,1077,17127,48,169542
v3.3_uniform_sqlite-3.31.1_run1,v3.3_uniform,sqlite-3.31.1,1,1078,17127,48,169891
v3.3_uniform_sqlite-3.31.1_run1,v3.3_uniform,sqlite-3.31.1,1,1079,17144,48,170075
v3.3_uniform_sqlite-3.31.1_run1,v3.3_uniform,sqlite-3.31.1,1,1080,17159,48,170264
v3.3_uniform_sqlite-3.31.1_run1,v3.3_uniform,sqlite-3.31.1,1,1081,17161,48,170489
v3.3_uniform_sqlite-3.31.1_run1,v3.3_uniform,sqlite-3.31.1,1,1082,17178,48,170832
v3.3_uniform_sqlite-3.31.1_run1,v3.3_uniform,sqlite-3.31.1,1,1083,17184,48,171027
v3.3_uniform_sqlite-3.31.1_run1,v3.3_uniform,sqlite-3.31.1,1,1084,17184,48,171303
v3.3_uniform_sqlite-3.31.1_run1,v3.3_uniform,sqlite-3.31.1,1,1085,17184,48,171501
v3.3_uniform_sqlite-3.31.1_run1,v3.3_uniform,sqlite-3.31.1,1,1086,17184,48,171749
v3.3_uniform_sqlite-3.31.1_run1,v3.3_uniform,sqlite-3.31.1,1,1087,17184,48,172145
v3.3_uniform_sqlite-3.31.1_run1,v3.3_uniform,sqlite-3.31.1,1,1088,17184,48,172407
v3.3_uniform_sqlite-3.31.1_run1,v3.3_uniform,sqlite-3.31.1,1,1089,17184,48,172407
v3.3_uniform_sqlite-3.31.1_run1,v3.3_uniform,sqlite-3.31.1,1,1090,17184,48,172407
v3.3_uniform_sqlite-3.31.1_run1,v3.3_uniform,sqlite-3.31.1,1,1091,17184,48,172407
v3.3_uniform_sqlite-3.31.1_run1,v3.3_uniform,sqlite-3.31.1,1,1092,17192,48,172407
v3.3_uniform_sqlite-3.31.1_run1,v3.3_uniform,sqlite-3.31.1,1,1093,17192,48,172407
v3.3_uniform_sqlite-3.31.1_run1,v3.3_uniform,sqlite-3.31.1,1,1094,17192,48,172407
v3.3_uniform_sqlite-3.31.1_run1,v3.3_uniform,sqlite-3.31.1,1,1095,17192,48,173366
v3.3_uniform_sqlite-3.31.1_run1,v3.3_uniform,sqlite-3.31.1,1,1096,17192,48,173434
v3.3_uniform_sqlite-3.31.1_run1,v3.3_uniform,sqlite-3.31.1,1,1097,17192,48,173790
v3.3_uniform_sqlite-3.31.1_run1,v3.3_uniform,sqlite-3.31.1,1,1098,17192,48,174063
v3.3_uniform_sqlite-3.31.1_run1,v3.3_uniform,sqlite-3.31.1,1,1099,17192,48,174209
v3.3_uniform_sqlite-3.31.1_run1,v3.3_uniform,sqlite-3.31.1,1,1100,17192,48,174209
v3.3_uniform_sqlite-3.31.1_run1,v3.3_uniform,sqlite-3.31.1,1,1101,17192,48,174505
v3.3_uniform_sqlite-3.31.1_run1,v3.3_uniform,sqlite-3.31.1,1,1102,17233,48,174839
v3.3_uniform_sqlite-3.31.1_run1,v3.3_uniform,sqlite-3.31.1,1,1103,17246,48,175105
v3.3_uniform_sqlite-3.31.1_run1,v3.3_uniform,sqlite-3.31.1,1,1104,17262,48,175301
v3.3_uniform_sqlite-3.31.1_run1,v3.3_uniform,sqlite-3.31.1,1,1105,17264,48,175624
v3.3_uniform_sqlite-3.31.1_run1,v3.3_uniform,sqlite-3.31.1,1,1106,17265,48,175915
v3.3_uniform_sqlite-3.31.1_run1,v3.3_uniform,sqlite-3.31.1,1,1107,17265,48,176118
v3.3_uniform_sqlite-3.31.1_run1,v3.3_uniform,sqlite-3.31.1,1,1108,17265,48,176590
v3.3_uniform_sqlite-3.31.1_run1,v3.3_uniform,sqlite-3.31.1,1,1109,17265,48,176860
v3.3_uniform_sqlite-3.31.1_run1,v3.3_uniform,sqlite-3.31.1,1,1110,17265,48,176998
v3.3_uniform_sqlite-3.31.1_run1,v3.3_uniform,sqlite-3.31.1,1,1111,17265,48,177268
v3.3_uniform_sqlite-3.31.1_run1,v3.3_uniform,sqlite-3.31.1,1,1112,17265,48,177537
v3.3_uniform_sqlite-3.31.1_run1,v3.3_uniform,sqlite-3.31.1,1,1113,17265,48,177682
v3.3_uniform_sqlite-3.31.1_run1,v3.3_uniform,sqlite-3.31.1,1,1114,17265,48,177830
v3.3_uniform_sqlite-3.31.1_run1,v3.3_uniform,sqlite-3.31.1,1,1115,17265,48,177830
v3.3_uniform_sqlite-3.31.1_run1,v3.3_uniform,sqlite-3.31.1,1,1116,17265,48,177830
v3.3_uniform_sqlite-3.31.1_run1,v3.3_uniform,sqlite-3.31.1,1,1117,17265,48,177830
v3.3_uniform_sqlite-3.31.1_run1,v3.3_uniform,sqlite-3.31.1,1,1118,17265,48,177830
v3.3_uniform_sqlite-3.31.1_run1,v3.3_uniform,sqlite-3.31.1,1,1119,17265,48,177830
v3.3_uniform_sqlite-3.31.1_run1,v3.3_uniform,sqlite-3.31.1,1,1120,17265,48,177830
v3.3_uniform_sqlite-3.31.1_run1,v3.3_uniform,sqlite-3.31.1,1,1121,17265,48,177830
v3.3_uniform_sqlite-3.31.1_run1,v3.3_uniform,sqlite-3.31.1,1,1122,17265,48,177830
v3.3_uniform_sqlite-3.31.1_run1,v3.3_uniform,sqlite-3.31.1,1,1123,17265,48,177830
v3.3_uniform_sqlite-3.31.1_run1,v3.3_uniform,sqlite-3.31.1,1,1124,17265,48,177830
v3.3_uniform_sqlite-3.31.1_run1,v3.3_uniform,sqlite-3.31.1,1,1125,17265,48,177830
v3.3_uniform_sqlite-3.31.1_run1,v3.3_uniform,sqlite-3.31.1,1,1126,17265,48,177830
v3.3_uniform_sqlite-3.31.1_run1,v3.3_uniform,sqlite-3.31.1,1,1127,17265,48,177830
v3.3_uniform_sqlite-3.31.1_run1,v3.3_uniform,sqlite-3.31.1,1,1128,17265,48,177830
v3.3_uniform_sqlite-3.31.1_run1,v3.3_uniform,sqlite-3.31.1,1,1129,17265,48,177830
v3.3_uniform_sqlite-3.31.1_run1,v3.3_uniform,sqlite-3.31.1,1,1130,17265,48,177830
v3.3_uniform_sqlite-3.31.1_run1,v3.3_uniform,sqlite-3.31.1,1,1131,17265,48,177830
v3.3_uniform_sqlite-3.31.1_run1,v3.3_uniform,sqlite-3.31.1,1,1132,17265,48,177830
v3.3_uniform_sqlite-3.31.1_run1,v3.3_uniform,sqlite-3.31.1,1,1133,17265,48,177830
v3.3_uniform_sqlite-3.31.1_run1,v3.3_uniform,sqlite-3.31.1,1,1134,17265,48,178110
v3.3_uniform_sqlite-3.31.1_run1,v3.3_uniform,sqlite-3.31.1,1,1135,17265,48,178372
v3.3_uniform_sqlite-3.31.1_run1,v3.3_uniform,sqlite-3.31.1,1,1136,17265,48,178742
v3.3_uniform_sqlite-3.31.1_run1,v3.3_uniform,sqlite-3.31.1,1,1137,17265,48,178926
v3.3_uniform_sqlite-3.31.1_run1,v3.3_uniform,sqlite-3.31.1,1,1138,17265,48,179133
v3.3_uniform_sqlite-3.31.1_run1,v3.3_uniform,sqlite-3.31.1,1,1139,17265,48,179343
v3.3_uniform_sqlite-3.31.1_run1,v3.3_uniform,sqlite-3.31.1,1,1140,17265,48,179561
v3.3_uniform_sqlite-3.31.1_run1,v3.3_uniform,sqlite-3.31.1,1,1141,17265,48,179897
v3.3_uniform_sqlite-3.31.1_run1,v3.3_uniform,sqlite-3.31.1,1,1142,17265,48,180222
v3.3_uniform_sqlite-3.31.1_run1,v3.3_uniform,sqlite-3.31.1,1,1143,17265,48,180555
v3.3_uniform_sqlite-3.31.1_run1,v3.3_uniform,sqlite-3.31.1,1,1144,17265,48,180792
v3.3_uniform_sqlite-3.31.1_run1,v3.3_uniform,sqlite-3.31.1,1,1145,17265,48,181087
v3.3_uniform_sqlite-3.31.1_run1,v3.3_uniform,sqlite-3.31.1,1,1146,17266,48,181288
v3.3_uniform_sqlite-3.31.1_run1,v3.3_uniform,sqlite-3.31.1,1,1147,17266,48,181440
v3.3_uniform_sqlite-3.31.1_run1,v3.3_uniform,sqlite-3.31.1,1,1148,17266,48,181769
v3.3_uniform_sqlite-3.31.1_run1,v3.3_uniform,sqlite-3.31.1,1,1149,17266,48,182103
v3.3_uniform_sqlite-3.31.1_run1,v3.3_uniform,sqlite-3.31.1,1,1150,17270,48,182233
v3.3_uniform_sqlite-3.31.1_run1,v3.3_uniform,sqlite-3.31.1,1,1151,17270,48,182609
v3.3_uniform_sqlite-3.31.1_run1,v3.3_uniform,sqlite-3.31.1,1,1152,17270,48,182892
v3.3_uniform_sqlite-3.31.1_run1,v3.3_uniform,sqlite-3.31.1,1,1153,17271,48,183107
v3.3_uniform_sqlite-3.31.1_run1,v3.3_uniform,sqlite-3.31.1,1,1154,17272,48,183275
v3.3_uniform_sqlite-3.31.1_run1,v3.3_uniform,sqlite-3.31.1,1,1155,17272,48,183275
v3.3_uniform_sqlite-3.31.1_run1,v3.3_uniform,sqlite-3.31.1,1,1156,17272,48,183275
v3.3_uniform_sqlite-3.31.1_run1,v3.3_uniform,sqlite-3.31.1,1,1157,17272,48,183275
v3.3_uniform_sqlite-3.31.1_run1,v3.3_uniform,sqlite-3.31.1,1,1158,17272,48,183275
v3.3_uniform_sqlite-3.31.1_run1,v3.3_uniform,sqlite-3.31.1,1,1159,17272,48,183275
v3.3_uniform_sqlite-3.31.1_run1,v3.3_uniform,sqlite-3.31.1,1,1160,17273,48,183275
v3.3_uniform_sqlite-3.31.1_run1,v3.3_uniform,sqlite-3.31.1,1,1161,17273,48,184363
v3.3_uniform_sqlite-3.31.1_run1,v3.3_uniform,sqlite-3.31.1,1,1162,17273,49,184561
v3.3_uniform_sqlite-3.31.1_run1,v3.3_uniform,sqlite-3.31.1,1,1163,17273,49,184856
v3.3_uniform_sqlite-3.31.1_run1,v3.3_uniform,sqlite-3.31.1,1,1164,17273,49,185100
v3.3_uniform_sqlite-3.31.1_run1,v3.3_uniform,sqlite-3.31.1,1,1165,17278,49,185261
v3.3_uniform_sqlite-3.31.1_run1,v3.3_uniform,sqlite-3.31.1,1,1166,17278,49,185497
v3.3_uniform_sqlite-3.31.1_run1,v3.3_uniform,sqlite-3.31.1,1,1167,17278,49,185956
v3.3_uniform_sqlite-3.31.1_run1,v3.3_uniform,sqlite-3.31.1,1,1168,17278,49,186255
v3.3_uniform_sqlite-3.31.1_run1,v3.3_uniform,sqlite-3.31.1,1,1169,17278,49,186428
v3.3_uniform_sqlite-3.31.1_run1,v3.3_uniform,sqlite-3.31.1,1,1170,17278,49,186797
v3.3_uniform_sqlite-3.31.1_run1,v3.3_uniform,sqlite-3.31.1,1,1171,17278,49,186840
v3.3_uniform_sqlite-3.31.1_run1,v3.3_uniform,sqlite-3.31.1,1,1172,17278,49,187259
v3.3_uniform_sqlite-3.31.1_run1,v3.3_uniform,sqlite-3.31.1,1,1173,17278,49,187468
v3.3_uniform_sqlite-3.31.1_run1,v3.3_uniform,sqlite-3.31.1,1,1174,17278,49,187663
v3.3_uniform_sqlite-3.31.1_run1,v3.3_uniform,sqlite-3.31.1,1,1175,17278,49,187861
v3.3_uniform_sqlite-3.31.1_run1,v3.3_uniform,sqlite-3.31.1,1,1176,17278,49,188165
v3.3_uniform_sqlite-3.31.1_run1,v3.3_uniform,sqlite-3.31.1,1,1177,17278,49,188395
v3.3_uniform_sqlite-3.31.1_run1,v3.3_uniform,sqlite-3.31.1,1,1178,17278,49,188395
v3.3_uniform_sqlite-3.31.1_run1,v3.3_uniform,sqlite-3.31.1,1,1179,17278,49,188395
v3.3_uniform_sqlite-3.31.1_run1,v3.3_uniform,sqlite-3.31.1,1,1180,17278,49,188395
v3.3_uniform_sqlite-3.31.1_run1,v3.3_uniform,sqlite-3.31.1,1,1181,17278,49,188395
v3.3_uniform_sqlite-3.31.1_run1,v3.3_uniform,sqlite-3.31.1,1,1182,17278,49,188395
v3.3_uniform_sqlite-3.31.1_run1,v3.3_uniform,sqlite-3.31.1,1,1183,17278,49,188395
v3.3_uniform_sqlite-3.31.1_run1,v3.3_uniform,sqlite-3.31.1,1,1184,17278,49,188395
v3.3_uniform_sqlite-3.31.1_run1,v3.3_uniform,sqlite-3.31.1,1,1185,17278,49,188395
v3.3_uniform_sqlite-3.31.1_run1,v3.3_uniform,sqlite-3.31.1,1,1186,17278,49,188395
v3.3_uniform_sqlite-3.31.1_run1,v3.3_uniform,sqlite-3.31.1,1,1187,17278,49,188395
v3.3_uniform_sqlite-3.31.1_run1,v3.3_uniform,sqlite-3.31.1,1,1188,17278,49,188395
v3.3_uniform_sqlite-3.31.1_run1,v3.3_uniform,sqlite-3.31.1,1,1189,17278,49,188395
v3.3_uniform_sqlite-3.31.1_run1,v3.3_uniform,sqlite-3.31.1,1,1190,17278,49,188395
v3.3_uniform_sqlite-3.31.1_run1,v3.3_uniform,sqlite-3.31.1,1,1191,17278,49,188395
v3.3_uniform_sqlite-3.31.1_run1,v3.3_uniform,sqlite-3.31.1,1,1192,17278,49,188395
v3.3_uniform_sqlite-3.31.1_run1,v3.3_uniform,sqlite-3.31.1,1,1193,17278,49,188395
v3.3_uniform_sqlite-3.31.1_run1,v3.3_uniform,sqlite-3.31.1,1,1194,17278,49,188395
v3.3_uniform_sqlite-3.31.1_run1,v3.3_uniform,sqlite-3.31.1,1,1195,17278,49,188395
v3.3_uniform_sqlite-3.31.1_run1,v3.3_uniform,sqlite-3.31.1,1,1196,17278,49,188395
v3.3_uniform_sqlite-3.31.1_run1,v3.3_uniform,sqlite-3.31.1,1,1197,17278,49,188673
v3.3_uniform_sqlite-3.31.1_run1,v3.3_uniform,sqlite-3.31.1,1,1198,17278,49,188954
v3.3_uniform_sqlite-3.31.1_run1,v3.3_uniform,sqlite-3.31.1,1,1199,17278,49,189015
v3.3_uniform_sqlite-3.31.1_run1,v3.3_uniform,sqlite-3.31.1,1,1200,17278,49,189297
v3.3_uniform_sqlite-3.31.1_run1,v3.3_uniform,sqlite-3.31.1,1,1201,17278,49,189572
v3.3_uniform_sqlite-3.31.1_run1,v3.3_uniform,sqlite-3.31.1,1,1202,17278,49,189801
v3.3_uniform_sqlite-3.31.1_run1,v3.3_uniform,sqlite-3.31.1,1,1203,17278,49,190079
v3.3_uniform_sqlite-3.31.1_run1,v3.3_uniform,sqlite-3.31.1,1,1204,17278,49,190495
v3.3_uniform_sqlite-3.31.1_run1,v3.3_uniform,sqlite-3.31.1,1,1205,17278,49,190928
v3.3_uniform_sqlite-3.31.1_run1,v3.3_uniform,sqlite-3.31.1,1,1206,17278,49,191119
v3.3_uniform_sqlite-3.31.1_run1,v3.3_uniform,sqlite-3.31.1,1,1207,17310,49,191489
v3.3_uniform_sqlite-3.31.1_run1,v3.3_uniform,sqlite-3.31.1,1,1208,17314,49,191489
v3.3_uniform_sqlite-3.31.1_run1,v3.3_uniform,sqlite-3.31.1,1,1209,17318,49,191874
v3.3_uniform_sqlite-3.31.1_run1,v3.3_uniform,sqlite-3.31.1,1,1210,17318,49,192211
v3.3_uniform_sqlite-3.31.1_run1,v3.3_uniform,sqlite-3.31.1,1,1211,17318,49,192487
v3.3_uniform_sqlite-3.31.1_run1,v3.3_uniform,sqlite-3.31.1,1,1212,17318,49,192699
v3.3_uniform_sqlite-3.31.1_run1,v3.3_uniform,sqlite-3.31.1,1,1213,17318,49,192871
v3.3_uniform_sqlite-3.31.1_run1,v3.3_uniform,sqlite-3.31.1,1,1214,17318,49,193274
v3.3_uniform_sqlite-3.31.1_run1,v3.3_uniform,sqlite-3.31.1,1,1215,17318,49,193604
v3.3_uniform_sqlite-3.31.1_run1,v3.3_uniform,sqlite-3.31.1,1,1216,17318,49,193604
v3.3_uniform_sqlite-3.31.1_run1,v3.3_uniform,sqlite-3.31.1,1,1217,17318,49,193604
v3.3_uniform_sqlite-3.31.1_run1,v3.3_uniform,sqlite-3.31.1,1,1218,17318,49,193604
v3.3_uniform_sqlite-3.31.1_run1,v3.3_uniform,sqlite-3.31.1,1,1219,17318,49,193604
v3.3_uniform_sqlite-3.31.1_run1,v3.3_uniform,sqlite-3.31.1,1,1220,17318,49,193604
v3.3_uniform_sqlite-3.31.1_run1,v3.3_uniform,sqlite-3.31.1,1,1221,17318,49,193604
v3.3_uniform_sqlite-3.31.1_run1,v3.3_uniform,sqlite-3.31.1,1,1222,17318,49,193604
v3.3_uniform_sqlite-3.31.1_run1,v3.3_uniform,sqlite-3.31.1,1,1223,17321,49,193604
v3.3_uniform_sqlite-3.31.1_run1,v3.3_uniform,sqlite-3.31.1,1,1224,17321,49,193604
v3.3_uniform_sqlite-3.31.1_run1,v3.3_uniform,sqlite-3.31.1,1,1225,17321,49,193604
v3.3_uniform_sqlite-3.31.1_run1,v3.3_uniform,sqlite-3.31.1,1,1226,17321,49,194619
v3.3_uniform_sqlite-3.31.1_run1,v3.3_uniform,sqlite-3.31.1,1,1227,17321,49,194886
v3.3_uniform_sqlite-3.31.1_run1,v3.3_uniform,sqlite-3.31.1,1,1228,17321,49,194967
v3.3_uniform_sqlite-3.31.1_run1,v3.3_uniform,sqlite-3.31.1,1,1229,17321,49,195393
v3.3_uniform_sqlite-3.31.1_run1,v3.3_uniform,sqlite-3.31.1,1,1230,17321,49,195654
v3.3_uniform_sqlite-3.31.1_run1,v3.3_uniform,sqlite-3.31.1,1,1231,17322,49,195852
v3.3_uniform_sqlite-3.31.1_run1,v3.3_uniform,sqlite-3.31.1,1,1232,17322,49,196092
v3.3_uniform_sqlite-3.31.1_run1,v3.3_uniform,sqlite-3.31.1,1,1233,17322,49,196231
v3.3_uniform_sqlite-3.31.1_run1,v3.3_uniform,sqlite-3.31.1,1,1234,17325,49,196560
v3.3_uniform_sqlite-3.31.1_run1,v3.3_uniform,sqlite-3.31.1,1,1235,17331,49,196738
v3.3_uniform_sqlite-3.31.1_run1,v3.3_uniform,sqlite-3.31.1,1,1236,17331,49,196890
v3.3_uniform_sqlite-3.31.1_run1,v3.3_uniform,sqlite-3.31.1,1,1237,17331,49,197119
v3.3_uniform_sqlite-3.31.1_run1,v3.3_uniform,sqlite-3.31.1,1,1238,17331,49,197528
v3.3_uniform_sqlite-3.31.1_run1,v3.3_uniform,sqlite-3.31.1,1,1239,17331,49,197738
v3.3_uniform_sqlite-3.31.1_run1,v3.3_uniform,sqlite-3.31.1,1,1240,17331,49,198227
v3.3_uniform_sqlite-3.31.1_run1,v3.3_uniform,sqlite-3.31.1,1,1241,17331,49,198359
v3.3_uniform_sqlite-3.31.1_run1,v3.3_uniform,sqlite-3.31.1,1,1242,17331,49,198359
v3.3_uniform_sqlite-3.31.1_run1,v3.3_uniform,sqlite-3.31.1,1,1243,17331,49,198624
v3.3_uniform_sqlite-3.31.1_run1,v3.3_uniform,sqlite-3.31.1,1,1244,17331,49,198951
v3.3_uniform_sqlite-3.31.1_run1,v3.3_uniform,sqlite-3.31.1,1,1245,17331,49,199226
v3.3_uniform_sqlite-3.31.1_run1,v3.3_uniform,sqlite-3.31.1,1,1246,17331,49,199226
v3.3_uniform_sqlite-3.31.1_run1,v3.3_uniform,sqlite-3.31.1,1,1247,17331,49,199226
v3.3_uniform_sqlite-3.31.1_run1,v3.3_uniform,sqlite-3.31.1,1,1248,17331,49,199226
v3.3_uniform_sqlite-3.31.1_run1,v3.3_uniform,sqlite-3.31.1,1,1249,17331,49,199226
v3.3_uniform_sqlite-3.31.1_run1,v3.3_uniform,sqlite-3.31.1,1,1250,17331,49,199226
v3.3_uniform_sqlite-3.31.1_run1,v3.3_uniform,sqlite-3.31.1,1,1251,17331,49,199226
v3.3_uniform_sqlite-3.31.1_run1,v3.3_uniform,sqlite-3.31.1,1,1252,17331,49,199226
v3.3_uniform_sqlite-3.31.1_run1,v3.3_uniform,sqlite-3.31.1,1,1253,17331,49,199226
v3.3_uniform_sqlite-3.31.1_run1,v3.3_uniform,sqlite-3.31.1,1,1254,17331,49,199226
v3.3_uniform_sqlite-3.31.1_run1,v3.3_uniform,sqlite-3.31.1,1,1255,17331,49,199226
v3.3_uniform_sqlite-3.31.1_run1,v3.3_uniform,sqlite-3.31.1,1,1256,17331,49,199226
v3.3_uniform_sqlite-3.31.1_run1,v3.3_uniform,sqlite-3.31.1,1,1257,17331,49,199226
v3.3_uniform_sqlite-3.31.1_run1,v3.3_uniform,sqlite-3.31.1,1,1258,17331,49,199226
v3.3_uniform_sqlite-3.31.1_run1,v3.3_uniform,sqlite-3.31.1,1,1259,17331,49,199226
v3.3_uniform_sqlite-3.31.1_run1,v3.3_uniform,sqlite-3.31.1,1,1260,17331,49,199226
v3.3_uniform_sqlite-3.31.1_run1,v3.3_uniform,sqlite-3.31.1,1,1261,17331,49,199226
v3.3_uniform_sqlite-3.31.1_run1,v3.3_uniform,sqlite-3.31.1,1,1262,17331,49,199226
v3.3_uniform_sqlite-3.31.1_run1,v3.3_uniform,sqlite-3.31.1,1,1263,17331,49,199226
v3.3_uniform_sqlite-3.31.1_run1,v3.3_uniform,sqlite-3.31.1,1,1264,17331,49,199498
v3.3_uniform_sqlite-3.31.1_run1,v3.3_uniform,sqlite-3.31.1,1,1265,17331,49,199826
v3.3_uniform_sqlite-3.31.1_run1,v3.3_uniform,sqlite-3.31.1,1,1266,17332,49,200087
v3.3_uniform_sqlite-3.31.1_run1,v3.3_uniform,sqlite-3.31.1,1,1267,17332,49,200324
v3.3_uniform_sqlite-3.31.1_run1,v3.3_uniform,sqlite-3.31.1,1,1268,17332,49,200523
v3.3_uniform_sqlite-3.31.1_run1,v3.3_uniform,sqlite-3.31.1,1,1269,17332,49,200947
v3.3_uniform_sqlite-3.31.1_run1,v3.3_uniform,sqlite-3.31.1,1,1270,17332,49,201231
v3.3_uniform_sqlite-3.31.1_run1,v3.3_uniform,sqlite-3.31.1,1,1271,17332,49,201426
v3.3_uniform_sqlite-3.31.1_run1,v3.3_uniform,sqlite-3.31.1,1,1272,17332,49,201609
v3.3_uniform_sqlite-3.31.1_run1,v3.3_uniform,sqlite-3.31.1,1,1273,17332,49,202063
v3.3_uniform_sqlite-3.31.1_run1,v3.3_uniform,sqlite-3.31.1,1,1274,17332,49,202305
v3.3_uniform_sqlite-3.31.1_run1,v3.3_uniform,sqlite-3.31.1,1,1275,17332,49,202553
v3.3_uniform_sqlite-3.31.1_run1,v3.3_uniform,sqlite-3.31.1,1,1276,17332,49,202876
v3.3_uniform_sqlite-3.31.1_run1,v3.3_uniform,sqlite-3.31.1,1,1277,17332,49,203146
v3.3_uniform_sqlite-3.31.1_run1,v3.3_uniform,sqlite-3.31.1,1,1278,17332,49,203358
v3.3_uniform_sqlite-3.31.1_run1,v3.3_uniform,sqlite-3.31.1,1,1279,17332,49,203616
v3.3_uniform_sqlite-3.31.1_run1,v3.3_uniform,sqlite-3.31.1,1,1280,17332,49,203831
v3.3_uniform_sqlite-3.31.1_run1,v3.3_uniform,sqlite-3.31.1,1,1281,17332,49,203998
v3.3_uniform_sqlite-3.31.1_run1,v3.3_uniform,sqlite-3.31.1,1,1282,17332,49,204125
v3.3_uniform_sqlite-3.31.1_run1,v3.3_uniform,sqlite-3.31.1,1,1283,17332,49,204341
v3.3_uniform_sqlite-3.31.1_run1,v3.3_uniform,sqlite-3.31.1,1,1284,17332,49,204550
v3.3_uniform_sqlite-3.31.1_run1,v3.3_uniform,sqlite-3.31.1,1,1285,17332,49,204715
v3.3_uniform_sqlite-3.31.1_run1,v3.3_uniform,sqlite-3.31.1,1,1286,17332,49,204715
v3.3_uniform_sqlite-3.31.1_run1,v3.3_uniform,sqlite-3.31.1,1,1287,17332,49,204715
v3.3_uniform_sqlite-3.31.1_run1,v3.3_uniform,sqlite-3.31.1,1,1288,17332,49,204715
v3.3_uniform_sqlite-3.31.1_run1,v3.3_uniform,sqlite-3.31.1,1,1289,17332,49,204715
v3.3_uniform_sqlite-3.31.1_run1,v3.3_uniform,sqlite-3.31.1,1,1290,17332,49,204715
v3.3_uniform_sqlite-3.31.1_run1,v3.3_uniform,sqlite-3.31.1,1,1291,17332,49,204715
v3.3_uniform_sqlite-3.31.1_run1,v3.3_uniform,sqlite-3.31.1,1,1292,17332,49,205668
v3.3_uniform_sqlite-3.31.1_run1,v3.3_uniform,sqlite-3.31.1,1,1293,17332,49,205982
v3.3_uniform_sqlite-3.31.1_run1,v3.3_uniform,sqlite-3.31.1,1,1294,17332,49,206177
v3.3_uniform_sqlite-3.31.1_run1,v3.3_uniform,sqlite-3.31.1,1,1295,17332,49,206380
v3.3_uniform_sqlite-3.31.1_run1,v3.3_uniform,sqlite-3.31.1,1,1296,17332,49,206587
v3.3_uniform_sqlite-3.31.1_run1,v3.3_uniform,sqlite-3.31.1,1,1297,17332,49,206757
v3.3_uniform_sqlite-3.31.1_run1,v3.3_uniform,sqlite-3.31.1,1,1298,17332,49,207208
v3.3_uniform_sqlite-3.31.1_run1,v3.3_uniform,sqlite-3.31.1,1,1299,17332,49,207475
v3.3_uniform_sqlite-3.31.1_run1,v3.3_uniform,sqlite-3.31.1,1,1300,17332,49,207857
v3.3_uniform_sqlite-3.31.1_run1,v3.3_uniform,sqlite-3.31.1,1,1301,17332,49,207987
v3.3_uniform_sqlite-3.31.1_run1,v3.3_uniform,sqlite-3.31.1,1,1302,17332,49,208280
v3.3_uniform_sqlite-3.31.1_run1,v3.3_uniform,sqlite-3.31.1,1,1303,17332,49,208391
v3.3_uniform_sqlite-3.31.1_run1,v3.3_uniform,sqlite-3.31.1,1,1304,17332,49,208436
v3.3_uniform_sqlite-3.31.1_run1,v3.3_uniform,sqlite-3.31.1,1,1305,17332,49,208930
v3.3_uniform_sqlite-3.31.1_run1,v3.3_uniform,sqlite-3.31.1,1,1306,17332,49,209138
v3.3_uniform_sqlite-3.31.1_run1,v3.3_uniform,sqlite-3.31.1,1,1307,17332,49,209487
v3.3_uniform_sqlite-3.31.1_run1,v3.3_uniform,sqlite-3.31.1,1,1308,17332,49,209787
v3.3_uniform_sqlite-3.31.1_run1,v3.3_uniform,sqlite-3.31.1,1,1309,17332,49,210111
v3.3_uniform_sqlite-3.31.1_run1,v3.3_uniform,sqlite-3.31.1,1,1310,17332,49,210111
v3.3_uniform_sqlite-3.31.1_run1,v3.3_uniform,sqlite-3.31.1,1,1311,17332,49,210111
v3.3_uniform_sqlite-3.31.1_run1,v3.3_uniform,sqlite-3.31.1,1,1312,17332,49,210111
v3.3_uniform_sqlite-3.31.1_run1,v3.3_uniform,sqlite-3.31.1,1,1313,17332,49,210111
v3.3_uniform_sqlite-3.31.1_run1,v3.3_uniform,sqlite-3.31.1,1,1314,17332,49,210111
v3.3_uniform_sqlite-3.31.1_run1,v3.3_uniform,sqlite-3.31.1,1,1315,17332,49,210111
v3.3_uniform_sqlite-3.31.1_run1,v3.3_uniform,sqlite-3.31.1,1,1316,17332,49,210111
v3.3_uniform_sqlite-3.31.1_run1,v3.3_uniform,sqlite-3.31.1,1,1317,17332,49,210111
v3.3_uniform_sqlite-3.31.1_run1,v3.3_uniform,sqlite-3.31.1,1,1318,17332,49,210111
v3.3_uniform_sqlite-3.31.1_run1,v3.3_uniform,sqlite-3.31.1,1,1319,17332,49,210111
v3.3_uniform_sqlite-3.31.1_run1,v3.3_uniform,sqlite-3.31.1,1,1320,17332,49,210111
v3.3_uniform_sqlite-3.31.1_run1,v3.3_uniform,sqlite-3.31.1,1,1321,17332,49,210111
v3.3_uniform_sqlite-3.31.1_run1,v3.3_uniform,sqlite-3.31.1,1,1322,17332,49,210111
v3.3_uniform_sqlite-3.31.1_run1,v3.3_uniform,sqlite-3.31.1,1,1323,17332,49,210111
v3.3_uniform_sqlite-3.31.1_run1,v3.3_uniform,sqlite-3.31.1,1,1324,17332,49,210111
v3.3_uniform_sqlite-3.31.1_run1,v3.3_uniform,sqlite-3.31.1,1,1325,17332,49,210111
v3.3_uniform_sqlite-3.31.1_run1,v3.3_uniform,sqlite-3.31.1,1,1326,17332,49,210111
v3.3_uniform_sqlite-3.31.1_run1,v3.3_uniform,sqlite-3.31.1,1,1327,17332,49,210111
v3.3_uniform_sqlite-3.31.1_run1,v3.3_uniform,sqlite-3.31.1,1,1328,17332,49,210529
v3.3_uniform_sqlite-3.31.1_run1,v3.3_uniform,sqlite-3.31.1,1,1329,17332,49,210731
v3.3_uniform_sqlite-3.31.1_run1,v3.3_uniform,sqlite-3.31.1,1,1330,17332,49,211015
v3.3_uniform_sqlite-3.31.1_run1,v3.3_uniform,sqlite-3.31.1,1,1331,17332,49,211224
v3.3_uniform_sqlite-3.31.1_run1,v3.3_uniform,sqlite-3.31.1,1,1332,17332,49,211667
v3.3_uniform_sqlite-3.31.1_run1,v3.3_uniform,sqlite-3.31.1,1,1333,17332,49,211875
v3.3_uniform_sqlite-3.31.1_run1,v3.3_uniform,sqlite-3.31.1,1,1334,17332,49,212363
v3.3_uniform_sqlite-3.31.1_run1,v3.3_uniform,sqlite-3.31.1,1,1335,17332,49,212510
v3.3_uniform_sqlite-3.31.1_run1,v3.3_uniform,sqlite-3.31.1,1,1336,17333,49,212951
v3.3_uniform_sqlite-3.31.1_run1,v3.3_uniform,sqlite-3.31.1,1,1337,17336,49,213140
v3.3_uniform_sqlite-3.31.1_run1,v3.3_uniform,sqlite-3.31.1,1,1338,17344,49,213527
v3.3_uniform_sqlite-3.31.1_run1,v3.3_uniform,sqlite-3.31.1,1,1339,17354,49,213695
v3.3_uniform_sqlite-3.31.1_run1,v3.3_uniform,sqlite-3.31.1,1,1340,17355,49,214106
v3.3_uniform_sqlite-3.31.1_run1,v3.3_uniform,sqlite-3.31.1,1,1341,17355,49,214441
v3.3_uniform_sqlite-3.31.1_run1,v3.3_uniform,sqlite-3.31.1,1,1342,17355,49,214610
v3.3_uniform_sqlite-3.31.1_run1,v3.3_uniform,sqlite-3.31.1,1,1343,17355,49,215020
v3.3_uniform_sqlite-3.31.1_run1,v3.3_uniform,sqlite-3.31.1,1,1344,17355,49,215351
v3.3_uniform_sqlite-3.31.1_run1,v3.3_uniform,sqlite-3.31.1,1,1345,17355,49,215351
v3.3_uniform_sqlite-3.31.1_run1,v3.3_uniform,sqlite-3.31.1,1,1346,17355,49,215351
v3.3_uniform_sqlite-3.31.1_run1,v3.3_uniform,sqlite-3.31.1,1,1347,17355,49,215351
v3.3_uniform_sqlite-3.31.1_run1,v3.3_uniform,sqlite-3.31.1,1,1348,17355,49,215351
v3.3_uniform_sqlite-3.31.1_run1,v3.3_uniform,sqlite-3.31.1,1,1349,17355,49,215351
v3.3_uniform_sqlite-3.31.1_run1,v3.3_uniform,sqlite-3.31.1,1,1350,17355,49,215351
v3.3_uniform_sqlite-3.31.1_run1,v3.3_uniform,sqlite-3.31.1,1,1351,17355,49,216371
v3.3_uniform_sqlite-3.31.1_run1,v3.3_uniform,sqlite-3.31.1,1,1352,17355,49,216642
v3.3_uniform_sqlite-3.31.1_run1,v3.3_uniform,sqlite-3.31.1,1,1353,17355,49,216905
v3.3_uniform_sqlite-3.31.1_run1,v3.3_uniform,sqlite-3.31.1,1,1354,17355,49,217331
v3.3_uniform_sqlite-3.31.1_run1,v3.3_uniform,sqlite-3.31.1,1,1355,17355,49,217411
v3.3_uniform_sqlite-3.31.1_run1,v3.3_uniform,sqlite-3.31.1,1,1356,17357,49,217800
v3.3_uniform_sqlite-3.31.1_run1,v3.3_uniform,sqlite-3.31.1,1,1357,17362,49,218069
v3.3_uniform_sqlite-3.31.1_run1,v3.3_uniform,sqlite-3.31.1,1,1358,17379,49,218243
v3.3_uniform_sqlite-3.31.1_run1,v3.3_uniform,sqlite-3.31.1,1,1359,17379,49,218569
v3.3_uniform_sqlite-3.31.1_run1,v3.3_uniform,sqlite-3.31.1,1,1360,17379,49,218934
v3.3_uniform_sqlite-3.31.1_run1,v3.3_uniform,sqlite-3.31.1,1,1361,17379,49,219396
v3.3_uniform_sqlite-3.31.1_run1,v3.3_uniform,sqlite-3.31.1,1,1362,17379,49,219600
v3.3_uniform_sqlite-3.31.1_run1,v3.3_uniform,sqlite-3.31.1,1,1363,17379,49,219997
v3.3_uniform_sqlite-3.31.1_run1,v3.3_uniform,sqlite-3.31.1,1,1364,17379,49,220205
v3.3_uniform_sqlite-3.31.1_run1,v3.3_uniform,sqlite-3.31.1,1,1365,17379,49,220539
v3.3_uniform_sqlite-3.31.1_run1,v3.3_uniform,sqlite-3.31.1,1,1366,17383,49,220798
v3.3_uniform_sqlite-3.31.1_run1,v3.3_uniform,sqlite-3.31.1,1,1367,17383,49,220798
v3.3_uniform_sqlite-3.31.1_run1,v3.3_uniform,sqlite-3.31.1,1,1368,17383,49,220798
v3.3_uniform_sqlite-3.31.1_run1,v3.3_uniform,sqlite-3.31.1,1,1369,17383,49,220798
v3.3_uniform_sqlite-3.31.1_run1,v3.3_uniform,sqlite-3.31.1,1,1370,17383,49,220798
v3.3_uniform_sqlite-3.31.1_run1,v3.3_uniform,sqlite-3.31.1,1,1371,17383,49,220798
v3.3_uniform_sqlite-3.31.1_run1,v3.3_uniform,sqlite-3.31.1,1,1372,17383,49,220798
v3.3_uniform_sqlite-3.31.1_run1,v3.3_uniform,sqlite-3.31.1,1,1373,17383,49,220798
v3.3_uniform_sqlite-3.31.1_run1,v3.3_uniform,sqlite-3.31.1,1,1374,17383,49,220798
v3.3_uniform_sqlite-3.31.1_run1,v3.3_uniform,sqlite-3.31.1,1,1375,17383,49,220798
v3.3_uniform_sqlite-3.31.1_run1,v3.3_uniform,sqlite-3.31.1,1,1376,17383,49,220798
v3.3_uniform_sqlite-3.31.1_run1,v3.3_uniform,sqlite-3.31.1,1,1377,17383,49,220798
v3.3_uniform_sqlite-3.31.1_run1,v3.3_uniform,sqlite-3.31.1,1,1378,17383,49,220798
v3.3_uniform_sqlite-3.31.1_run1,v3.3_uniform,sqlite-3.31.1,1,1379,17383,49,220798
v3.3_uniform_sqlite-3.31.1_run1,v3.3_uniform,sqlite-3.31.1,1,1380,17383,49,220798
v3.3_uniform_sqlite-3.31.1_run1,v3.3_uniform,sqlite-3.31.1,1,1381,17383,49,220798
v3.3_uniform_sqlite-3.31.1_run1,v3.3_uniform,sqlite-3.31.1,1,1382,17383,49,220798
v3.3_uniform_sqlite-3.31.1_run1,v3.3_uniform,sqlite-3.31.1,1,1383,17383,49,220798
v3.3_uniform_sqlite-3.31.1_run1,v3.3_uniform,sqlite-3.31.1,1,1384,17383,49,220798
v3.3_uniform_sqlite-3.31.1_run1,v3.3_uniform,sqlite-3.31.1,1,1385,17383,49,221077
v3.3_uniform_sqlite-3.31.1_run1,v3.3_uniform,sqlite-3.31.1,1,1386,17383,49,221397
v3.3_uniform_sqlite-3.31.1_run1,v3.3_uniform,sqlite-3.31.1,1,1387,17383,49,221730
v3.3_uniform_sqlite-3.31.1_run1,v3.3_uniform,sqlite-3.31.1,1,1388,17383,49,221967
v3.3_uniform_sqlite-3.31.1_run1,v3.3_uniform,sqlite-3.31.1,1,1389,17383,49,222175
v3.3_uniform_sqlite-3.31.1_run1,v3.3_uniform,sqlite-3.31.1,1,1390,17383,49,222586
v3.3_uniform_sqlite-3.31.1_run1,v3.3_uniform,sqlite-3.31.1,1,1391,17383,49,222865
v3.3_uniform_sqlite-3.31.1_run1,v3.3_uniform,sqlite-3.31.1,1,1392,17383,49,223052
v3.3_uniform_sqlite-3.31.1_run1,v3.3_uniform,sqlite-3.31.1,1,1393,17383,49,223237
v3.3_uniform_sqlite-3.31.1_run1,v3.3_uniform,sqlite-3.31.1,1,1394,17383,49,223627
v3.3_uniform_sqlite-3.31.1_run1,v3.3_uniform,sqlite-3.31.1,1,1395,17383,49,224032
v3.3_uniform_sqlite-3.31.1_run1,v3.3_uniform,sqlite-3.31.1,1,1396,17383,49,224353
v3.3_uniform_sqlite-3.31.1_run1,v3.3_uniform,sqlite-3.31.1,1,1397,17383,49,224615
v3.3_uniform_sqlite-3.31.1_run1,v3.3_uniform,sqlite-3.31.1,1,1398,17383,49,224957
v3.3_uniform_sqlite-3.31.1_run1,v3.3_uniform,sqlite-3.31.1,1,1399,17383,49,225075
v3.3_uniform_sqlite-3.31.1_run1,v3.3_uniform,sqlite-3.31.1,1,1400,17383,49,225448
v3.3_uniform_sqlite-3.31.1_run1,v3.3_uniform,sqlite-3.31.1,1,1401,17383,49,225570
v3.3_uniform_sqlite-3.31.1_run1,v3.3_uniform,sqlite-3.31.1,1,1402,17383,49,225788
v3.3_uniform_sqlite-3.31.1_run1,v3.3_uniform,sqlite-3.31.1,1,1403,17383,49,226145
v3.3_uniform_sqlite-3.31.1_run1,v3.3_uniform,sqlite-3.31.1,1,1404,17383,49,226145
v3.3_uniform_sqlite-3.31.1_run1,v3.3_uniform,sqlite-3.31.1,1,1405,17383,49,226145
v3.3_uniform_sqlite-3.31.1_run1,v3.3_uniform,sqlite-3.31.1,1,1406,17383,49,226145
v3.3_uniform_sqlite-3.31.1_run1,v3.3_uniform,sqlite-3.31.1,1,1407,17383,50,226145
v3.3_uniform_sqlite-3.31.1_run1,v3.3_uniform,sqlite-3.31.1,1,1408,17383,50,226145
v3.3_uniform_sqlite-3.31.1_run1,v3.3_uniform,sqlite-3.31.1,1,1409,17383,50,227098
v3.3_uniform_sqlite-3.31.1_run1,v3.3_uniform,sqlite-3.31.1,1,1410,17383,50,227215
v3.3_uniform_sqlite-3.31.1_run1,v3.3_uniform,sqlite-3.31.1,1,1411,17383,50,227604
v3.3_uniform_sqlite-3.31.1_run1,v3.3_uniform,sqlite-3.31.1,1,1412,17383,50,227804
v3.3_uniform_sqlite-3.31.1_run1,v3.3_uniform,sqlite-3.31.1,1,1413,17383,50,228076
v3.3_uniform_sqlite-3.31.1_run1,v3.3_uniform,sqlite-3.31.1,1,1414,17383,50,228224
v3.3_uniform_sqlite-3.31.1_run1,v3.3_uniform,sqlite-3.31.1,1,1415,17383,50,228673
v3.3_uniform_sqlite-3.31.1_run1,v3.3_uniform,sqlite-3.31.1,1,1416,17383,50,228928
v3.3_uniform_sqlite-3.31.1_run1,v3.3_uniform,sqlite-3.31.1,1,1417,17383,50,229212
v3.3_uniform_sqlite-3.31.1_run1,v3.3_uniform,sqlite-3.31.1,1,1418,17383,50,229531
v3.3_uniform_sqlite-3.31.1_run1,v3.3_uniform,sqlite-3.31.1,1,1419,17383,50,229775
v3.3_uniform_sqlite-3.31.1_run1,v3.3_uniform,sqlite-3.31.1,1,1420,17383,50,230177
v3.3_uniform_sqlite-3.31.1_run1,v3.3_uniform,sqlite-3.31.1,1,1421,17383,50,230384
v3.3_uniform_sqlite-3.31.1_run1,v3.3_uniform,sqlite-3.31.1,1,1422,17383,50,230807
v3.3_uniform_sqlite-3.31.1_run1,v3.3_uniform,sqlite-3.31.1,1,1423,17383,50,231105
v3.3_uniform_sqlite-3.31.1_run1,v3.3_uniform,sqlite-3.31.1,1,1424,17383,50,231415
v3.3_uniform_sqlite-3.31.1_run1,v3.3_uniform,sqlite-3.31.1,1,1425,17383,50,231415
v3.3_uniform_sqlite-3.31.1_run1,v3.3_uniform,sqlite-3.31.1,1,1426,17383,50,231415
v3.3_uniform_sqlite-3.31.1_run1,v3.3_uniform,sqlite-3.31.1,1,1427,17383,50,231415
v3.3_uniform_sqlite-3.31.1_run1,v3.3_uniform,sqlite-3.31.1,1,1428,17383,50,231415
v3.3_uniform_sqlite-3.31.1_run1,v3.3_uniform,sqlite-3.31.1,1,1429,17383,50,231415
v3.3_uniform_sqlite-3.31.1_run1,v3.3_uniform,sqlite-3.31.1,1,1430,17383,50,231415
v3.3_uniform_sqlite-3.31.1_run1,v3.3_uniform,sqlite-3.31.1,1,1431,17383,50,231415
v3.3_uniform_sqlite-3.31.1_run1,v3.3_uniform,sqlite-3.31.1,1,1432,17383,50,231415
v3.3_uniform_sqlite-3.31.1_run1,v3.3_uniform,sqlite-3.31.1,1,1433,17383,50,231415
v3.3_uniform_sqlite-3.31.1_run1,v3.3_uniform,sqlite-3.31.1,1,1434,17383,50,231415
v3.3_uniform_sqlite-3.31.1_run1,v3.3_uniform,sqlite-3.31.1,1,1435,17383,50,231415
v3.3_uniform_sqlite-3.31.1_run1,v3.3_uniform,sqlite-3.31.1,1,1436,17383,50,231415
v3.3_uniform_sqlite-3.31.1_run1,v3.3_uniform,sqlite-3.31.1,1,1437,17383,50,231415
v3.3_uniform_sqlite-3.31.1_run1,v3.3_uniform,sqlite-3.31.1,1,1438,17383,50,231415
v3.3_uniform_sqlite-3.31.1_run1,v3.3_uniform,sqlite-3.31.1,1,1439,17383,50,231415
v3.3_uniform_sqlite-3.31.1_run1,v3.3_uniform,sqlite-3.31.1,1,1440,17383,50,231415
v3.3_uniform_sqlite-3.31.1_run1,v3.3_uniform,sqlite-3.31.1,1,1441,17383,50,231415
v3.3_uniform_sqlite-3.31.1_run1,v3.3_uniform,sqlite-3.31.1,1,1442,17383,50,231694
v3.3_uniform_sqlite-3.31.1_run1,v3.3_uniform,sqlite-3.31.1,1,1443,17383,51,231983
v3.3_uniform_sqlite-3.31.1_run1,v3.3_uniform,sqlite-3.31.1,1,1444,17383,51,232037
v3.3_uniform_sqlite-3.31.1_run1,v3.3_uniform,sqlite-3.31.1,1,1445,17383,51,232320
v3.3_uniform_sqlite-3.31.1_run1,v3.3_uniform,sqlite-3.31.1,1,1446,17383,51,232704
v3.3_uniform_sqlite-3.31.1_run1,v3.3_uniform,sqlite-3.31.1,1,1447,17383,51,233197
v3.3_uniform_sqlite-3.31.1_run1,v3.3_uniform,sqlite-3.31.1,1,1448,17383,51,233477
v3.3_uniform_sqlite-3.31.1_run1,v3.3_uniform,sqlite-3.31.1,1,1449,17383,51,233900
v3.3_uniform_sqlite-3.31.1_run1,v3.3_uniform,sqlite-3.31.1,1,1450,17383,51,234091
v3.3_uniform_sqlite-3.31.1_run1,v3.3_uniform,sqlite-3.31.1,1,1451,17383,51,234444
v3.3_uniform_sqlite-3.31.1_run1,v3.3_uniform,sqlite-3.31.1,1,1452,17383,51,234800
v3.3_uniform_sqlite-3.31.1_run1,v3.3_uniform,sqlite-3.31.1,1,1453,17384,51,234969
v3.3_uniform_sqlite-3.31.1_run1,v3.3_uniform,sqlite-3.31.1,1,1454,17384,51,235436
v3.3_uniform_sqlite-3.31.1_run1,v3.3_uniform,sqlite-3.31.1,1,1455,17384,51,235707
v3.3_uniform_sqlite-3.31.1_run1,v3.3_uniform,sqlite-3.31.1,1,1456,17384,51,235881
v3.3_uniform_sqlite-3.31.1_run1,v3.3_uniform,sqlite-3.31.1,1,1457,17385,51,236300
v3.3_uniform_sqlite-3.31.1_run1,v3.3_uniform,sqlite-3.31.1,1,1458,17385,51,236568
v3.3_uniform_sqlite-3.31.1_run1,v3.3_uniform,sqlite-3.31.1,1,1459,17385,51,236568
v3.3_uniform_sqlite-3.31.1_run1,v3.3_uniform,sqlite-3.31.1,1,1460,17385,51,236568
v3.3_uniform_sqlite-3.31.1_run1,v3.3_uniform,sqlite-3.31.1,1,1461,17385,51,236568
v3.3_uniform_sqlite-3.31.1_run1,v3.3_uniform,sqlite-3.31.1,1,1462,17385,51,236568
v3.3_uniform_sqlite-3.31.1_run1,v3.3_uniform,sqlite-3.31.1,1,1463,17385,51,236568
v3.3_uniform_sqlite-3.31.1_run1,v3.3_uniform,sqlite-3.31.1,1,1464,17386,51,236568
v3.3_uniform_sqlite-3.31.1_run1,v3.3_uniform,sqlite-3.31.1,1,1465,17386,51,237577
v3.3_uniform_sqlite-3.31.1_run1,v3.3_uniform,sqlite-3.31.1,1,1466,17386,51,237860
v3.3_uniform_sqlite-3.31.1_run1,v3.3_uniform,sqlite-3.31.1,1,1467,17386,51,238283
v3.3_uniform_sqlite-3.31.1_run1,v3.3_uniform,sqlite-3.31.1,1,1468,17386,51,238601
v3.3_uniform_sqlite-3.31.1_run1,v3.3_uniform,sqlite-3.31.1,1,1469,17386,51,238783
v3.3_uniform_sqlite-3.31.1_run1,v3.3_uniform,sqlite-3.31.1,1,1470,17387,51,239145
v3.3_uniform_sqlite-3.31.1_run1,v3.3_uniform,sqlite-3.31.1,1,1471,17388,51,239353
v3.3_uniform_sqlite-3.31.1_run1,v3.3_uniform,sqlite-3.31.1,1,1472,17388,51,239611
v3.3_uniform_sqlite-3.31.1_run1,v3.3_uniform,sqlite-3.31.1,1,1473,17392,51,240083
v3.3_uniform_sqlite-3.31.1_run1,v3.3_uniform,sqlite-3.31.1,1,1474,17392,51,240376
v3.3_uniform_sqlite-3.31.1_run1,v3.3_uniform,sqlite-3.31.1,1,1475,17392,51,240647
v3.3_uniform_sqlite-3.31.1_run1,v3.3_uniform,sqlite-3.31.1,1,1476,17392,51,240917
v3.3_uniform_sqlite-3.31.1_run1,v3.3_uniform,sqlite-3.31.1,1,1477,17392,51,241406
v3.3_uniform_sqlite-3.31.1_run1,v3.3_uniform,sqlite-3.31.1,1,1478,17392,51,241529
v3.3_uniform_sqlite-3.31.1_run1,v3.3_uniform,sqlite-3.31.1,1,1479,17392,51,241802
v3.3_uniform_sqlite-3.31.1_run1,v3.3_uniform,sqlite-3.31.1,1,1480,17392,51,241802
v3.3_uniform_sqlite-3.31.1_run1,v3.3_uniform,sqlite-3.31.1,1,1481,17392,51,242138
v3.3_uniform_sqlite-3.31.1_run1,v3.3_uniform,sqlite-3.31.1,1,1482,17392,51,242419
v3.3_uniform_sqlite-3.31.1_run1,v3.3_uniform,sqlite-3.31.1,1,1483,17392,51,242419
v3.3_uniform_sqlite-3.31.1_run1,v3.3_uniform,sqlite-3.31.1,1,1484,17392,51,242419
v3.3_uniform_sqlite-3.31.1_run1,v3.3_uniform,sqlite-3.31.1,1,1485,17392,51,242419
v3.3_uniform_sqlite-3.31.1_run1,v3.3_uniform,sqlite-3.31.1,1,1486,17392,51,242419
v3.3_uniform_sqlite-3.31.1_run1,v3.3_uniform,sqlite-3.31.1,1,1487,17392,51,242419
v3.3_uniform_sqlite-3.31.1_run1,v3.3_uniform,sqlite-3.31.1,1,1488,17392,51,242419
v3.3_uniform_sqlite-3.31.1_run1,v3.3_uniform,sqlite-3.31.1,1,1489,17392,51,242419
v3.3_uniform_sqlite-3.31.1_run1,v3.3_uniform,sqlite-3.31.1,1,1490,17392,51,242419
v3.3_uniform_sqlite-3.31.1_run1,v3.3_uniform,sqlite-3.31.1,1,1491,17392,51,242419
v3.3_uniform_sqlite-3.31.1_run1,v3.3_uniform,sqlite-3.31.1,1,1492,17392,51,242419
v3.3_uniform_sqlite-3.31.1_run1,v3.3_uniform,sqlite-3.31.1,1,1493,17392,51,242419
v3.3_uniform_sqlite-3.31.1_run1,v3.3_uniform,sqlite-3.31.1,1,1494,17392,51,242419
v3.3_uniform_sqlite-3.31.1_run1,v3.3_uniform,sqlite-3.31.1,1,1495,17392,51,242419
v3.3_uniform_sqlite-3.31.1_run1,v3.3_uniform,sqlite-3.31.1,1,1496,17392,51,242419
v3.3_uniform_sqlite-3.31.1_run1,v3.3_uniform,sqlite-3.31.1,1,1497,17392,51,242419
v3.3_uniform_sqlite-3.31.1_run1,v3.3_uniform,sqlite-3.31.1,1,1498,17392,51,242419
v3.3_uniform_sqlite-3.31.1_run1,v3.3_uniform,sqlite-3.31.1,1,1499,17392,51,242419
v3.3_uniform_sqlite-3.31.1_run1,v3.3_uniform,sqlite-3.31.1,1,1500,17392,51,242419
v3.3_uniform_sqlite-3.31.1_run1,v3.3_uniform,sqlite-3.31.1,1,1501,17392,51,242750
v3.3_uniform_sqlite-3.31.1_run1,v3.3_uniform,sqlite-3.31.1,1,1502,17392,51,243090
v3.3_uniform_sqlite-3.31.1_run1,v3.3_uniform,sqlite-3.31.1,1,1503,17392,51,243416
v3.3_uniform_sqlite-3.31.1_run1,v3.3_uniform,sqlite-3.31.1,1,1504,17392,51,243671
v3.3_uniform_sqlite-3.31.1_run1,v3.3_uniform,sqlite-3.31.1,1,1505,17392,51,244090
v3.3_uniform_sqlite-3.31.1_run1,v3.3_uniform,sqlite-3.31.1,1,1506,17392,51,244505
v3.3_uniform_sqlite-3.31.1_run1,v3.3_uniform,sqlite-3.31.1,1,1507,17392,51,244763
v3.3_uniform_sqlite-3.31.1_run1,v3.3_uniform,sqlite-3.31.1,1,1508,17392,51,245128
v3.3_uniform_sqlite-3.31.1_run1,v3.3_uniform,sqlite-3.31.1,1,1509,17392,51,245352
v3.3_uniform_sqlite-3.31.1_run1,v3.3_uniform,sqlite-3.31.1,1,1510,17392,51,245460
v3.3_uniform_sqlite-3.31.1_run1,v3.3_uniform,sqlite-3.31.1,1,1511,17392,51,245820
v3.3_uniform_sqlite-3.31.1_run1,v3.3_uniform,sqlite-3.31.1,1,1512,17392,51,246184
v3.3_uniform_sqlite-3.31.1_run1,v3.3_uniform,sqlite-3.31.1,1,1513,17392,51,246242
v3.3_uniform_sqlite-3.31.1_run1,v3.3_uniform,sqlite-3.31.1,1,1514,17392,51,246583
v3.3_uniform_sqlite-3.31.1_run1,v3.3_uniform,sqlite-3.31.1,1,1515,17392,51,246705
v3.3_uniform_sqlite-3.31.1_run1,v3.3_uniform,sqlite-3.31.1,1,1516,17392,51,247148
v3.3_uniform_sqlite-3.31.1_run1,v3.3_uniform,sqlite-3.31.1,1,1517,17392,51,247433
v3.3_uniform_sqlite-3.31.1_run1,v3.3_uniform,sqlite-3.31.1,1,1518,17392,51,247688
v3.3_uniform_sqlite-3.31.1_run1,v3.3_uniform,sqlite-3.31.1,1,1519,17392,51,247855
v3.3_uniform_sqlite-3.31.1_run1,v3.3_uniform,sqlite-3.31.1,1,1520,17392,51,247855
v3.3_uniform_sqlite-3.31.1_run1,v3.3_uniform,sqlite-3.31.1,1,1521,17392,51,247855
v3.3_uniform_sqlite-3.31.1_run1,v3.3_uniform,sqlite-3.31.1,1,1522,17392,51,247855
v3.3_uniform_sqlite-3.31.1_run1,v3.3_uniform,sqlite-3.31.1,1,1523,17392,51,247855
v3.3_uniform_sqlite-3.31.1_run1,v3.3_uniform,sqlite-3.31.1,1,1524,17392,51,247855
v3.3_uniform_sqlite-3.31.1_run1,v3.3_uniform,sqlite-3.31.1,1,1525,17392,51,248801
v3.3_uniform_sqlite-3.31.1_run1,v3.3_uniform,sqlite-3.31.1,1,1526,17393,51,248923
v3.3_uniform_sqlite-3.31.1_run1,v3.3_uniform,sqlite-3.31.1,1,1527,17393,51,249242
v3.3_uniform_sqlite-3.31.1_run1,v3.3_uniform,sqlite-3.31.1,1,1528,17393,51,249450
v3.3_uniform_sqlite-3.31.1_run1,v3.3_uniform,sqlite-3.31.1,1,1529,17393,51,249554
v3.3_uniform_sqlite-3.31.1_run1,v3.3_uniform,sqlite-3.31.1,1,1530,17393,51,249906
v3.3_uniform_sqlite-3.31.1_run1,v3.3_uniform,sqlite-3.31.1,1,1531,17393,51,249995
v3.3_uniform_sqlite-3.31.1_run1,v3.3_uniform,sqlite-3.31.1,1,1532,17393,51,250236
v3.3_uniform_sqlite-3.31.1_run1,v3.3_uniform,sqlite-3.31.1,1,1533,17393,51,250620
v3.3_uniform_sqlite-3.31.1_run1,v3.3_uniform,sqlite-3.31.1,1,1534,17393,51,250975
v3.3_uniform_sqlite-3.31.1_run1,v3.3_uniform,sqlite-3.31.1,1,1535,17393,51,251141
v3.3_uniform_sqlite-3.31.1_run1,v3.3_uniform,sqlite-3.31.1,1,1536,17393,51,251476
v3.3_uniform_sqlite-3.31.1_run1,v3.3_uniform,sqlite-3.31.1,1,1537,17393,51,251636
v3.3_uniform_sqlite-3.31.1_run1,v3.3_uniform,sqlite-3.31.1,1,1538,17393,51,251841
v3.3_uniform_sqlite-3.31.1_run1,v3.3_uniform,sqlite-3.31.1,1,1539,17393,51,252252
v3.3_uniform_sqlite-3.31.1_run1,v3.3_uniform,sqlite-3.31.1,1,1540,17393,51,252443
v3.3_uniform_sqlite-3.31.1_run1,v3.3_uniform,sqlite-3.31.1,1,1541,17393,51,252723
v3.3_uniform_sqlite-3.31.1_run1,v3.3_uniform,sqlite-3.31.1,1,1542,17393,51,253029
v3.3_uniform_sqlite-3.31.1_run1,v3.3_uniform,sqlite-3.31.1,1,1543,17393,51,253285
v3.3_uniform_sqlite-3.31.1_run1,v3.3_uniform,sqlite-3.31.1,1,1544,17393,51,253285
v3.3_uniform_sqlite-3.31.1_run1,v3.3_uniform,sqlite-3.31.1,1,1545,17393,51,253285
v3.3_uniform_sqlite-3.31.1_run1,v3.3_uniform,sqlite-3.31.1,1,1546,17393,51,253285
v3.3_uniform_sqlite-3.31.1_run1,v3.3_uniform,sqlite-3.31.1,1,1547,17393,51,253285
v3.3_uniform_sqlite-3.31.1_run1,v3.3_uniform,sqlite-3.31.1,1,1548,17393,51,253285
v3.3_uniform_sqlite-3.31.1_run1,v3.3_uniform,sqlite-3.31.1,1,1549,17393,51,253285
v3.3_uniform_sqlite-3.31.1_run1,v3.3_uniform,sqlite-3.31.1,1,1550,17393,51,253285
v3.3_uniform_sqlite-3.31.1_run1,v3.3_uniform,sqlite-3.31.1,1,1551,17393,51,253285
v3.3_uniform_sqlite-3.31.1_run1,v3.3_uniform,sqlite-3.31.1,1,1552,17393,51,253285
v3.3_uniform_sqlite-3.31.1_run1,v3.3_uniform,sqlite-3.31.1,1,1553,17393,51,253285
v3.3_uniform_sqlite-3.31.1_run1,v3.3_uniform,sqlite-3.31.1,1,1554,17393,51,253285
v3.3_uniform_sqlite-3.31.1_run1,v3.3_uniform,sqlite-3.31.1,1,1555,17393,51,253285
v3.3_uniform_sqlite-3.31.1_run1,v3.3_uniform,sqlite-3.31.1,1,1556,17393,51,253285
v3.3_uniform_sqlite-3.31.1_run1,v3.3_uniform,sqlite-3.31.1,1,1557,17393,51,253285
v3.3_uniform_sqlite-3.31.1_run1,v3.3_uniform,sqlite-3.31.1,1,1558,17393,51,253285
v3.3_uniform_sqlite-3.31.1_run1,v3.3_uniform,sqlite-3.31.1,1,1559,17393,51,253285
v3.3_uniform_sqlite-3.31.1_run1,v3.3_uniform,sqlite-3.31.1,1,1560,17393,51,253285
v3.3_uniform_sqlite-3.31.1_run1,v3.3_uniform,sqlite-3.31.1,1,1561,17393,51,253285
v3.3_uniform_sqlite-3.31.1_run1,v3.3_uniform,sqlite-3.31.1,1,1562,17393,51,253711
v3.3_uniform_sqlite-3.31.1_run1,v3.3_uniform,sqlite-3.31.1,1,1563,17393,51,253896
v3.3_uniform_sqlite-3.31.1_run1,v3.3_uniform,sqlite-3.31.1,1,1564,17393,51,254178
v3.3_uniform_sqlite-3.31.1_run1,v3.3_uniform,sqlite-3.31.1,1,1565,17393,51,254392
v3.3_uniform_sqlite-3.31.1_run1,v3.3_uniform,sqlite-3.31.1,1,1566,17393,51,254556
v3.3_uniform_sqlite-3.31.1_run1,v3.3_uniform,sqlite-3.31.1,1,1567,17393,51,255040
v3.3_uniform_sqlite-3.31.1_run1,v3.3_uniform,sqlite-3.31.1,1,1568,17393,51,255460
v3.3_uniform_sqlite-3.31.1_run1,v3.3_uniform,sqlite-3.31.1,1,1569,17395,51,255607
v3.3_uniform_sqlite-3.31.1_run1,v3.3_uniform,sqlite-3.31.1,1,1570,17395,51,256046
v3.3_uniform_sqlite-3.31.1_run1,v3.3_uniform,sqlite-3.31.1,1,1571,17395,51,256301
v3.3_uniform_sqlite-3.31.1_run1,v3.3_uniform,sqlite-3.31.1,1,1572,17396,51,256571
v3.3_uniform_sqlite-3.31.1_run1,v3.3_uniform,sqlite-3.31.1,1,1573,17406,51,256824
v3.3_uniform_sqlite-3.31.1_run1,v3.3_uniform,sqlite-3.31.1,1,1574,17406,51,256987
v3.3_uniform_sqlite-3.31.1_run1,v3.3_uniform,sqlite-3.31.1,1,1575,17408,51,257459
v3.3_uniform_sqlite-3.31.1_run1,v3.3_uniform,sqlite-3.31.1,1,1576,17408,51,257516
v3.3_uniform_sqlite-3.31.1_run1,v3.3_uniform,sqlite-3.31.1,1,1577,17408,51,257966
v3.3_uniform_sqlite-3.31.1_run1,v3.3_uniform,sqlite-3.31.1,1,1578,17408,51,258241
v3.3_uniform_sqlite-3.31.1_run1,v3.3_uniform,sqlite-3.31.1,1,1579,17408,51,258567
v3.3_uniform_sqlite-3.31.1_run1,v3.3_uniform,sqlite-3.31.1,1,1580,17408,51,258633
v3.3_uniform_sqlite-3.31.1_run1,v3.3_uniform,sqlite-3.31.1,1,1581,17408,51,258633
v3.3_uniform_sqlite-3.31.1_run1,v3.3_uniform,sqlite-3.31.1,1,1582,17414,51,258633
v3.3_uniform_sqlite-3.31.1_run1,v3.3_uniform,sqlite-3.31.1,1,1583,17414,51,258633
v3.3_uniform_sqlite-3.31.1_run1,v3.3_uniform,sqlite-3.31.1,1,1584,17414,51,258633
v3.3_uniform_sqlite-3.31.1_run1,v3.3_uniform,sqlite-3.31.1,1,1585,17415,51,258633
v3.3_uniform_sqlite-3.31.1_run1,v3.3_uniform,sqlite-3.31.1,1,1586,17415,51,259598
v3.3_uniform_sqlite-3.31.1_run1,v3.3_uniform,sqlite-3.31.1,1,1587,17415,51,259669
v3.3_uniform_sqlite-3.31.1_run1,v3.3_uniform,sqlite-3.31.1,1,1588,17415,51,259992
v3.3_uniform_sqlite-3.31.1_run1,v3.3_uniform,sqlite-3.31.1,1,1589,17415,51,260397
v3.3_uniform_sqlite-3.31.1_run1,v3.3_uniform,sqlite-3.31.1,1,1590,17415,51,260648
v3.3_uniform_sqlite-3.31.1_run1,v3.3_uniform,sqlite-3.31.1,1,1591,17415,51,260829
v3.3_uniform_sqlite-3.31.1_run1,v3.3_uniform,sqlite-3.31.1,1,1592,17415,51,261136
v3.3_uniform_sqlite-3.31.1_run1,v3.3_uniform,sqlite-3.31.1,1,1593,17424,51,261340
v3.3_uniform_sqlite-3.31.1_run1,v3.3_uniform,sqlite-3.31.1,1,1594,17425,51,261822
v3.3_uniform_sqlite-3.31.1_run1,v3.3_uniform,sqlite-3.31.1,1,1595,17425,51,262052
v3.3_uniform_sqlite-3.31.1_run1,v3.3_uniform,sqlite-3.31.1,1,1596,17425,51,262535
v3.3_uniform_sqlite-3.31.1_run1,v3.3_uniform,sqlite-3.31.1,1,1597,17425,51,262809
v3.3_uniform_sqlite-3.31.1_run1,v3.3_uniform,sqlite-3.31.1,1,1598,17425,51,263295
v3.3_uniform_sqlite-3.31.1_run1,v3.3_uniform,sqlite-3.31.1,1,1599,17425,51,263423
v3.3_uniform_sqlite-3.31.1_run1,v3.3_uniform,sqlite-3.31.1,1,1600,17425,51,263687
v3.3_uniform_sqlite-3.31.1_run1,v3.3_uniform,sqlite-3.31.1,1,1601,17425,51,264030
v3.3_uniform_sqlite-3.31.1_run1,v3.3_uniform,sqlite-3.31.1,1,1602,17425,51,264328
v3.3_uniform_sqlite-3.31.1_run1,v3.3_uniform,sqlite-3.31.1,1,1603,17425,51,264328
v3.3_uniform_sqlite-3.31.1_run1,v3.3_uniform,sqlite-3.31.1,1,1604,17425,51,264328
v3.3_uniform_sqlite-3.31.1_run1,v3.3_uniform,sqlite-3.31.1,1,1605,17425,51,264328
v3.3_uniform_sqlite-3.31.1_run1,v3.3_uniform,sqlite-3.31.1,1,1606,17425,51,264328
v3.3_uniform_sqlite-3.31.1_run1,v3.3_uniform,sqlite-3.31.1,1,1607,17425,51,264328
v3.3_uniform_sqlite-3.31.1_run1,v3.3_uniform,sqlite-3.31.1,1,1608,17425,51,264328
v3.3_uniform_sqlite-3.31.1_run1,v3.3_uniform,sqlite-3.31.1,1,1609,17425,51,264328
v3.3_uniform_sqlite-3.31.1_run1,v3.3_uniform,sqlite-3.31.1,1,1610,17425,51,264328
v3.3_uniform_sqlite-3.31.1_run1,v3.3_uniform,sqlite-3.31.1,1,1611,17425,51,264328
v3.3_uniform_sqlite-3.31.1_run1,v3.3_uniform,sqlite-3.31.1,1,1612,17425,51,264328
v3.3_uniform_sqlite-3.31.1_run1,v3.3_uniform,sqlite-3.31.1,1,1613,17425,51,264328
v3.3_uniform_sqlite-3.31.1_run1,v3.3_uniform,sqlite-3.31.1,1,1614,17425,51,264328
v3.3_uniform_sqlite-3.31.1_run1,v3.3_uniform,sqlite-3.31.1,1,1615,17425,51,264328
v3.3_uniform_sqlite-3.31.1_run1,v3.3_uniform,sqlite-3.31.1,1,1616,17425,51,264328
v3.3_uniform_sqlite-3.31.1_run1,v3.3_uniform,sqlite-3.31.1,1,1617,17425,51,264328
v3.3_uniform_sqlite-3.31.1_run1,v3.3_uniform,sqlite-3.31.1,1,1618,17425,51,264328
v3.3_uniform_sqlite-3.31.1_run1,v3.3_uniform,sqlite-3.31.1,1,1619,17425,51,264328
v3.3_uniform_sqlite-3.31.1_run1,v3.3_uniform,sqlite-3.31.1,1,1620,17425,51,264603
v3.3_uniform_sqlite-3.31.1_run1,v3.3_uniform,sqlite-3.31.1,1,1621,17425,51,264919
v3.3_uniform_sqlite-3.31.1_run1,v3.3_uniform,sqlite-3.31.1,1,1622,17425,51,265249
v3.3_uniform_sqlite-3.31.1_run1,v3.3_uniform,sqlite-3.31.1,1,1623,17426,51,265514
v3.3_uniform_sqlite-3.31.1_run1,v3.3_uniform,sqlite-3.31.1,1,1624,17426,51,265728
v3.3_uniform_sqlite-3.31.1_run1,v3.3_uniform,sqlite-3.31.1,1,1625,17426,51,266220
v3.3_uniform_sqlite-3.31.1_run1,v3.3_uniform,sqlite-3.31.1,1,1626,17426,51,266433
v3.3_uniform_sqlite-3.31.1_run1,v3.3_uniform,sqlite-3.31.1,1,1627,17426,51,266650
v3.3_uniform_sqlite-3.31.1_run1,v3.3_uniform,sqlite-3.31.1,1,1628,17426,51,267041
v3.3_uniform_sqlite-3.31.1_run1,v3.3_uniform,sqlite-3.31.1,1,1629,17426,51,267281
v3.3_uniform_sqlite-3.31.1_run1,v3.3_uniform,sqlite-3.31.1,1,1630,17426,51,267572
v3.3_uniform_sqlite-3.31.1_run1,v3.3_uniform,sqlite-3.31.1,1,1631,17426,51,267902
v3.3_uniform_sqlite-3.31.1_run1,v3.3_uniform,sqlite-3.31.1,1,1632,17426,51,268240
v3.3_uniform_sqlite-3.31.1_run1,v3.3_uniform,sqlite-3.31.1,1,1633,17426,51,268453
v3.3_uniform_sqlite-3.31.1_run1,v3.3_uniform,sqlite-3.31.1,1,1634,17426,51,268704
v3.3_uniform_sqlite-3.31.1_run1,v3.3_uniform,sqlite-3.31.1,1,1635,17426,51,269033
v3.3_uniform_sqlite-3.31.1_run1,v3.3_uniform,sqlite-3.31.1,1,1636,17426,51,269148
v3.3_uniform_sqlite-3.31.1_run1,v3.3_uniform,sqlite-3.31.1,1,1637,17426,51,269471
v3.3_uniform_sqlite-3.31.1_run1,v3.3_uniform,sqlite-3.31.1,1,1638,17426,51,269670
v3.3_uniform_sqlite-3.31.1_run1,v3.3_uniform,sqlite-3.31.1,1,1639,17426,51,269821
v3.3_uniform_sqlite-3.31.1_run1,v3.3_uniform,sqlite-3.31.1,1,1640,17426,51,269821
v3.3_uniform_sqlite-3.31.1_run1,v3.3_uniform,sqlite-3.31.1,1,1641,17426,51,269821
v3.3_uniform_sqlite-3.31.1_run1,v3.3_uniform,sqlite-3.31.1,1,1642,17426,51,269821
v3.3_uniform_sqlite-3.31.1_run1,v3.3_uniform,sqlite-3.31.1,1,1643,17426,51,269821
v3.3_uniform_sqlite-3.31.1_run1,v3.3_uniform,sqlite-3.31.1,1,1644,17426,51,269821
v3.3_uniform_sqlite-3.31.1_run1,v3.3_uniform,sqlite-3.31.1,1,1645,17426,51,269821
v3.3_uniform_sqlite-3.31.1_run1,v3.3_uniform,sqlite-3.31.1,1,1646,17426,51,270892
v3.3_uniform_sqlite-3.31.1_run1,v3.3_uniform,sqlite-3.31.1,1,1647,17426,51,271138
v3.3_uniform_sqlite-3.31.1_run1,v3.3_uniform,sqlite-3.31.1,1,1648,17426,51,271443
v3.3_uniform_sqlite-3.31.1_run1,v3.3_uniform,sqlite-3.31.1,1,1649,17426,51,271443
v3.3_uniform_sqlite-3.31.1_run1,v3.3_uniform,sqlite-3.31.1,1,1650,17426,51,271869
v3.3_uniform_sqlite-3.31.1_run1,v3.3_uniform,sqlite-3.31.1,1,1651,17426,51,272124
v3.3_uniform_sqlite-3.31.1_run1,v3.3_uniform,sqlite-3.31.1,1,1652,17426,51,272519
v3.3_uniform_sqlite-3.31.1_run1,v3.3_uniform,sqlite-3.31.1,1,1653,17426,51,272971
v3.3_uniform_sqlite-3.31.1_run1,v3.3_uniform,sqlite-3.31.1,1,1654,17426,51,273306
v3.3_uniform_sqlite-3.31.1_run1,v3.3_uniform,sqlite-3.31.1,1,1655,17426,51,273568
v3.3_uniform_sqlite-3.31.1_run1,v3.3_uniform,sqlite-3.31.1,1,1656,17426,51,273762
v3.3_uniform_sqlite-3.31.1_run1,v3.3_uniform,sqlite-3.31.1,1,1657,17426,51,274175
v3.3_uniform_sqlite-3.31.1_run1,v3.3_uniform,sqlite-3.31.1,1,1658,17426,51,274373
v3.3_uniform_sqlite-3.31.1_run1,v3.3_uniform,sqlite-3.31.1,1,1659,17426,51,274649
v3.3_uniform_sqlite-3.31.1_run1,v3.3_uniform,sqlite-3.31.1,1,1660,17426,51,275173
v3.3_uniform_sqlite-3.31.1_run1,v3.3_uniform,sqlite-3.31.1,1,1661,17426,51,275222
v3.3_uniform_sqlite-3.31.1_run1,v3.3_uniform,sqlite-3.31.1,1,1662,17426,51,275222
v3.3_uniform_sqlite-3.31.1_run1,v3.3_uniform,sqlite-3.31.1,1,1663,17426,51,275222
v3.3_uniform_sqlite-3.31.1_run1,v3.3_uniform,sqlite-3.31.1,1,1664,17426,51,275222
v3.3_uniform_sqlite-3.31.1_run1,v3.3_uniform,sqlite-3.31.1,1,1665,17426,51,275222
v3.3_uniform_sqlite-3.31.1_run1,v3.3_uniform,sqlite-3.31.1,1,1666,17426,51,275222
v3.3_uniform_sqlite-3.31.1_run1,v3.3_uniform,sqlite-3.31.1,1,1667,17426,51,275222
v3.3_uniform_sqlite-3.31.1_run1,v3.3_uniform,sqlite-3.31.1,1,1668,17426,51,275222
v3.3_uniform_sqlite-3.31.1_run1,v3.3_uniform,sqlite-3.31.1,1,1669,17426,51,275222
v3.3_uniform_sqlite-3.31.1_run1,v3.3_uniform,sqlite-3.31.1,1,1670,17426,51,275222
v3.3_uniform_sqlite-3.31.1_run1,v3.3_uniform,sqlite-3.31.1,1,1671,17426,51,275222
v3.3_uniform_sqlite-3.31.1_run1,v3.3_uniform,sqlite-3.31.1,1,1672,17426,51,275222
v3.3_uniform_sqlite-3.31.1_run1,v3.3_uniform,sqlite-3.31.1,1,1673,17426,51,275222
v3.3_uniform_sqlite-3.31.1_run1,v3.3_uniform,sqlite-3.31.1,1,1674,17426,51,275222
v3.3_uniform_sqlite-3.31.1_run1,v3.3_uniform,sqlite-3.31.1,1,1675,17426,51,275222
v3.3_uniform_sqlite-3.31.1_run1,v3.3_uniform,sqlite-3.31.1,1,1676,17426,51,275222
v3.3_uniform_sqlite-3.31.1_run1,v3.3_uniform,sqlite-3.31.1,1,1677,17426,51,275222
v3.3_uniform_sqlite-3.31.1_run1,v3.3_uniform,sqlite-3.31.1,1,1678,17426,51,275222
v3.3_uniform_sqlite-3.31.1_run1,v3.3_uniform,sqlite-3.31.1,1,1679,17426,51,275503
v3.3_uniform_sqlite-3.31.1_run1,v3.3_uniform,sqlite-3.31.1,1,1680,17426,51,275853
v3.3_uniform_sqlite-3.31.1_run1,v3.3_uniform,sqlite-3.31.1,1,1681,17426,51,276134
v3.3_uniform_sqlite-3.31.1_run1,v3.3_uniform,sqlite-3.31.1,1,1682,17426,51,276336
v3.3_uniform_sqlite-3.31.1_run1,v3.3_uniform,sqlite-3.31.1,1,1683,17426,51,276498
v3.3_uniform_sqlite-3.31.1_run1,v3.3_uniform,sqlite-3.31.1,1,1684,17426,51,276983
v3.3_uniform_sqlite-3.31.1_run1,v3.3_uniform,sqlite-3.31.1,1,1685,17426,51,277262
v3.3_uniform_sqlite-3.31.1_run1,v3.3_uniform,sqlite-3.31.1,1,1686,17426,51,277603
v3.3_uniform_sqlite-3.31.1_run1,v3.3_uniform,sqlite-3.31.1,1,1687,17426,51,278035
v3.3_uniform_sqlite-3.31.1_run1,v3.3_uniform,sqlite-3.31.1,1,1688,17426,51,278281
v3.3_uniform_sqlite-3.31.1_run1,v3.3_uniform,sqlite-3.31.1,1,1689,17435,51,278542
v3.3_uniform_sqlite-3.31.1_run1,v3.3_uniform,sqlite-3.31.1,1,1690,17438,51,278774
v3.3_uniform_sqlite-3.31.1_run1,v3.3_uniform,sqlite-3.31.1,1,1691,17446,51,279012
v3.3_uniform_sqlite-3.31.1_run1,v3.3_uniform,sqlite-3.31.1,1,1692,17446,51,279453
v3.3_uniform_sqlite-3.31.1_run1,v3.3_uniform,sqlite-3.31.1,1,1693,17446,51,279575
v3.3_uniform_sqlite-3.31.1_run1,v3.3_uniform,sqlite-3.31.1,1,1694,17446,51,279964
v3.3_uniform_sqlite-3.31.1_run1,v3.3_uniform,sqlite-3.31.1,1,1695,17446,51,280366
v3.3_uniform_sqlite-3.31.1_run1,v3.3_uniform,sqlite-3.31.1,1,1696,17446,51,280641
v3.3_uniform_sqlite-3.31.1_run1,v3.3_uniform,sqlite-3.31.1,1,1697,17446,51,280641
v3.3_uniform_sqlite-3.31.1_run1,v3.3_uniform,sqlite-3.31.1,1,1698,17474,51,280641
v3.3_uniform_sqlite-3.31.1_run1,v3.3_uniform,sqlite-3.31.1,1,1699,17504,51,280641
v3.3_uniform_sqlite-3.31.1_run1,v3.3_uniform,sqlite-3.31.1,1,1700,17504,51,280641
v3.3_uniform_sqlite-3.31.1_run1,v3.3_uniform,sqlite-3.31.1,1,1701,17504,51,280641
v3.3_uniform_sqlite-3.31.1_run1,v3.3_uniform,sqlite-3.31.1,1,1702,17504,51,280641
v3.3_uniform_sqlite-3.31.1_run1,v3.3_uniform,sqlite-3.31.1,1,1703,17504,51,281675
v3.3_uniform_sqlite-3.31.1_run1,v3.3_uniform,sqlite-3.31.1,1,1704,17504,51,281949
v3.3_uniform_sqlite-3.31.1_run1,v3.3_uniform,sqlite-3.31.1,1,1705,17504,51,282288
v3.3_uniform_sqlite-3.31.1_run1,v3.3_uniform,sqlite-3.31.1,1,1706,17504,51,282567
v3.3_uniform_sqlite-3.31.1_run1,v3.3_uniform,sqlite-3.31.1,1,1707,17505,51,282708
v3.3_uniform_sqlite-3.31.1_run1,v3.3_uniform,sqlite-3.31.1,1,1708,17506,51,283215
v3.3_uniform_sqlite-3.31.1_run1,v3.3_uniform,sqlite-3.31.1,1,1709,17506,51,283458
v3.3_uniform_sqlite-3.31.1_run1,v3.3_uniform,sqlite-3.31.1,1,1710,17507,51,283694
v3.3_uniform_sqlite-3.31.1_run1,v3.3_uniform,sqlite-3.31.1,1,1711,17507,51,284083
v3.3_uniform_sqlite-3.31.1_run1,v3.3_uniform,sqlite-3.31.1,1,1712,17507,51,284483
v3.3_uniform_sqlite-3.31.1_run1,v3.3_uniform,sqlite-3.31.1,1,1713,17507,51,284758
v3.3_uniform_sqlite-3.31.1_run1,v3.3_uniform,sqlite-3.31.1,1,1714,17507,51,285248
v3.3_uniform_sqlite-3.31.1_run1,v3.3_uniform,sqlite-3.31.1,1,1715,17507,51,285386
v3.3_uniform_sqlite-3.31.1_run1,v3.3_uniform,sqlite-3.31.1,1,1716,17507,51,285658
v3.3_uniform_sqlite-3.31.1_run1,v3.3_uniform,sqlite-3.31.1,1,1717,17507,51,285930
v3.3_uniform_sqlite-3.31.1_run1,v3.3_uniform,sqlite-3.31.1,1,1718,17507,51,286134
v3.3_uniform_sqlite-3.31.1_run1,v3.3_uniform,sqlite-3.31.1,1,1719,17507,51,286276
v3.3_uniform_sqlite-3.31.1_run1,v3.3_uniform,sqlite-3.31.1,1,1720,17507,51,286276
v3.3_uniform_sqlite-3.31.1_run1,v3.3_uniform,sqlite-3.31.1,1,1721,17507,51,286276
v3.3_uniform_sqlite-3.31.1_run1,v3.3_uniform,sqlite-3.31.1,1,1722,17507,51,286276
v3.3_uniform_sqlite-3.31.1_run1,v3.3_uniform,sqlite-3.31.1,1,1723,17507,51,286276
v3.3_uniform_sqlite-3.31.1_run1,v3.3_uniform,sqlite-3.31.1,1,1724,17507,51,286276
v3.3_uniform_sqlite-3.31.1_run1,v3.3_uniform,sqlite-3.31.1,1,1725,17507,51,286276
v3.3_uniform_sqlite-3.31.1_run1,v3.3_uniform,sqlite-3.31.1,1,1726,17507,51,286276
v3.3_uniform_sqlite-3.31.1_run1,v3.3_uniform,sqlite-3.31.1,1,1727,17507,51,286276
v3.3_uniform_sqlite-3.31.1_run1,v3.3_uniform,sqlite-3.31.1,1,1728,17507,51,286276
v3.3_uniform_sqlite-3.31.1_run1,v3.3_uniform,sqlite-3.31.1,1,1729,17507,51,286276
v3.3_uniform_sqlite-3.31.1_run1,v3.3_uniform,sqlite-3.31.1,1,1730,17507,51,286276
v3.3_uniform_sqlite-3.31.1_run1,v3.3_uniform,sqlite-3.31.1,1,1731,17507,51,286276
v3.3_uniform_sqlite-3.31.1_run1,v3.3_uniform,sqlite-3.31.1,1,1732,17507,51,286276
v3.3_uniform_sqlite-3.31.1_run1,v3.3_uniform,sqlite-3.31.1,1,1733,17507,51,286276
v3.3_uniform_sqlite-3.31.1_run1,v3.3_uniform,sqlite-3.31.1,1,1734,17507,51,286276
v3.3_uniform_sqlite-3.31.1_run1,v3.3_uniform,sqlite-3.31.1,1,1735,17507,51,286276
v3.3_uniform_sqlite-3.31.1_run1,v3.3_uniform,sqlite-3.31.1,1,1736,17507,51,286276
v3.3_uniform_sqlite-3.31.1_run1,v3.3_uniform,sqlite-3.31.1,1,1737,17507,51,286615
v3.3_uniform_sqlite-3.31.1_run1,v3.3_uniform,sqlite-3.31.1,1,1738,17507,51,286878
v3.3_uniform_sqlite-3.31.1_run1,v3.3_uniform,sqlite-3.31.1,1,1739,17507,51,287198
v3.3_uniform_sqlite-3.31.1_run1,v3.3_uniform,sqlite-3.31.1,1,1740,17507,51,287461
v3.3_uniform_sqlite-3.31.1_run1,v3.3_uniform,sqlite-3.31.1,1,1741,17507,51,287865
v3.3_uniform_sqlite-3.31.1_run1,v3.3_uniform,sqlite-3.31.1,1,1742,17507,51,288148
v3.3_uniform_sqlite-3.31.1_run1,v3.3_uniform,sqlite-3.31.1,1,1743,17507,51,288422
v3.3_uniform_sqlite-3.31.1_run1,v3.3_uniform,sqlite-3.31.1,1,1744,17507,51,288715
v3.3_uniform_sqlite-3.31.1_run1,v3.3_uniform,sqlite-3.31.1,1,1745,17507,52,288945
v3.3_uniform_sqlite-3.31.1_run1,v3.3_uniform,sqlite-3.31.1,1,1746,17521,52,289133
v3.3_uniform_sqlite-3.31.1_run1,v3.3_uniform,sqlite-3.31.1,1,1747,17521,52,289357
v3.3_uniform_sqlite-3.31.1_run1,v3.3_uniform,sqlite-3.31.1,1,1748,17521,52,289716
v3.3_uniform_sqlite-3.31.1_run1,v3.3_uniform,sqlite-3.31.1,1,1749,17521,52,289857
v3.3_uniform_sqlite-3.31.1_run1,v3.3_uniform,sqlite-3.31.1,1,1750,17521,52,290122
v3.3_uniform_sqlite-3.31.1_run1,v3.3_uniform,sqlite-3.31.1,1,1751,17521,52,290452
v3.3_uniform_sqlite-3.31.1_run1,v3.3_uniform,sqlite-3.31.1,1,1752,17521,52,290562
v3.3_uniform_sqlite-3.31.1_run1,v3.3_uniform,sqlite-3.31.1,1,1753,17521,52,290961
v3.3_uniform_sqlite-3.31.1_run1,v3.3_uniform,sqlite-3.31.1,1,1754,17521,52,291300
v3.3_uniform_sqlite-3.31.1_run1,v3.3_uniform,sqlite-3.31.1,1,1755,17521,52,291346
v3.3_uniform_sqlite-3.31.1_run1,v3.3_uniform,sqlite-3.31.1,1,1756,17521,52,291719
v3.3_uniform_sqlite-3.31.1_run1,v3.3_uniform,sqlite-3.31.1,1,1757,17521,52,291719
v3.3_uniform_sqlite-3.31.1_run1,v3.3_uniform,sqlite-3.31.1,1,1758,17524,52,291719
v3.3_uniform_sqlite-3.31.1_run1,v3.3_uniform,sqlite-3.31.1,1,1759,17524,52,291719
v3.3_uniform_sqlite-3.31.1_run1,v3.3_uniform,sqlite-3.31.1,1,1760,17524,52,291719
v3.3_uniform_sqlite-3.31.1_run1,v3.3_uniform,sqlite-3.31.1,1,1761,17524,52,291719
v3.3_uniform_sqlite-3.31.1_run1,v3.3_uniform,sqlite-3.31.1,1,1762,17524,52,292672
v3.3_uniform_sqlite-3.31.1_run1,v3.3_uniform,sqlite-3.31.1,1,1763,17524,52,293047
v3.3_uniform_sqlite-3.31.1_run1,v3.3_uniform,sqlite-3.31.1,1,1764,17524,52,293298
v3.3_uniform_sqlite-3.31.1_run1,v3.3_uniform,sqlite-3.31.1,1,1765,17524,52,293380
v3.3_uniform_sqlite-3.31.1_run1,v3.3_uniform,sqlite-3.31.1,1,1766,17524,52,293731
v3.3_uniform_sqlite-3.31.1_run1,v3.3_uniform,sqlite-3.31.1,1,1767,17524,52,293972
v3.3_uniform_sqlite-3.31.1_run1,v3.3_uniform,sqlite-3.31.1,1,1768,17524,52,294279
v3.3_uniform_sqlite-3.31.1_run1,v3.3_uniform,sqlite-3.31.1,1,1769,17524,52,294658
v3.3_uniform_sqlite-3.31.1_run1,v3.3_uniform,sqlite-3.31.1,1,1770,17524,52,294858
v3.3_uniform_sqlite-3.31.1_run1,v3.3_uniform,sqlite-3.31.1,1,1771,17524,52,295138
v3.3_uniform_sqlite-3.31.1_run1,v3.3_uniform,sqlite-3.31.1,1,1772,17524,53,295265
v3.3_uniform_sqlite-3.31.1_run1,v3.3_uniform,sqlite-3.31.1,1,1773,17524,53,295526
v3.3_uniform_sqlite-3.31.1_run1,v3.3_uniform,sqlite-3.31.1,1,1774,17524,53,295800
v3.3_uniform_sqlite-3.31.1_run1,v3.3_uniform,sqlite-3.31.1,1,1775,17524,53,296081
v3.3_uniform_sqlite-3.31.1_run1,v3.3_uniform,sqlite-3.31.1,1,1776,17524,53,296274
v3.3_uniform_sqlite-3.31.1_run1,v3.3_uniform,sqlite-3.31.1,1,1777,17525,53,296557
v3.3_uniform_sqlite-3.31.1_run1,v3.3_uniform,sqlite-3.31.1,1,1778,17525,53,296879
v3.3_uniform_sqlite-3.31.1_run1,v3.3_uniform,sqlite-3.31.1,1,1779,17525,53,297147
v3.3_uniform_sqlite-3.31.1_run1,v3.3_uniform,sqlite-3.31.1,1,1780,17525,53,297147
v3.3_uniform_sqlite-3.31.1_run1,v3.3_uniform,sqlite-3.31.1,1,1781,17525,53,297147
v3.3_uniform_sqlite-3.31.1_run1,v3.3_uniform,sqlite-3.31.1,1,1782,17525,53,297147
v3.3_uniform_sqlite-3.31.1_run1,v3.3_uniform,sqlite-3.31.1,1,1783,17525,53,297147
v3.3_uniform_sqlite-3.31.1_run1,v3.3_uniform,sqlite-3.31.1,1,1784,17525,53,297147
v3.3_uniform_sqlite-3.31.1_run1,v3.3_uniform,sqlite-3.31.1,1,1785,17525,53,297147
v3.3_uniform_sqlite-3.31.1_run1,v3.3_uniform,sqlite-3.31.1,1,1786,17525,53,297147
v3.3_uniform_sqlite-3.31.1_run1,v3.3_uniform,sqlite-3.31.1,1,1787,17525,53,297147
v3.3_uniform_sqlite-3.31.1_run1,v3.3_uniform,sqlite-3.31.1,1,1788,17525,53,297147
v3.3_uniform_sqlite-3.31.1_run1,v3.3_uniform,sqlite-3.31.1,1,1789,17525,53,297147
v3.3_uniform_sqlite-3.31.1_run1,v3.3_uniform,sqlite-3.31.1,1,1790,17525,53,297147
v3.3_uniform_sqlite-3.31.1_run1,v3.3_uniform,sqlite-3.31.1,1,1791,17525,53,297147
v3.3_uniform_sqlite-3.31.1_run1,v3.3_uniform,sqlite-3.31.1,1,1792,17525,53,297147
v3.3_uniform_sqlite-3.31.1_run1,v3.3_uniform,sqlite-3.31.1,1,1793,17525,53,297147
v3.3_uniform_sqlite-3.31.1_run1,v3.3_uniform,sqlite-3.31.1,1,1794,17525,53,297147
v3.3_uniform_sqlite-3.31.1_run1,v3.3_uniform,sqlite-3.31.1,1,1795,17525,53,297147
v3.3_uniform_sqlite-3.31.1_run1,v3.3_uniform,sqlite-3.31.1,1,1796,17525,53,297147
v3.3_uniform_sqlite-3.31.1_run1,v3.3_uniform,sqlite-3.31.1,1,1797,17525,53,297147
v3.3_uniform_sqlite-3.31.1_run1,v3.3_uniform,sqlite-3.31.1,1,1798,17525,53,297147
v3.3_uniform_sqlite-3.31.1_run1,v3.3_uniform,sqlite-3.31.1,1,1799,17525,53,297431
ebnf_sqlite-3.31.1_run1,ebnf,sqlite-3.31.1,1,1,8128,1,0
ebnf_sqlite-3.31.1_run1,ebnf,sqlite-3.31.1,1,2,11234,1,0
ebnf_sqlite-3.31.1_run1,ebnf,sqlite-3.31.1,1,3,11367,1,0
ebnf_sqlite-3.31.1_run1,ebnf,sqlite-3.31.1,1,4,11797,1,0
ebnf_sqlite-3.31.1_run1,ebnf,sqlite-3.31.1,1,5,12182,2,0
ebnf_sqlite-3.31.1_run1,ebnf,sqlite-3.31.1,1,6,12344,2,0
ebnf_sqlite-3.31.1_run1,ebnf,sqlite-3.31.1,1,7,12520,2,0
ebnf_sqlite-3.31.1_run1,ebnf,sqlite-3.31.1,1,8,12575,3,1461
ebnf_sqlite-3.31.1_run1,ebnf,sqlite-3.31.1,1,9,12858,3,1717
ebnf_sqlite-3.31.1_run1,ebnf,sqlite-3.31.1,1,10,12916,3,1956
ebnf_sqlite-3.31.1_run1,ebnf,sqlite-3.31.1,1,11,12917,4,2020
ebnf_sqlite-3.31.1_run1,ebnf,sqlite-3.31.1,1,12,12939,6,2113
ebnf_sqlite-3.31.1_run1,ebnf,sqlite-3.31.1,1,13,12978,6,2323
ebnf_sqlite-3.31.1_run1,ebnf,sqlite-3.31.1,1,14,13197,6,2576
ebnf_sqlite-3.31.1_run1,ebnf,sqlite-3.31.1,1,15,13198,6,2769
ebnf_sqlite-3.31.1_run1,ebnf,sqlite-3.31.1,1,16,13199,6,2996
ebnf_sqlite-3.31.1_run1,ebnf,sqlite-3.31.1,1,17,13359,6,3241
ebnf_sqlite-3.31.1_run1,ebnf,sqlite-3.31.1,1,18,13359,6,3488
ebnf_sqlite-3.31.1_run1,ebnf,sqlite-3.31.1,1,19,14243,6,3748
ebnf_sqlite-3.31.1_run1,ebnf,sqlite-3.31.1,1,20,14275,6,4038
ebnf_sqlite-3.31.1_run1,ebnf,sqlite-3.31.1,1,21,14461,6,4259
ebnf_sqlite-3.31.1_run1,ebnf,sqlite-3.31.1,1,22,14599,6,4465
ebnf_sqlite-3.31.1_run1,ebnf,sqlite-3.31.1,1,23,14608,6,4662
ebnf_sqlite-3.31.1_run1,ebnf,sqlite-3.31.1,1,24,14615,6,4941
ebnf_sqlite-3.31.1_run1,ebnf,sqlite-3.31.1,1,25,14914,6,5261
ebnf_sqlite-3.31.1_run1,ebnf,sqlite-3.31.1,1,26,14914,6,5415
ebnf_sqlite-3.31.1_run1,ebnf,sqlite-3.31.1,1,27,14924,6,5415
ebnf_sqlite-3.31.1_run1,ebnf,sqlite-3.31.1,1,28,14942,6,5415
ebnf_sqlite-3.31.1_run1,ebnf,sqlite-3.31.1,1,29,14953,6,5415
ebnf_sqlite-3.31.1_run1,ebnf,sqlite-3.31.1,1,30,14955,6,6227
ebnf_sqlite-3.31.1_run1,ebnf,sqlite-3.31.1,1,31,14955,6,6363
ebnf_sqlite-3.31.1_run1,ebnf,sqlite-3.31.1,1,32,14961,7,6363
ebnf_sqlite-3.31.1_run1,ebnf,sqlite-3.31.1,1,33,14961,9,6363
ebnf_sqlite-3.31.1_run1,ebnf,sqlite-3.31.1,1,34,14961,9,6432
ebnf_sqlite-3.31.1_run1,ebnf,sqlite-3.31.1,1,35,14961,9,6432
ebnf_sqlite-3.31.1_run1,ebnf,sqlite-3.31.1,1,36,14961,9,6432
ebnf_sqlite-3.31.1_run1,ebnf,sqlite-3.31.1,1,37,14961,9,6432
ebnf_sqlite-3.31.1_run1,ebnf,sqlite-3.31.1,1,38,14961,9,6432
ebnf_sqlite-3.31.1_run1,ebnf,sqlite-3.31.1,1,39,14961,9,6432
ebnf_sqlite-3.31.1_run1,ebnf,sqlite-3.31.1,1,40,14961,9,6432
ebnf_sqlite-3.31.1_run1,ebnf,sqlite-3.31.1,1,41,14961,10,6432
ebnf_sqlite-3.31.1_run1,ebnf,sqlite-3.31.1,1,42,14961,10,6432
ebnf_sqlite-3.31.1_run1,ebnf,sqlite-3.31.1,1,43,14961,10,6432
ebnf_sqlite-3.31.1_run1,ebnf,sqlite-3.31.1,1,44,14961,11,6432
ebnf_sqlite-3.31.1_run1,ebnf,sqlite-3.31.1,1,45,14961,11,6432
ebnf_sqlite-3.31.1_run1,ebnf,sqlite-3.31.1,1,46,14961,11,6432
ebnf_sqlite-3.31.1_run1,ebnf,sqlite-3.31.1,1,47,14961,11,6432
ebnf_sqlite-3.31.1_run1,ebnf,sqlite-3.31.1,1,48,14961,11,6432
ebnf_sqlite-3.31.1_run1,ebnf,sqlite-3.31.1,1,49,14961,11,6432
ebnf_sqlite-3.31.1_run1,ebnf,sqlite-3.31.1,1,50,14961,11,6432
ebnf_sqlite-3.31.1_run1,ebnf,sqlite-3.31.1,1,51,14961,11,6432
ebnf_sqlite-3.31.1_run1,ebnf,sqlite-3.31.1,1,52,14961,11,6432
ebnf_sqlite-3.31.1_run1,ebnf,sqlite-3.31.1,1,53,14961,11,6667
ebnf_sqlite-3.31.1_run1,ebnf,sqlite-3.31.1,1,54,14961,11,6667
ebnf_sqlite-3.31.1_run1,ebnf,sqlite-3.31.1,1,55,14961,11,6667
ebnf_sqlite-3.31.1_run1,ebnf,sqlite-3.31.1,1,56,14961,11,6667
ebnf_sqlite-3.31.1_run1,ebnf,sqlite-3.31.1,1,57,14961,11,6667
ebnf_sqlite-3.31.1_run1,ebnf,sqlite-3.31.1,1,58,14961,11,6667
ebnf_sqlite-3.31.1_run1,ebnf,sqlite-3.31.1,1,59,14961,11,6667
ebnf_sqlite-3.31.1_run1,ebnf,sqlite-3.31.1,1,60,14961,11,6667
ebnf_sqlite-3.31.1_run1,ebnf,sqlite-3.31.1,1,61,14961,11,6667
ebnf_sqlite-3.31.1_run1,ebnf,sqlite-3.31.1,1,62,14961,11,6667
ebnf_sqlite-3.31.1_run1,ebnf,sqlite-3.31.1,1,63,14961,11,6667
ebnf_sqlite-3.31.1_run1,ebnf,sqlite-3.31.1,1,64,14961,11,6667
ebnf_sqlite-3.31.1_run1,ebnf,sqlite-3.31.1,1,65,14961,11,6667
ebnf_sqlite-3.31.1_run1,ebnf,sqlite-3.31.1,1,66,14961,11,6667
ebnf_sqlite-3.31.1_run1,ebnf,sqlite-3.31.1,1,67,14961,11,6667
ebnf_sqlite-3.31.1_run1,ebnf,sqlite-3.31.1,1,68,14961,11,6667
ebnf_sqlite-3.31.1_run1,ebnf,sqlite-3.31.1,1,69,14961,11,6884
ebnf_sqlite-3.31.1_run1,ebnf,sqlite-3.31.1,1,70,14961,11,6884
ebnf_sqlite-3.31.1_run1,ebnf,sqlite-3.31.1,1,71,14961,11,6884
ebnf_sqlite-3.31.1_run1,ebnf,sqlite-3.31.1,1,72,14961,11,6884
ebnf_sqlite-3.31.1_run1,ebnf,sqlite-3.31.1,1,73,14961,11,6884
ebnf_sqlite-3.31.1_run1,ebnf,sqlite-3.31.1,1,74,14961,11,6884
ebnf_sqlite-3.31.1_run1,ebnf,sqlite-3.31.1,1,75,14961,11,6884
ebnf_sqlite-3.31.1_run1,ebnf,sqlite-3.31.1,1,76,14961,11,6884
ebnf_sqlite-3.31.1_run1,ebnf,sqlite-3.31.1,1,77,14961,11,6884
ebnf_sqlite-3.31.1_run1,ebnf,sqlite-3.31.1,1,78,14961,11,6884
ebnf_sqlite-3.31.1_run1,ebnf,sqlite-3.31.1,1,79,14961,11,6884
ebnf_sqlite-3.31.1_run1,ebnf,sqlite-3.31.1,1,80,14961,11,6884
ebnf_sqlite-3.31.1_run1,ebnf,sqlite-3.31.1,1,81,14961,11,6884
ebnf_sqlite-3.31.1_run1,ebnf,sqlite-3.31.1,1,82,14961,11,6884
ebnf_sqlite-3.31.1_run1,ebnf,sqlite-3.31.1,1,83,14961,11,6884
ebnf_sqlite-3.31.1_run1,ebnf,sqlite-3.31.1,1,84,14961,11,6884
ebnf_sqlite-3.31.1_run1,ebnf,sqlite-3.31.1,1,85,14961,11,7108
ebnf_sqlite-3.31.1_run1,ebnf,sqlite-3.31.1,1,86,14967,11,7145
ebnf_sqlite-3.31.1_run1,ebnf,sqlite-3.31.1,1,87,14972,11,7468
ebnf_sqlite-3.31.1_run1,ebnf,sqlite-3.31.1,1,88,14972,11,7468
ebnf_sqlite-3.31.1_run1,ebnf,sqlite-3.31.1,1,89,14972,11,7468
ebnf_sqlite-3.31.1_run1,ebnf,sqlite-3.31.1,1,90,14972,11,7468
ebnf_sqlite-3.31.1_run1,ebnf,sqlite-3.31.1,1,91,14972,11,7468
ebnf_sqlite-3.31.1_run1,ebnf,sqlite-3.31.1,1,92,14972,11,7468
ebnf_sqlite-3.31.1_run1,ebnf,sqlite-3.31.1,1,93,14972,11,8911
ebnf_sqlite-3.31.1_run1,ebnf,sqlite-3.31.1,1,94,15111,11,9248
ebnf_sqlite-3.31.1_run1,ebnf,sqlite-3.31.1,1,95,15412,11,9429
ebnf_sqlite-3.31.1_run1,ebnf,sqlite-3.31.1,1,96,15531,12,9694
ebnf_sqlite-3.31.1_run1,ebnf,sqlite-3.31.1,1,97,15535,12,9933
ebnf_sqlite-3.31.1_run1,ebnf,sqlite-3.31.1,1,98,15642,12,10178
ebnf_sqlite-3.31.1_run1,ebnf,sqlite-3.31.1,1,99,15667,12,10397
ebnf_sqlite-3.31.1_run1,ebnf,sqlite-3.31.1,1,100,15677,12,10640
ebnf_sqlite-3.31.1_run1,ebnf,sqlite-3.31.1,1,101,15716,12,10881
ebnf_sqlite-3.31.1_run1,ebnf,sqlite-3.31.1,1,102,15765,12,11043
ebnf_sqlite-3.31.1_run1,ebnf,sqlite-3.31.1,1,103,15765,12,11241
ebnf_sqlite-3.31.1_run1,ebnf,sqlite-3.31.1,1,104,15770,12,11678
ebnf_sqlite-3.31.1_run1,ebnf,sqlite-3.31.1,1,105,15770,12,11923
ebnf_sqlite-3.31.1_run1,ebnf,sqlite-3.31.1,1,106,15860,12,12083
ebnf_sqlite-3.31.1_run1,ebnf,sqlite-3.31.1,1,107,15861,12,12271
ebnf_sqlite-3.31.1_run1,ebnf,sqlite-3.31.1,1,108,15882,12,12597
ebnf_sqlite-3.31.1_run1,ebnf,sqlite-3.31.1,1,109,15903,12,12671
ebnf_sqlite-3.31.1_run1,ebnf,sqlite-3.31.1,1,110,15966,12,13003
ebnf_sqlite-3.31.1_run1,ebnf,sqlite-3.31.1,1,111,15988,12,13231
ebnf_sqlite-3.31.1_run1,ebnf,sqlite-3.31.1,1,112,16111,12,13231
ebnf_sqlite-3.31.1_run1,ebnf,sqlite-3.31.1,1,113,16209,12,13680
ebnf_sqlite-3.31.1_run1,ebnf,sqlite-3.31.1,1,114,16221,12,13896
ebnf_sqlite-3.31.1_run1,ebnf,sqlite-3.31.1,1,115,16287,12,13942
ebnf_sqlite-3.31.1_run1,ebnf,sqlite-3.31.1,1,116,16304,13,14163
ebnf_sqlite-3.31.1_run1,ebnf,sqlite-3.31.1,1,117,16381,13,14315
ebnf_sqlite-3.31.1_run1,ebnf,sqlite-3.31.1,1,118,16406,13,14417
ebnf_sqlite-3.31.1_run1,ebnf,sqlite-3.31.1,1,119,16408,13,14562
ebnf_sqlite-3.31.1_run1,ebnf,sqlite-3.31.1,1,120,16409,13,14730
ebnf_sqlite-3.31.1_run1,ebnf,sqlite-3.31.1,1,121,16412,13,14926
ebnf_sqlite-3.31.1_run1,ebnf,sqlite-3.31.1,1,122,16413,13,14997
ebnf_sqlite-3.31.1_run1,ebnf,sqlite-3.31.1,1,123,16963,14,15212
ebnf_sqlite-3.31.1_run1,ebnf,sqlite-3.31.1,1,124,17004,14,15299
ebnf_sqlite-3.31.1_run1,ebnf,sqlite-3.31.1,1,125,17004,15,15505
ebnf_sqlite-3.31.1_run1,ebnf,sqlite-3.31.1,1,126,17004,16,15505
ebnf_sqlite-3.31.1_run1,ebnf,sqlite-3.31.1,1,127,17005,17,15623
ebnf_sqlite-3.31.1_run1,ebnf,sqlite-3.31.1,1,128,17308,17,15823
ebnf_sqlite-3.31.1_run1,ebnf,sqlite-3.31.1,1,129,17308,17,15823
ebnf_sqlite-3.31.1_run1,ebnf,sqlite-3.31.1,1,130,17309,17,16228
ebnf_sqlite-3.31.1_run1,ebnf,sqlite-3.31.1,1,131,17314,18,16228
ebnf_sqlite-3.31.1_run1,ebnf,sqlite-3.31.1,1,132,17320,18,16503
ebnf_sqlite-3.31.1_run1,ebnf,sqlite-3.31.1,1,133,17352,18,16746
ebnf_sqlite-3.31.1_run1,ebnf,sqlite-3.31.1,1,134,17363,18,16833
ebnf_sqlite-3.31.1_run1,ebnf,sqlite-3.31.1,1,135,17383,18,17158
ebnf_sqlite-3.31.1_run1,ebnf,sqlite-3.31.1,1,136,17395,18,17355
ebnf_sqlite-3.31.1_run1,ebnf,sqlite-3.31.1,1,137,17397,19,17414
ebnf_sqlite-3.31.1_run1,ebnf,sqlite-3.31.1,1,138,17703,19,17644
ebnf_sqlite-3.31.1_run1,ebnf,sqlite-3.31.1,1,139,17704,21,17684
ebnf_sqlite-3.31.1_run1,ebnf,sqlite-3.31.1,1,140,17753,21,17886
ebnf_sqlite-3.31.1_run1,ebnf,sqlite-3.31.1,1,141,17765,21,18159
ebnf_sqlite-3.31.1_run1,ebnf,sqlite-3.31.1,1,142,17765,21,18324
ebnf_sqlite-3.31.1_run1,ebnf,sqlite-3.31.1,1,143,17765,21,18483
ebnf_sqlite-3.31.1_run1,ebnf,sqlite-3.31.1,1,144,17807,21,18808
ebnf_sqlite-3.31.1_run1,ebnf,sqlite-3.31.1,1,145,17852,21,18914
ebnf_sqlite-3.31.1_run1,ebnf,sqlite-3.31.1,1,146,17858,21,19090
ebnf_sqlite-3.31.1_run1,ebnf,sqlite-3.31.1,1,147,17928,21,19429
ebnf_sqlite-3.31.1_run1,ebnf,sqlite-3.31.1,1,148,17955,21,19615
ebnf_sqlite-3.31.1_run1,ebnf,sqlite-3.31.1,1,149,18063,21,19794
ebnf_sqlite-3.31.1_run1,ebnf,sqlite-3.31.1,1,150,18089,21,20231
ebnf_sqlite-3.31.1_run1,ebnf,sqlite-3.31.1,1,151,18093,21,20461
ebnf_sqlite-3.31.1_run1,ebnf,sqlite-3.31.1,1,152,18094,21,20651
ebnf_sqlite-3.31.1_run1,ebnf,sqlite-3.31.1,1,153,18108,21,21064
ebnf_sqlite-3.31.1_run1,ebnf,sqlite-3.31.1,1,154,18120,21,21212
ebnf_sqlite-3.31.1_run1,ebnf,sqlite-3.31.1,1,155,18142,21,21473
ebnf_sqlite-3.31.1_run1,ebnf,sqlite-3.31.1,1,156,18214,21,21888
ebnf_sqlite-3.31.1_run1,ebnf,sqlite-3.31.1,1,157,18323,21,21980
ebnf_sqlite-3.31.1_run1,ebnf,sqlite-3.31.1,1,158,18327,21,22386
ebnf_sqlite-3.31.1_run1,ebnf,sqlite-3.31.1,1,159,18330,21,22558
ebnf_sqlite-3.31.1_run1,ebnf,sqlite-3.31.1,1,160,18331,21,22789
ebnf_sqlite-3.31.1_run1,ebnf,sqlite-3.31.1,1,161,18331,21,23031
ebnf_sqlite-3.31.1_run1,ebnf,sqlite-3.31.1,1,162,18331,21,23142
ebnf_sqlite-3.31.1_run1,ebnf,sqlite-3.31.1,1,163,18333,22,23142
ebnf_sqlite-3.31.1_run1,ebnf,sqlite-3.31.1,1,164,18362,22,23433
ebnf_sqlite-3.31.1_run1,ebnf,sqlite-3.31.1,1,165,18367,22,23670
ebnf_sqlite-3.31.1_run1,ebnf,sqlite-3.31.1,1,166,18367,22,23820
ebnf_sqlite-3.31.1_run1,ebnf,sqlite-3.31.1,1,167,18367,24,23952
ebnf_sqlite-3.31.1_run1,ebnf,sqlite-3.31.1,1,168,18367,25,23952
ebnf_sqlite-3.31.1_run1,ebnf,sqlite-3.31.1,1,169,18367,26,24072
ebnf_sqlite-3.31.1_run1,ebnf,sqlite-3.31.1,1,170,18368,26,24229
ebnf_sqlite-3.31.1_run1,ebnf,sqlite-3.31.1,1,171,18459,26,24421
ebnf_sqlite-3.31.1_run1,ebnf,sqlite-3.31.1,1,172,18461,26,24543
ebnf_sqlite-3.31.1_run1,ebnf,sqlite-3.31.1,1,173,18461,26,24826
ebnf_sqlite-3.31.1_run1,ebnf,sqlite-3.31.1,1,174,18461,27,24976
ebnf_sqlite-3.31.1_run1,ebnf,sqlite-3.31.1,1,175,18461,28,25045
ebnf_sqlite-3.31.1_run1,ebnf,sqlite-3.31.1,1,176,18473,28,25296
ebnf_sqlite-3.31.1_run1,ebnf,sqlite-3.31.1,1,177,18480,28,25443
ebnf_sqlite-3.31.1_run1,ebnf,sqlite-3.31.1,1,178,18480,28,25751
ebnf_sqlite-3.31.1_run1,ebnf,sqlite-3.31.1,1,179,18481,28,25919
ebnf_sqlite-3.31.1_run1,ebnf,sqlite-3.31.1,1,180,18481,28,26213
ebnf_sqlite-3.31.1_run1,ebnf,sqlite-3.31.1,1,181,18481,29,26337
ebnf_sqlite-3.31.1_run1,ebnf,sqlite-3.31.1,1,182,18481,29,26635
ebnf_sqlite-3.31.1_run1,ebnf,sqlite-3.31.1,1,183,18481,30,26747
ebnf_sqlite-3.31.1_run1,ebnf,sqlite-3.31.1,1,184,18481,31,26809
ebnf_sqlite-3.31.1_run1,ebnf,sqlite-3.31.1,1,185,18965,31,26908
ebnf_sqlite-3.31.1_run1,ebnf,sqlite-3.31.1,1,186,18966,31,26908
ebnf_sqlite-3.31.1_run1,ebnf,sqlite-3.31.1,1,187,18966,31,27118
ebnf_sqlite-3.31.1_run1,ebnf,sqlite-3.31.1,1,188,18966,31,27274
ebnf_sqlite-3.31.1_run1,ebnf,sqlite-3.31.1,1,189,18966,31,27274
ebnf_sqlite-3.31.1_run1,ebnf,sqlite-3.31.1,1,190,18966,31,27274
ebnf_sqlite-3.31.1_run1,ebnf,sqlite-3.31.1,1,191,18966,31,27274
ebnf_sqlite-3.31.1_run1,ebnf,sqlite-3.31.1,1,192,18966,31,27274
ebnf_sqlite-3.31.1_run1,ebnf,sqlite-3.31.1,1,193,18966,31,27478
ebnf_sqlite-3.31.1_run1,ebnf,sqlite-3.31.1,1,194,18966,31,27478
ebnf_sqlite-3.31.1_run1,ebnf,sqlite-3.31.1,1,195,18966,31,27478
ebnf_sqlite-3.31.1_run1,ebnf,sqlite-3.31.1,1,196,18966,31,27733
ebnf_sqlite-3.31.1_run1,ebnf,sqlite-3.31.1,1,197,18972,32,27826
ebnf_sqlite-3.31.1_run1,ebnf,sqlite-3.31.1,1,198,18989,32,27968
ebnf_sqlite-3.31.1_run1,ebnf,sqlite-3.31.1,1,199,18989,32,28100
ebnf_sqlite-3.31.1_run1,ebnf,sqlite-3.31.1,1,200,18989,32,28403
ebnf_sqlite-3.31.1_run1,ebnf,sqlite-3.31.1,1,201,18989,32,28690
ebnf_sqlite-3.31.1_run1,ebnf,sqlite-3.31.1,1,202,18991,32,28881
ebnf_sqlite-3.31.1_run1,ebnf,sqlite-3.31.1,1,203,18991,32,28988
ebnf_sqlite-3.31.1_run1,ebnf,sqlite-3.31.1,1,204,18992,33,29120
ebnf_sqlite-3.31.1_run1,ebnf,sqlite-3.31.1,1,205,18992,33,29292
ebnf_sqlite-3.31.1_run1,ebnf,sqlite-3.31.1,1,206,18992,33,29569
ebnf_sqlite-3.31.1_run1,ebnf,sqlite-3.31.1,1,207,19006,33,29688
ebnf_sqlite-3.31.1_run1,ebnf,sqlite-3.31.1,1,208,19008,33,30020
ebnf_sqlite-3.31.1_run1,ebnf,sqlite-3.31.1,1,209,19008,33,30198
ebnf_sqlite-3.31.1_run1,ebnf,sqlite-3.31.1,1,210,19011,33,30583
ebnf_sqlite-3.31.1_run1,ebnf,sqlite-3.31.1,1,211,19011,33,30716
ebnf_sqlite-3.31.1_run1,ebnf,sqlite-3.31.1,1,212,19028,33,31043
ebnf_sqlite-3.31.1_run1,ebnf,sqlite-3.31.1,1,213,19031,33,31185
ebnf_sqlite-3.31.1_run1,ebnf,sqlite-3.31.1,1,214,19034,33,31323
ebnf_sqlite-3.31.1_run1,ebnf,sqlite-3.31.1,1,215,19041,33,31690
ebnf_sqlite-3.31.1_run1,ebnf,sqlite-3.31.1,1,216,19046,33,31878
ebnf_sqlite-3.31.1_run1,ebnf,sqlite-3.31.1,1,217,19046,33,32071
ebnf_sqlite-3.31.1_run1,ebnf,sqlite-3.31.1,1,218,19046,33,32413
ebnf_sqlite-3.31.1_run1,ebnf,sqlite-3.31.1,1,219,19046,33,32516
ebnf_sqlite-3.31.1_run1,ebnf,sqlite-3.31.1,1,220,19046,34,32604
ebnf_sqlite-3.31.1_run1,ebnf,sqlite-3.31.1,1,221,19046,35,32773
ebnf_sqlite-3.31.1_run1,ebnf,sqlite-3.31.1,1,222,19046,35,32908
ebnf_sqlite-3.31.1_run1,ebnf,sqlite-3.31.1,1,223,19236,35,33030
ebnf_sqlite-3.31.1_run1,ebnf,sqlite-3.31.1,1,224,19237,35,33310
ebnf_sqlite-3.31.1_run1,ebnf,sqlite-3.31.1,1,225,19241,35,33524
ebnf_sqlite-3.31.1_run1,ebnf,sqlite-3.31.1,1,226,19242,36,33681
ebnf_sqlite-3.31.1_run1,ebnf,sqlite-3.31.1,1,227,19261,36,33814
ebnf_sqlite-3.31.1_run1,ebnf,sqlite-3.31.1,1,228,19266,36,33988
ebnf_sqlite-3.31.1_run1,ebnf,sqlite-3.31.1,1,229,19266,36,34114
ebnf_sqlite-3.31.1_run1,ebnf,sqlite-3.31.1,1,230,19266,36,34235
ebnf_sqlite-3.31.1_run1,ebnf,sqlite-3.31.1,1,231,19266,36,34235
ebnf_sqlite-3.31.1_run1,ebnf,sqlite-3.31.1,1,232,19266,36,34491
ebnf_sqlite-3.31.1_run1,ebnf,sqlite-3.31.1,1,233,19267,36,34657
ebnf_sqlite-3.31.1_run1,ebnf,sqlite-3.31.1,1,234,19294,37,34836
ebnf_sqlite-3.31.1_run1,ebnf,sqlite-3.31.1,1,235,19297,37,34971
ebnf_sqlite-3.31.1_run1,ebnf,sqlite-3.31.1,1,236,19297,37,35285
ebnf_sqlite-3.31.1_run1,ebnf,sqlite-3.31.1,1,237,19297,38,35390
ebnf_sqlite-3.31.1_run1,ebnf,sqlite-3.31.1,1,238,19299,38,35556
ebnf_sqlite-3.31.1_run1,ebnf,sqlite-3.31.1,1,239,19299,38,35889
ebnf_sqlite-3.31.1_run1,ebnf,sqlite-3.31.1,1,240,19299,38,36034
ebnf_sqlite-3.31.1_run1,ebnf,sqlite-3.31.1,1,241,19299,38,36287
ebnf_sqlite-3.31.1_run1,ebnf,sqlite-3.31.1,1,242,19299,38,36563
ebnf_sqlite-3.31.1_run1,ebnf,sqlite-3.31.1,1,243,19299,38,36873
ebnf_sqlite-3.31.1_run1,ebnf,sqlite-3.31.1,1,244,19299,38,37073
ebnf_sqlite-3.31.1_run1,ebnf,sqlite-3.31.1,1,245,19321,38,37359
ebnf_sqlite-3.31.1_run1,ebnf,sqlite-3.31.1,1,246,19331,39,37359
ebnf_sqlite-3.31.1_run1,ebnf,sqlite-3.31.1,1,247,19334,39,37634
ebnf_sqlite-3.31.1_run1,ebnf,sqlite-3.31.1,1,248,19334,39,37867
ebnf_sqlite-3.31.1_run1,ebnf,sqlite-3.31.1,1,249,19359,39,38021
ebnf_sqlite-3.31.1_run1,ebnf,sqlite-3.31.1,1,250,19359,39,38267
ebnf_sqlite-3.31.1_run1,ebnf,sqlite-3.31.1,1,251,19359,39,38368
ebnf_sqlite-3.31.1_run1,ebnf,sqlite-3.31.1,1,252,19359,39,38597
ebnf_sqlite-3.31.1_run1,ebnf,sqlite-3.31.1,1,253,19359,39,38726
ebnf_sqlite-3.31.1_run1,ebnf,sqlite-3.31.1,1,254,19359,40,38726
ebnf_sqlite-3.31.1_run1,ebnf,sqlite-3.31.1,1,255,19359,40,38726
ebnf_sqlite-3.31.1_run1,ebnf,sqlite-3.31.1,1,256,19359,42,38726
ebnf_sqlite-3.31.1_run1,ebnf,sqlite-3.31.1,1,257,19359,42,38726
ebnf_sqlite-3.31.1_run1,ebnf,sqlite-3.31.1,1,258,19363,42,39576
ebnf_sqlite-3.31.1_run1,ebnf,sqlite-3.31.1,1,259,19363,42,39728
ebnf_sqlite-3.31.1_run1,ebnf,sqlite-3.31.1,1,260,19363,42,39994
ebnf_sqlite-3.31.1_run1,ebnf,sqlite-3.31.1,1,261,19363,42,40201
ebnf_sqlite-3.31.1_run1,ebnf,sqlite-3.31.1,1,262,19363,42,40482
ebnf_sqlite-3.31.1_run1,ebnf,sqlite-3.31.1,1,263,19363,43,40649
ebnf_sqlite-3.31.1_run1,ebnf,sqlite-3.31.1,1,264,19363,43,40834
ebnf_sqlite-3.31.1_run1,ebnf,sqlite-3.31.1,1,265,19366,43,40992
ebnf_sqlite-3.31.1_run1,ebnf,sqlite-3.31.1,1,266,19385,43,41178
ebnf_sqlite-3.31.1_run1,ebnf,sqlite-3.31.1,1,267,19391,43,41394
ebnf_sqlite-3.31.1_run1,ebnf,sqlite-3.31.1,1,268,19488,43,41535
ebnf_sqlite-3.31.1_run1,ebnf,sqlite-3.31.1,1,269,19491,43,41752
ebnf_sqlite-3.31.1_run1,ebnf,sqlite-3.31.1,1,270,19491,44,41863
ebnf_sqlite-3.31.1_run1,ebnf,sqlite-3.31.1,1,271,19491,44,41994
ebnf_sqlite-3.31.1_run1,ebnf,sqlite-3.31.1,1,272,19492,44,42294
ebnf_sqlite-3.31.1_run1,ebnf,sqlite-3.31.1,1,273,19492,44,42558
ebnf_sqlite-3.31.1_run1,ebnf,sqlite-3.31.1,1,274,19523,44,42675
ebnf_sqlite-3.31.1_run1,ebnf,sqlite-3.31.1,1,275,19665,44,43032
ebnf_sqlite-3.31.1_run1,ebnf,sqlite-3.31.1,1,276,19665,44,43270
ebnf_sqlite-3.31.1_run1,ebnf,sqlite-3.31.1,1,277,19665,44,43492
ebnf_sqlite-3.31.1_run1,ebnf,sqlite-3.31.1,1,278,19669,44,43573
ebnf_sqlite-3.31.1_run1,ebnf,sqlite-3.31.1,1,279,19724,45,43750
ebnf_sqlite-3.31.1_run1,ebnf,sqlite-3.31.1,1,280,19735,45,43994
ebnf_sqlite-3.31.1_run1,ebnf,sqlite-3.31.1,1,281,19757,45,44144
ebnf_sqlite-3.31.1_run1,ebnf,sqlite-3.31.1,1,282,19759,45,44272
ebnf_sqlite-3.31.1_run1,ebnf,sqlite-3.31.1,1,283,19767,46,44474
ebnf_sqlite-3.31.1_run1,ebnf,sqlite-3.31.1,1,284,19815,46,44555
ebnf_sqlite-3.31.1_run1,ebnf,sqlite-3.31.1,1,285,19860,46,44756
ebnf_sqlite-3.31.1_run1,ebnf,sqlite-3.31.1,1,286,19881,46,45032
ebnf_sqlite-3.31.1_run1,ebnf,sqlite-3.31.1,1,287,19897,46,45156
ebnf_sqlite-3.31.1_run1,ebnf,sqlite-3.31.1,1,288,19912,46,45419
ebnf_sqlite-3.31.1_run1,ebnf,sqlite-3.31.1,1,289,19926,46,45685
ebnf_sqlite-3.31.1_run1,ebnf,sqlite-3.31.1,1,290,19930,46,45822
ebnf_sqlite-3.31.1_run1,ebnf,sqlite-3.31.1,1,291,19930,46,45949
ebnf_sqlite-3.31.1_run1,ebnf,sqlite-3.31.1,1,292,19930,46,46219
ebnf_sqlite-3.31.1_run1,ebnf,sqlite-3.31.1,1,293,19937,46,46418
ebnf_sqlite-3.31.1_run1,ebnf,sqlite-3.31.1,1,294,19946,46,46600
ebnf_sqlite-3.31.1_run1,ebnf,sqlite-3.31.1,1,295,19946,46,46789
ebnf_sqlite-3.31.1_run1,ebnf,sqlite-3.31.1,1,296,19947,46,47048
ebnf_sqlite-3.31.1_run1,ebnf,sqlite-3.31.1,1,297,19947,46,47182
ebnf_sqlite-3.31.1_run1,ebnf,sqlite-3.31.1,1,298,19947,46,47447
ebnf_sqlite-3.31.1_run1,ebnf,sqlite-3.31.1,1,299,19947,47,47447
ebnf_sqlite-3.31.1_run1,ebnf,sqlite-3.31.1,1,300,19948,47,47581
ebnf_sqlite-3.31.1_run1,ebnf,sqlite-3.31.1,1,301,19974,47,47698
ebnf_sqlite-3.31.1_run1,ebnf,sqlite-3.31.1,1,302,19974,48,47698
ebnf_sqlite-3.31.1_run1,ebnf,sqlite-3.31.1,1,303,19975,48,47959
ebnf_sqlite-3.31.1_run1,ebnf,sqlite-3.31.1,1,304,19975,48,48052
ebnf_sqlite-3.31.1_run1,ebnf,sqlite-3.31.1,1,305,19975,48,48344
ebnf_sqlite-3.31.1_run1,ebnf,sqlite-3.31.1,1,306,20006,48,48686
ebnf_sqlite-3.31.1_run1,ebnf,sqlite-3.31.1,1,307,20006,49,48686
ebnf_sqlite-3.31.1_run1,ebnf,sqlite-3.31.1,1,308,20006,49,48823
ebnf_sqlite-3.31.1_run1,ebnf,sqlite-3.31.1,1,309,20006,49,48945
ebnf_sqlite-3.31.1_run1,ebnf,sqlite-3.31.1,1,310,20006,49,49211
ebnf_sqlite-3.31.1_run1,ebnf,sqlite-3.31.1,1,311,20006,49,49330
ebnf_sqlite-3.31.1_run1,ebnf,sqlite-3.31.1,1,312,20006,49,49561
ebnf_sqlite-3.31.1_run1,ebnf,sqlite-3.31.1,1,313,20006,49,49807
ebnf_sqlite-3.31.1_run1,ebnf,sqlite-3.31.1,1,314,20006,49,49919
ebnf_sqlite-3.31.1_run1,ebnf,sqlite-3.31.1,1,315,20006,49,49919
ebnf_sqlite-3.31.1_run1,ebnf,sqlite-3.31.1,1,316,20006,50,50059
ebnf_sqlite-3.31.1_run1,ebnf,sqlite-3.31.1,1,317,20006,51,50281
ebnf_sqlite-3.31.1_run1,ebnf,sqlite-3.31.1,1,318,20006,51,50281
ebnf_sqlite-3.31.1_run1,ebnf,sqlite-3.31.1,1,319,20006,51,50281
ebnf_sqlite-3.31.1_run1,ebnf,sqlite-3.31.1,1,320,20006,51,50281
ebnf_sqlite-3.31.1_run1,ebnf,sqlite-3.31.1,1,321,20006,51,50281
ebnf_sqlite-3.31.1_run1,ebnf,sqlite-3.31.1,1,322,20006,51,50481
ebnf_sqlite-3.31.1_run1,ebnf,sqlite-3.31.1,1,323,20156,51,50481
ebnf_sqlite-3.31.1_run1,ebnf,sqlite-3.31.1,1,324,20160,51,50663
ebnf_sqlite-3.31.1_run1,ebnf,sqlite-3.31.1,1,325,20272,51,50663
ebnf_sqlite-3.31.1_run1,ebnf,sqlite-3.31.1,1,326,20272,51,50663
ebnf_sqlite-3.31.1_run1,ebnf,sqlite-3.31.1,1,327,20272,51,50917
ebnf_sqlite-3.31.1_run1,ebnf,sqlite-3.31.1,1,328,20272,51,50917
ebnf_sqlite-3.31.1_run1,ebnf,sqlite-3.31.1,1,329,20272,51,50917
ebnf_sqlite-3.31.1_run1,ebnf,sqlite-3.31.1,1,330,20272,51,51116
ebnf_sqlite-3.31.1_run1,ebnf,sqlite-3.31.1,1,331,20272,51,51116
ebnf_sqlite-3.31.1_run1,ebnf,sqlite-3.31.1,1,332,20272,51,51116
ebnf_sqlite-3.31.1_run1,ebnf,sqlite-3.31.1,1,333,20272,51,51323
ebnf_sqlite-3.31.1_run1,ebnf,sqlite-3.31.1,1,334,20272,51,51323
ebnf_sqlite-3.31.1_run1,ebnf,sqlite-3.31.1,1,335,20272,51,51323
ebnf_sqlite-3.31.1_run1,ebnf,sqlite-3.31.1,1,336,20272,51,51539
ebnf_sqlite-3.31.1_run1,ebnf,sqlite-3.31.1,1,337,20272,51,51539
ebnf_sqlite-3.31.1_run1,ebnf,sqlite-3.31.1,1,338,20272,51,51745
ebnf_sqlite-3.31.1_run1,ebnf,sqlite-3.31.1,1,339,20272,51,51745
ebnf_sqlite-3.31.1_run1,ebnf,sqlite-3.31.1,1,340,20272,51,51745
ebnf_sqlite-3.31.1_run1,ebnf,sqlite-3.31.1,1,341,20272,51,51997
ebnf_sqlite-3.31.1_run1,ebnf,sqlite-3.31.1,1,342,20272,51,51997
ebnf_sqlite-3.31.1_run1,ebnf,sqlite-3.31.1,1,343,20272,51,52197
ebnf_sqlite-3.31.1_run1,ebnf,sqlite-3.31.1,1,344,20272,51,52398
ebnf_sqlite-3.31.1_run1,ebnf,sqlite-3.31.1,1,345,20272,51,52667
ebnf_sqlite-3.31.1_run1,ebnf,sqlite-3.31.1,1,346,20272,51,52939
ebnf_sqlite-3.31.1_run1,ebnf,sqlite-3.31.1,1,347,20275,51,53084
ebnf_sqlite-3.31.1_run1,ebnf,sqlite-3.31.1,1,348,20275,51,53350
ebnf_sqlite-3.31.1_run1,ebnf,sqlite-3.31.1,1,349,20310,51,53511
ebnf_sqlite-3.31.1_run1,ebnf,sqlite-3.31.1,1,350,20338,52,53511
ebnf_sqlite-3.31.1_run1,ebnf,sqlite-3.31.1,1,351,20342,52,53847
ebnf_sqlite-3.31.1_run1,ebnf,sqlite-3.31.1,1,352,20353,52,53975
ebnf_sqlite-3.31.1_run1,ebnf,sqlite-3.31.1,1,353,20356,52,54153
ebnf_sqlite-3.31.1_run1,ebnf,sqlite-3.31.1,1,354,20356,53,54395
ebnf_sqlite-3.31.1_run1,ebnf,sqlite-3.31.1,1,355,20356,53,54627
ebnf_sqlite-3.31.1_run1,ebnf,sqlite-3.31.1,1,356,20356,53,54773
ebnf_sqlite-3.31.1_run1,ebnf,sqlite-3.31.1,1,357,20358,53,54922
ebnf_sqlite-3.31.1_run1,ebnf,sqlite-3.31.1,1,358,20360,53,55238
ebnf_sqlite-3.31.1_run1,ebnf,sqlite-3.31.1,1,359,20380,53,55516
ebnf_sqlite-3.31.1_run1,ebnf,sqlite-3.31.1,1,360,20389,53,55698
ebnf_sqlite-3.31.1_run1,ebnf,sqlite-3.31.1,1,361,20399,53,55862
ebnf_sqlite-3.31.1_run1,ebnf,sqlite-3.31.1,1,362,20422,53,56035
ebnf_sqlite-3.31.1_run1,ebnf,sqlite-3.31.1,1,363,20422,53,56231
ebnf_sqlite-3.31.1_run1,ebnf,sqlite-3.31.1,1,364,20423,53,56416
ebnf_sqlite-3.31.1_run1,ebnf,sqlite-3.31.1,1,365,20423,54,56551
ebnf_sqlite-3.31.1_run1,ebnf,sqlite-3.31.1,1,366,20423,54,56900
ebnf_sqlite-3.31.1_run1,ebnf,sqlite-3.31.1,1,367,20426,54,57045
ebnf_sqlite-3.31.1_run1,ebnf,sqlite-3.31.1,1,368,20438,54,57209
ebnf_sqlite-3.31.1_run1,ebnf,sqlite-3.31.1,1,369,20444,54,57402
ebnf_sqlite-3.31.1_run1,ebnf,sqlite-3.31.1,1,370,20451,54,57719
ebnf_sqlite-3.31.1_run1,ebnf,sqlite-3.31.1,1,371,20452,54,57913
ebnf_sqlite-3.31.1_run1,ebnf,sqlite-3.31.1,1,372,20452,54,58270
ebnf_sqlite-3.31.1_run1,ebnf,sqlite-3.31.1,1,373,20453,55,58441
ebnf_sqlite-3.31.1_run1,ebnf,sqlite-3.31.1,1,374,20474,55,58634
ebnf_sqlite-3.31.1_run1,ebnf,sqlite-3.31.1,1,375,20486,55,59038
ebnf_sqlite-3.31.1_run1,ebnf,sqlite-3.31.1,1,376,20587,55,59220
ebnf_sqlite-3.31.1_run1,ebnf,sqlite-3.31.1,1,377,20591,55,59612
ebnf_sqlite-3.31.1_run1,ebnf,sqlite-3.31.1,1,378,20610,55,59872
ebnf_sqlite-3.31.1_run1,ebnf,sqlite-3.31.1,1,379,20615,55,60045
ebnf_sqlite-3.31.1_run1,ebnf,sqlite-3.31.1,1,380,20627,55,60430
ebnf_sqlite-3.31.1_run1,ebnf,sqlite-3.31.1,1,381,20629,55,60430
ebnf_sqlite-3.31.1_run1,ebnf,sqlite-3.31.1,1,382,20629,55,60760
ebnf_sqlite-3.31.1_run1,ebnf,sqlite-3.31.1,1,383,20637,55,61011
ebnf_sqlite-3.31.1_run1,ebnf,sqlite-3.31.1,1,384,20662,55,61290
ebnf_sqlite-3.31.1_run1,ebnf,sqlite-3.31.1,1,385,20667,55,61632
ebnf_sqlite-3.31.1_run1,ebnf,sqlite-3.31.1,1,386,20668,55,61837
ebnf_sqlite-3.31.1_run1,ebnf,sqlite-3.31.1,1,387,20689,55,62170
ebnf_sqlite-3.31.1_run1,ebnf,sqlite-3.31.1,1,388,20968,55,62399
ebnf_sqlite-3.31.1_run1,ebnf,sqlite-3.31.1,1,389,20977,55,62645
ebnf_sqlite-3.31.1_run1,ebnf,sqlite-3.31.1,1,390,20991,55,62876
ebnf_sqlite-3.31.1_run1,ebnf,sqlite-3.31.1,1,391,21063,55,63224
ebnf_sqlite-3.31.1_run1,ebnf,sqlite-3.31.1,1,392,21063,55,63447
ebnf_sqlite-3.31.1_run1,ebnf,sqlite-3.31.1,1,393,21093,55,63838
ebnf_sqlite-3.31.1_run1,ebnf,sqlite-3.31.1,1,394,21112,55,64127
ebnf_sqlite-3.31.1_run1,ebnf,sqlite-3.31.1,1,395,21112,55,64343
ebnf_sqlite-3.31.1_run1,ebnf,sqlite-3.31.1,1,396,21115,55,64512
ebnf_sqlite-3.31.1_run1,ebnf,sqlite-3.31.1,1,397,21119,55,64892
ebnf_sqlite-3.31.1_run1,ebnf,sqlite-3.31.1,1,398,21119,55,65211
ebnf_sqlite-3.31.1_run1,ebnf,sqlite-3.31.1,1,399,21119,55,65534
ebnf_sqlite-3.31.1_run1,ebnf,sqlite-3.31.1,1,400,21155,55,65731
ebnf_sqlite-3.31.1_run1,ebnf,sqlite-3.31.1,1,401,21164,55,66106
ebnf_sqlite-3.31.1_run1,ebnf,sqlite-3.31.1,1,402,21167,55,66511
ebnf_sqlite-3.31.1_run1,ebnf,sqlite-3.31.1,1,403,21272,55,66658
ebnf_sqlite-3.31.1_run1,ebnf,sqlite-3.31.1,1,404,21288,55,66965
ebnf_sqlite-3.31.1_run1,ebnf,sqlite-3.31.1,1,405,21292,55,67359
ebnf_sqlite-3.31.1_run1,ebnf,sqlite-3.31.1,1,406,21294,55,67583
ebnf_sqlite-3.31.1_run1,ebnf,sqlite-3.31.1,1,407,21297,55,67781
ebnf_sqlite-3.31.1_run1,ebnf,sqlite-3.31.1,1,408,21297,55,68119
ebnf_sqlite-3.31.1_run1,ebnf,sqlite-3.31.1,1,409,21301,55,68420
ebnf_sqlite-3.31.1_run1,ebnf,sqlite-3.31.1,1,410,21302,55,68610
ebnf_sqlite-3.31.1_run1,ebnf,sqlite-3.31.1,1,411,21306,55,68752
ebnf_sqlite-3.31.1_run1,ebnf,sqlite-3.31.1,1,412,21306,55,68914
ebnf_sqlite-3.31.1_run1,ebnf,sqlite-3.31.1,1,413,21310,55,69128
ebnf_sqlite-3.31.1_run1,ebnf,sqlite-3.31.1,1,414,21322,56,69316
ebnf_sqlite-3.31.1_run1,ebnf,sqlite-3.31.1,1,415,21324,56,69581
ebnf_sqlite-3.31.1_run1,ebnf,sqlite-3.31.1,1,416,21324,56,69742
ebnf_sqlite-3.31.1_run1,ebnf,sqlite-3.31.1,1,417,21330,56,69903
ebnf_sqlite-3.31.1_run1,ebnf,sqlite-3.31.1,1,418,21330,56,70173
ebnf_sqlite-3.31.1_run1,ebnf,sqlite-3.31.1,1,419,21332,56,70336
ebnf_sqlite-3.31.1_run1,ebnf,sqlite-3.31.1,1,420,21338,56,70670
ebnf_sqlite-3.31.1_run1,ebnf,sqlite-3.31.1,1,421,21341,56,70869
ebnf_sqlite-3.31.1_run1,ebnf,sqlite-3.31.1,1,422,21359,56,70995
ebnf_sqlite-3.31.1_run1,ebnf,sqlite-3.31.1,1,423,21373,56,71264
ebnf_sqlite-3.31.1_run1,ebnf,sqlite-3.31.1,1,424,21373,56,71570
ebnf_sqlite-3.31.1_run1,ebnf,sqlite-3.31.1,1,425,21373,56,71672
ebnf_sqlite-3.31.1_run1,ebnf,sqlite-3.31.1,1,426,21376,57,71878
ebnf_sqlite-3.31.1_run1,ebnf,sqlite-3.31.1,1,427,21376,57,72034
ebnf_sqlite-3.31.1_run1,ebnf,sqlite-3.31.1,1,428,21386,57,72348
ebnf_sqlite-3.31.1_run1,ebnf,sqlite-3.31.1,1,429,21400,57,72365
ebnf_sqlite-3.31.1_run1,ebnf,sqlite-3.31.1,1,430,21404,58,72644
ebnf_sqlite-3.31.1_run1,ebnf,sqlite-3.31.1,1,431,21408,59,72644
ebnf_sqlite-3.31.1_run1,ebnf,sqlite-3.31.1,1,432,21408,59,72861
ebnf_sqlite-3.31.1_run1,ebnf,sqlite-3.31.1,1,433,21488,60,72994
ebnf_sqlite-3.31.1_run1,ebnf,sqlite-3.31.1,1,434,21496,61,73207
ebnf_sqlite-3.31.1_run1,ebnf,sqlite-3.31.1,1,435,21496,62,73207
ebnf_sqlite-3.31.1_run1,ebnf,sqlite-3.31.1,1,436,21497,62,73581
ebnf_sqlite-3.31.1_run1,ebnf,sqlite-3.31.1,1,437,21504,62,73581
ebnf_sqlite-3.31.1_run1,ebnf,sqlite-3.31.1,1,438,21507,63,73836
ebnf_sqlite-3.31.1_run1,ebnf,sqlite-3.31.1,1,439,21508,64,74018
ebnf_sqlite-3.31.1_run1,ebnf,sqlite-3.31.1,1,440,21508,66,74018
ebnf_sqlite-3.31.1_run1,ebnf,sqlite-3.31.1,1,441,21511,66,74244
ebnf_sqlite-3.31.1_run1,ebnf,sqlite-3.31.1,1,442,21511,66,74448
ebnf_sqlite-3.31.1_run1,ebnf,sqlite-3.31.1,1,443,21512,66,74622
ebnf_sqlite-3.31.1_run1,ebnf,sqlite-3.31.1,1,444,21513,66,74850
ebnf_sqlite-3.31.1_run1,ebnf,sqlite-3.31.1,1,445,21515,67,75031
ebnf_sqlite-3.31.1_run1,ebnf,sqlite-3.31.1,1,446,21517,67,75075
ebnf_sqlite-3.31.1_run1,ebnf,sqlite-3.31.1,1,447,21518,68,75267
ebnf_sqlite-3.31.1_run1,ebnf,sqlite-3.31.1,1,448,21523,69,75484
ebnf_sqlite-3.31.1_run1,ebnf,sqlite-3.31.1,1,449,21524,69,75623
ebnf_sqlite-3.31.1_run1,ebnf,sqlite-3.31.1,1,450,21526,70,75623
ebnf_sqlite-3.31.1_run1,ebnf,sqlite-3.31.1,1,451,21533,70,75796
ebnf_sqlite-3.31.1_run1,ebnf,sqlite-3.31.1,1,452,21533,70,75796
ebnf_sqlite-3.31.1_run1,ebnf,sqlite-3.31.1,1,453,21535,70,76145
ebnf_sqlite-3.31.1_run1,ebnf,sqlite-3.31.1,1,454,21535,70,76444
ebnf_sqlite-3.31.1_run1,ebnf,sqlite-3.31.1,1,455,21535,70,76444
ebnf_sqlite-3.31.1_run1,ebnf,sqlite-3.31.1,1,456,21535,70,76709
ebnf_sqlite-3.31.1_run1,ebnf,sqlite-3.31.1,1,457,21535,70,76936
ebnf_sqlite-3.31.1_run1,ebnf,sqlite-3.31.1,1,458,21535,70,76936
ebnf_sqlite-3.31.1_run1,ebnf,sqlite-3.31.1,1,459,21546,70,77267
ebnf_sqlite-3.31.1_run1,ebnf,sqlite-3.31.1,1,460,21548,70,77518
ebnf_sqlite-3.31.1_run1,ebnf,sqlite-3.31.1,1,461,21548,70,77695
ebnf_sqlite-3.31.1_run1,ebnf,sqlite-3.31.1,1,462,21548,71,77867
ebnf_sqlite-3.31.1_run1,ebnf,sqlite-3.31.1,1,463,21550,72,77889
ebnf_sqlite-3.31.1_run1,ebnf,sqlite-3.31.1,1,464,21556,72,78116
ebnf_sqlite-3.31.1_run1,ebnf,sqlite-3.31.1,1,465,21570,73,78329
ebnf_sqlite-3.31.1_run1,ebnf,sqlite-3.31.1,1,466,21571,73,78489
ebnf_sqlite-3.31.1_run1,ebnf,sqlite-3.31.1,1,467,21571,73,78697
ebnf_sqlite-3.31.1_run1,ebnf,sqlite-3.31.1,1,468,21576,74,78697
ebnf_sqlite-3.31.1_run1,ebnf,sqlite-3.31.1,1,469,21576,75,78902
ebnf_sqlite-3.31.1_run1,ebnf,sqlite-3.31.1,1,470,21578,75,79045
ebnf_sqlite-3.31.1_run1,ebnf,sqlite-3.31.1,1,471,21578,75,79227
ebnf_sqlite-3.31.1_run1,ebnf,sqlite-3.31.1,1,472,21578,76,79406
ebnf_sqlite-3.31.1_run1,ebnf,sqlite-3.31.1,1,473,21579,77,79586
ebnf_sqlite-3.31.1_run1,ebnf,sqlite-3.31.1,1,474,21582,77,79614
ebnf_sqlite-3.31.1_run1,ebnf,sqlite-3.31.1,1,475,21582,78,79803
ebnf_sqlite-3.31.1_run1,ebnf,sqlite-3.31.1,1,476,21582,78,79982
ebnf_sqlite-3.31.1_run1,ebnf,sqlite-3.31.1,1,477,21582,79,79982
ebnf_sqlite-3.31.1_run1,ebnf,sqlite-3.31.1,1,478,21586,79,80147
ebnf_sqlite-3.31.1_run1,ebnf,sqlite-3.31.1,1,479,21604,79,80312
ebnf_sqlite-3.31.1_run1,ebnf,sqlite-3.31.1,1,480,21607,79,80499
ebnf_sqlite-3.31.1_run1,ebnf,sqlite-3.31.1,1,481,21645,79,80692
ebnf_sqlite-3.31.1_run1,ebnf,sqlite-3.31.1,1,482,21645,80,80743
ebnf_sqlite-3.31.1_run1,ebnf,sqlite-3.31.1,1,483,21645,80,81007
ebnf_sqlite-3.31.1_run1,ebnf,sqlite-3.31.1,1,484,21645,80,81155
ebnf_sqlite-3.31.1_run1,ebnf,sqlite-3.31.1,1,485,21645,80,81155
ebnf_sqlite-3.31.1_run1,ebnf,sqlite-3.31.1,1,486,21647,80,81648
ebnf_sqlite-3.31.1_run1,ebnf,sqlite-3.31.1,1,487,21647,80,81648
ebnf_sqlite-3.31.1_run1,ebnf,sqlite-3.31.1,1,488,21647,80,81795
ebnf_sqlite-3.31.1_run1,ebnf,sqlite-3.31.1,1,489,21647,81,81955
ebnf_sqlite-3.31.1_run1,ebnf,sqlite-3.31.1,1,490,21648,82,82135
ebnf_sqlite-3.31.1_run1,ebnf,sqlite-3.31.1,1,491,21664,82,82246
ebnf_sqlite-3.31.1_run1,ebnf,sqlite-3.31.1,1,492,21707,83,82398
ebnf_sqlite-3.31.1_run1,ebnf,sqlite-3.31.1,1,493,21790,83,82569
ebnf_sqlite-3.31.1_run1,ebnf,sqlite-3.31.1,1,494,21798,83,82787
ebnf_sqlite-3.31.1_run1,ebnf,sqlite-3.31.1,1,495,21810,83,82901
ebnf_sqlite-3.31.1_run1,ebnf,sqlite-3.31.1,1,496,21811,83,83062
ebnf_sqlite-3.31.1_run1,ebnf,sqlite-3.31.1,1,497,21812,83,83147
ebnf_sqlite-3.31.1_run1,ebnf,sqlite-3.31.1,1,498,21823,83,83351
ebnf_sqlite-3.31.1_run1,ebnf,sqlite-3.31.1,1,499,21834,83,83525
ebnf_sqlite-3.31.1_run1,ebnf,sqlite-3.31.1,1,500,21837,83,83525
ebnf_sqlite-3.31.1_run1,ebnf,sqlite-3.31.1,1,501,21837,83,83688
ebnf_sqlite-3.31.1_run1,ebnf,sqlite-3.31.1,1,502,21837,83,83832
ebnf_sqlite-3.31.1_run1,ebnf,sqlite-3.31.1,1,503,21837,83,83889
ebnf_sqlite-3.31.1_run1,ebnf,sqlite-3.31.1,1,504,21837,83,83889
ebnf_sqlite-3.31.1_run1,ebnf,sqlite-3.31.1,1,505,21837,83,83889
ebnf_sqlite-3.31.1_run1,ebnf,sqlite-3.31.1,1,506,21837,83,84205
ebnf_sqlite-3.31.1_run1,ebnf,sqlite-3.31.1,1,507,21856,83,84367
ebnf_sqlite-3.31.1_run1,ebnf,sqlite-3.31.1,1,508,21857,83,84601
ebnf_sqlite-3.31.1_run1,ebnf,sqlite-3.31.1,1,509,21863,83,84785
ebnf_sqlite-3.31.1_run1,ebnf,sqlite-3.31.1,1,510,21863,83,84977
ebnf_sqlite-3.31.1_run1,ebnf,sqlite-3.31.1,1,511,21863,83,85095
ebnf_sqlite-3.31.1_run1,ebnf,sqlite-3.31.1,1,512,21866,83,85259
ebnf_sqlite-3.31.1_run1,ebnf,sqlite-3.31.1,1,513,21866,83,85438
ebnf_sqlite-3.31.1_run1,ebnf,sqlite-3.31.1,1,514,21866,83,85596
ebnf_sqlite-3.31.1_run1,ebnf,sqlite-3.31.1,1,515,21866,83,85753
ebnf_sqlite-3.31.1_run1,ebnf,sqlite-3.31.1,1,516,21869,83,85909
ebnf_sqlite-3.31.1_run1,ebnf,sqlite-3.31.1,1,517,21869,83,86166
ebnf_sqlite-3.31.1_run1,ebnf,sqlite-3.31.1,1,518,21872,83,86341
ebnf_sqlite-3.31.1_run1,ebnf,sqlite-3.31.1,1,519,21874,83,86598
ebnf_sqlite-3.31.1_run1,ebnf,sqlite-3.31.1,1,520,21874,83,86793
ebnf_sqlite-3.31.1_run1,ebnf,sqlite-3.31.1,1,521,21874,83,86793
ebnf_sqlite-3.31.1_run1,ebnf,sqlite-3.31.1,1,522,21874,83,87089
ebnf_sqlite-3.31.1_run1,ebnf,sqlite-3.31.1,1,523,21874,83,87251
ebnf_sqlite-3.31.1_run1,ebnf,sqlite-3.31.1,1,524,21874,83,87518
ebnf_sqlite-3.31.1_run1,ebnf,sqlite-3.31.1,1,525,21874,83,87623
ebnf_sqlite-3.31.1_run1,ebnf,sqlite-3.31.1,1,526,21874,83,87918
ebnf_sqlite-3.31.1_run1,ebnf,sqlite-3.31.1,1,527,21874,83,88096
ebnf_sqlite-3.31.1_run1,ebnf,sqlite-3.31.1,1,528,21874,83,88249
ebnf_sqlite-3.31.1_run1,ebnf,sqlite-3.31.1,1,529,21874,83,88365
ebnf_sqlite-3.31.1_run1,ebnf,sqlite-3.31.1,1,530,21874,83,88612
ebnf_sqlite-3.31.1_run1,ebnf,sqlite-3.31.1,1,531,21874,83,88773
ebnf_sqlite-3.31.1_run1,ebnf,sqlite-3.31.1,1,532,21874,83,88942
ebnf_sqlite-3.31.1_run1,ebnf,sqlite-3.31.1,1,533,21874,83,89116
ebnf_sqlite-3.31.1_run1,ebnf,sqlite-3.31.1,1,534,21874,83,89275
ebnf_sqlite-3.31.1_run1,ebnf,sqlite-3.31.1,1,535,21874,83,89275
ebnf_sqlite-3.31.1_run1,ebnf,sqlite-3.31.1,1,536,21876,83,89600
ebnf_sqlite-3.31.1_run1,ebnf,sqlite-3.31.1,1,537,21876,83,89617
ebnf_sqlite-3.31.1_run1,ebnf,sqlite-3.31.1,1,538,21977,83,89802
ebnf_sqlite-3.31.1_run1,ebnf,sqlite-3.31.1,1,539,21983,83,90101
ebnf_sqlite-3.31.1_run1,ebnf,sqlite-3.31.1,1,540,21983,83,90279
ebnf_sqlite-3.31.1_run1,ebnf,sqlite-3.31.1,1,541,21984,83,90454
ebnf_sqlite-3.31.1_run1,ebnf,sqlite-3.31.1,1,542,21984,83,90585
ebnf_sqlite-3.31.1_run1,ebnf,sqlite-3.31.1,1,543,21984,83,90916
ebnf_sqlite-3.31.1_run1,ebnf,sqlite-3.31.1,1,544,21985,83,91059
ebnf_sqlite-3.31.1_run1,ebnf,sqlite-3.31.1,1,545,21992,83,91214
ebnf_sqlite-3.31.1_run1,ebnf,sqlite-3.31.1,1,546,21992,84,91376
ebnf_sqlite-3.31.1_run1,ebnf,sqlite-3.31.1,1,547,21992,84,91531
ebnf_sqlite-3.31.1_run1,ebnf,sqlite-3.31.1,1,548,21992,84,91789
ebnf_sqlite-3.31.1_run1,ebnf,sqlite-3.31.1,1,549,22014,84,91970
ebnf_sqlite-3.31.1_run1,ebnf,sqlite-3.31.1,1,550,22016,84,92268
ebnf_sqlite-3.31.1_run1,ebnf,sqlite-3.31.1,1,551,22017,84,92339
ebnf_sqlite-3.31.1_run1,ebnf,sqlite-3.31.1,1,552,22017,84,92453
ebnf_sqlite-3.31.1_run1,ebnf,sqlite-3.31.1,1,553,22017,84,92616
ebnf_sqlite-3.31.1_run1,ebnf,sqlite-3.31.1,1,554,22017,85,92792
ebnf_sqlite-3.31.1_run1,ebnf,sqlite-3.31.1,1,555,22018,85,92977
ebnf_sqlite-3.31.1_run1,ebnf,sqlite-3.31.1,1,556,22018,85,93119
ebnf_sqlite-3.31.1_run1,ebnf,sqlite-3.31.1,1,557,22018,85,93309
ebnf_sqlite-3.31.1_run1,ebnf,sqlite-3.31.1,1,558,22036,86,93490
ebnf_sqlite-3.31.1_run1,ebnf,sqlite-3.31.1,1,559,22039,86,93651
ebnf_sqlite-3.31.1_run1,ebnf,sqlite-3.31.1,1,560,22041,86,93877
ebnf_sqlite-3.31.1_run1,ebnf,sqlite-3.31.1,1,561,22041,86,93930
ebnf_sqlite-3.31.1_run1,ebnf,sqlite-3.31.1,1,562,22041,86,94270
ebnf_sqlite-3.31.1_run1,ebnf,sqlite-3.31.1,1,563,22042,86,94429
ebnf_sqlite-3.31.1_run1,ebnf,sqlite-3.31.1,1,564,22048,86,94574
ebnf_sqlite-3.31.1_run1,ebnf,sqlite-3.31.1,1,565,22053,86,94712
ebnf_sqlite-3.31.1_run1,ebnf,sqlite-3.31.1,1,566,22058,87,94880
ebnf_sqlite-3.31.1_run1,ebnf,sqlite-3.31.1,1,567,22058,87,95142
ebnf_sqlite-3.31.1_run1,ebnf,sqlite-3.31.1,1,568,22058,87,95251
ebnf_sqlite-3.31.1_run1,ebnf,sqlite-3.31.1,1,569,22058,87,95593
ebnf_sqlite-3.31.1_run1,ebnf,sqlite-3.31.1,1,570,22058,87,95771
ebnf_sqlite-3.31.1_run1,ebnf,sqlite-3.31.1,1,571,22058,87,95952
ebnf_sqlite-3.31.1_run1,ebnf,sqlite-3.31.1,1,572,22058,87,96249
ebnf_sqlite-3.31.1_run1,ebnf,sqlite-3.31.1,1,573,22058,87,96249
ebnf_sqlite-3.31.1_run1,ebnf,sqlite-3.31.1,1,574,22058,87,96506
ebnf_sqlite-3.31.1_run1,ebnf,sqlite-3.31.1,1,575,22058,87,96627
ebnf_sqlite-3.31.1_run1,ebnf,sqlite-3.31.1,1,576,22058,87,97000
ebnf_sqlite-3.31.1_run1,ebnf,sqlite-3.31.1,1,577,22058,87,97135
ebnf_sqlite-3.31.1_run1,ebnf,sqlite-3.31.1,1,578,22058,87,97461
ebnf_sqlite-3.31.1_run1,ebnf,sqlite-3.31.1,1,579,22058,87,97800
ebnf_sqlite-3.31.1_run1,ebnf,sqlite-3.31.1,1,580,22128,87,98013
ebnf_sqlite-3.31.1_run1,ebnf,sqlite-3.31.1,1,581,22139,87,98279
ebnf_sqlite-3.31.1_run1,ebnf,sqlite-3.31.1,1,582,22142,87,98499
ebnf_sqlite-3.31.1_run1,ebnf,sqlite-3.31.1,1,583,22145,87,98717
ebnf_sqlite-3.31.1_run1,ebnf,sqlite-3.31.1,1,584,22146,88,98902
ebnf_sqlite-3.31.1_run1,ebnf,sqlite-3.31.1,1,585,22148,88,99099
ebnf_sqlite-3.31.1_run1,ebnf,sqlite-3.31.1,1,586,22148,88,99395
ebnf_sqlite-3.31.1_run1,ebnf,sqlite-3.31.1,1,587,22151,88,99567
ebnf_sqlite-3.31.1_run1,ebnf,sqlite-3.31.1,1,588,22151,88,99759
ebnf_sqlite-3.31.1_run1,ebnf,sqlite-3.31.1,1,589,22151,88,100110
ebnf_sqlite-3.31.1_run1,ebnf,sqlite-3.31.1,1,590,22159,89,100110
ebnf_sqlite-3.31.1_run1,ebnf,sqlite-3.31.1,1,591,22159,89,100336
ebnf_sqlite-3.31.1_run1,ebnf,sqlite-3.31.1,1,592,22159,89,100646
ebnf_sqlite-3.31.1_run1,ebnf,sqlite-3.31.1,1,593,22159,90,100646
ebnf_sqlite-3.31.1_run1,ebnf,sqlite-3.31.1,1,594,22173,90,100814
ebnf_sqlite-3.31.1_run1,ebnf,sqlite-3.31.1,1,595,22173,91,101053
ebnf_sqlite-3.31.1_run1,ebnf,sqlite-3.31.1,1,596,22173,91,101216
ebnf_sqlite-3.31.1_run1,ebnf,sqlite-3.31.1,1,597,22174,91,101548
ebnf_sqlite-3.31.1_run1,ebnf,sqlite-3.31.1,1,598,22174,91,101726
ebnf_sqlite-3.31.1_run1,ebnf,sqlite-3.31.1,1,599,22175,91,102041
ebnf_sqlite-3.31.1_run1,ebnf,sqlite-3.31.1,1,600,22175,91,102201
ebnf_sqlite-3.31.1_run1,ebnf,sqlite-3.31.1,1,601,22177,91,102366
ebnf_sqlite-3.31.1_run1,ebnf,sqlite-3.31.1,1,602,22197,91,102693
ebnf_sqlite-3.31.1_run1,ebnf,sqlite-3.31.1,1,603,22198,91,102981
ebnf_sqlite-3.31.1_run1,ebnf,sqlite-3.31.1,1,604,22200,91,103157
ebnf_sqlite-3.31.1_run1,ebnf,sqlite-3.31.1,1,605,22200,91,103370
ebnf_sqlite-3.31.1_run1,ebnf,sqlite-3.31.1,1,606,22200,91,103699
ebnf_sqlite-3.31.1_run1,ebnf,sqlite-3.31.1,1,607,22200,91,103842
ebnf_sqlite-3.31.1_run1,ebnf,sqlite-3.31.1,1,608,22203,91,104139
ebnf_sqlite-3.31.1_run1,ebnf,sqlite-3.31.1,1,609,22203,91,104407
ebnf_sqlite-3.31.1_run1,ebnf,sqlite-3.31.1,1,610,22208,91,104622
ebnf_sqlite-3.31.1_run1,ebnf,sqlite-3.31.1,1,611,22208,91,104907
ebnf_sqlite-3.31.1_run1,ebnf,sqlite-3.31.1,1,612,22209,91,105149
ebnf_sqlite-3.31.1_run1,ebnf,sqlite-3.31.1,1,613,22210,91,105310
ebnf_sqlite-3.31.1_run1,ebnf,sqlite-3.31.1,1,614,22210,91,105672
ebnf_sqlite-3.31.1_run1,ebnf,sqlite-3.31.1,1,615,22210,91,105672
ebnf_sqlite-3.31.1_run1,ebnf,sqlite-3.31.1,1,616,22210,91,106072
ebnf_sqlite-3.31.1_run1,ebnf,sqlite-3.31.1,1,617,22210,91,106453
ebnf_sqlite-3.31.1_run1,ebnf,sqlite-3.31.1,1,618,22210,91,106453
ebnf_sqlite-3.31.1_run1,ebnf,sqlite-3.31.1,1,619,22210,91,106453
ebnf_sqlite-3.31.1_run1,ebnf,sqlite-3.31.1,1,620,22210,91,106453
ebnf_sqlite-3.31.1_run1,ebnf,sqlite-3.31.1,1,621,22210,91,106453
ebnf_sqlite-3.31.1_run1,ebnf,sqlite-3.31.1,1,622,22210,91,106453
ebnf_sqlite-3.31.1_run1,ebnf,sqlite-3.31.1,1,623,22210,91,106453
ebnf_sqlite-3.31.1_run1,ebnf,sqlite-3.31.1,1,624,22210,91,106453
ebnf_sqlite-3.31.1_run1,ebnf,sqlite-3.31.1,1,625,22210,91,106453
ebnf_sqlite-3.31.1_run1,ebnf,sqlite-3.31.1,1,626,22210,91,106453
ebnf_sqlite-3.31.1_run1,ebnf,sqlite-3.31.1,1,627,22210,91,106453
ebnf_sqlite-3.31.1_run1,ebnf,sqlite-3.31.1,1,628,22210,91,106453
ebnf_sqlite-3.31.1_run1,ebnf,sqlite-3.31.1,1,629,22210,91,106453
ebnf_sqlite-3.31.1_run1,ebnf,sqlite-3.31.1,1,630,22210,91,106453
ebnf_sqlite-3.31.1_run1,ebnf,sqlite-3.31.1,1,631,22210,91,106453
ebnf_sqlite-3.31.1_run1,ebnf,sqlite-3.31.1,1,632,22210,91,106653
ebnf_sqlite-3.31.1_run1,ebnf,sqlite-3.31.1,1,633,22210,91,106653
ebnf_sqlite-3.31.1_run1,ebnf,sqlite-3.31.1,1,634,22210,91,106653
ebnf_sqlite-3.31.1_run1,ebnf,sqlite-3.31.1,1,635,22210,91,106653
ebnf_sqlite-3.31.1_run1,ebnf,sqlite-3.31.1,1,636,22210,91,106653
ebnf_sqlite-3.31.1_run1,ebnf,sqlite-3.31.1,1,637,22210,91,106653
ebnf_sqlite-3.31.1_run1,ebnf,sqlite-3.31.1,1,638,22210,91,106653
ebnf_sqlite-3.31.1_run1,ebnf,sqlite-3.31.1,1,639,22210,91,106653
ebnf_sqlite-3.31.1_run1,ebnf,sqlite-3.31.1,1,640,22210,91,106653
ebnf_sqlite-3.31.1_run1,ebnf,sqlite-3.31.1,1,641,22210,91,106653
ebnf_sqlite-3.31.1_run1,ebnf,sqlite-3.31.1,1,642,22210,91,106653
ebnf_sqlite-3.31.1_run1,ebnf,sqlite-3.31.1,1,643,22210,91,106653
ebnf_sqlite-3.31.1_run1,ebnf,sqlite-3.31.1,1,644,22210,91,106653
ebnf_sqlite-3.31.1_run1,ebnf,sqlite-3.31.1,1,645,22210,91,107014
ebnf_sqlite-3.31.1_run1,ebnf,sqlite-3.31.1,1,646,22210,91,107014
ebnf_sqlite-3.31.1_run1,ebnf,sqlite-3.31.1,1,647,22210,92,107014
ebnf_sqlite-3.31.1_run1,ebnf,sqlite-3.31.1,1,648,22210,92,107014
ebnf_sqlite-3.31.1_run1,ebnf,sqlite-3.31.1,1,649,22210,92,107746
ebnf_sqlite-3.31.1_run1,ebnf,sqlite-3.31.1,1,650,22210,92,107836
ebnf_sqlite-3.31.1_run1,ebnf,sqlite-3.31.1,1,651,22210,92,107836
ebnf_sqlite-3.31.1_run1,ebnf,sqlite-3.31.1,1,652,22210,92,107836
ebnf_sqlite-3.31.1_run1,ebnf,sqlite-3.31.1,1,653,22210,92,107836
ebnf_sqlite-3.31.1_run1,ebnf,sqlite-3.31.1,1,654,22210,92,107836
ebnf_sqlite-3.31.1_run1,ebnf,sqlite-3.31.1,1,655,22210,92,107836
ebnf_sqlite-3.31.1_run1,ebnf,sqlite-3.31.1,1,656,22210,92,107836
ebnf_sqlite-3.31.1_run1,ebnf,sqlite-3.31.1,1,657,22210,92,107836
ebnf_sqlite-3.31.1_run1,ebnf,sqlite-3.31.1,1,658,22210,92,107836
ebnf_sqlite-3.31.1_run1,ebnf,sqlite-3.31.1,1,659,22210,92,107836
ebnf_sqlite-3.31.1_run1,ebnf,sqlite-3.31.1,1,660,22210,92,107836
ebnf_sqlite-3.31.1_run1,ebnf,sqlite-3.31.1,1,661,22210,92,107836
ebnf_sqlite-3.31.1_run1,ebnf,sqlite-3.31.1,1,662,22210,92,107836
ebnf_sqlite-3.31.1_run1,ebnf,sqlite-3.31.1,1,663,22210,92,107836
ebnf_sqlite-3.31.1_run1,ebnf,sqlite-3.31.1,1,664,22210,92,108036
ebnf_sqlite-3.31.1_run1,ebnf,sqlite-3.31.1,1,665,22210,92,108191
ebnf_sqlite-3.31.1_run1,ebnf,sqlite-3.31.1,1,666,22210,92,108392
ebnf_sqlite-3.31.1_run1,ebnf,sqlite-3.31.1,1,667,22210,92,108792
ebnf_sqlite-3.31.1_run1,ebnf,sqlite-3.31.1,1,668,22211,92,108989
ebnf_sqlite-3.31.1_run1,ebnf,sqlite-3.31.1,1,669,22216,92,109150
ebnf_sqlite-3.31.1_run1,ebnf,sqlite-3.31.1,1,670,22230,92,109453
ebnf_sqlite-3.31.1_run1,ebnf,sqlite-3.31.1,1,671,22237,92,109651
ebnf_sqlite-3.31.1_run1,ebnf,sqlite-3.31.1,1,672,22240,92,109924
ebnf_sqlite-3.31.1_run1,ebnf,sqlite-3.31.1,1,673,22240,93,110118
ebnf_sqlite-3.31.1_run1,ebnf,sqlite-3.31.1,1,674,22245,93,110334
ebnf_sqlite-3.31.1_run1,ebnf,sqlite-3.31.1,1,675,22252,93,110682
ebnf_sqlite-3.31.1_run1,ebnf,sqlite-3.31.1,1,676,22253,93,110827
ebnf_sqlite-3.31.1_run1,ebnf,sqlite-3.31.1,1,677,22263,93,111138
ebnf_sqlite-3.31.1_run1,ebnf,sqlite-3.31.1,1,678,22302,93,111329
ebnf_sqlite-3.31.1_run1,ebnf,sqlite-3.31.1,1,679,22303,93,111329
ebnf_sqlite-3.31.1_run1,ebnf,sqlite-3.31.1,1,680,22303,93,111329
ebnf_sqlite-3.31.1_run1,ebnf,sqlite-3.31.1,1,681,22303,93,111329
ebnf_sqlite-3.31.1_run1,ebnf,sqlite-3.31.1,1,682,22303,93,111329
ebnf_sqlite-3.31.1_run1,ebnf,sqlite-3.31.1,1,683,22303,93,111329
ebnf_sqlite-3.31.1_run1,ebnf,sqlite-3.31.1,1,684,22341,93,111329
ebnf_sqlite-3.31.1_run1,ebnf,sqlite-3.31.1,1,685,22341,93,111782
ebnf_sqlite-3.31.1_run1,ebnf,sqlite-3.31.1,1,686,22341,93,111782
ebnf_sqlite-3.31.1_run1,ebnf,sqlite-3.31.1,1,687,22341,93,111955
ebnf_sqlite-3.31.1_run1,ebnf,sqlite-3.31.1,1,688,22341,93,111955
ebnf_sqlite-3.31.1_run1,ebnf,sqlite-3.31.1,1,689,22341,93,111955
ebnf_sqlite-3.31.1_run1,ebnf,sqlite-3.31.1,1,690,22341,93,111955
ebnf_sqlite-3.31.1_run1,ebnf,sqlite-3.31.1,1,691,22341,93,111955
ebnf_sqlite-3.31.1_run1,ebnf,sqlite-3.31.1,1,692,22341,93,112356
ebnf_sqlite-3.31.1_run1,ebnf,sqlite-3.31.1,1,693,22341,93,112566
ebnf_sqlite-3.31.1_run1,ebnf,sqlite-3.31.1,1,694,22344,93,112706
ebnf_sqlite-3.31.1_run1,ebnf,sqlite-3.31.1,1,695,22347,93,113038
ebnf_sqlite-3.31.1_run1,ebnf,sqlite-3.31.1,1,696,22347,93,113231
ebnf_sqlite-3.31.1_run1,ebnf,sqlite-3.31.1,1,697,22347,93,113516
ebnf_sqlite-3.31.1_run1,ebnf,sqlite-3.31.1,1,698,22353,93,113672
ebnf_sqlite-3.31.1_run1,ebnf,sqlite-3.31.1,1,699,22361,93,113896
ebnf_sqlite-3.31.1_run1,ebnf,sqlite-3.31.1,1,700,22365,93,114263
ebnf_sqlite-3.31.1_run1,ebnf,sqlite-3.31.1,1,701,22367,93,114411
ebnf_sqlite-3.31.1_run1,ebnf,sqlite-3.31.1,1,702,22368,93,114682
ebnf_sqlite-3.31.1_run1,ebnf,sqlite-3.31.1,1,703,22368,94,114830
ebnf_sqlite-3.31.1_run1,ebnf,sqlite-3.31.1,1,704,22368,95,114830
ebnf_sqlite-3.31.1_run1,ebnf,sqlite-3.31.1,1,705,22368,97,114853
ebnf_sqlite-3.31.1_run1,ebnf,sqlite-3.31.1,1,706,22368,97,115012
ebnf_sqlite-3.31.1_run1,ebnf,sqlite-3.31.1,1,707,22368,97,115329
ebnf_sqlite-3.31.1_run1,ebnf,sqlite-3.31.1,1,708,22368,97,115481
ebnf_sqlite-3.31.1_run1,ebnf,sqlite-3.31.1,1,709,22369,97,115824
ebnf_sqlite-3.31.1_run1,ebnf,sqlite-3.31.1,1,710,22372,97,116003
ebnf_sqlite-3.31.1_run1,ebnf,sqlite-3.31.1,1,711,22392,97,116187
ebnf_sqlite-3.31.1_run1,ebnf,sqlite-3.31.1,1,712,22404,97,116481
ebnf_sqlite-3.31.1_run1,ebnf,sqlite-3.31.1,1,713,22404,97,116694
ebnf_sqlite-3.31.1_run1,ebnf,sqlite-3.31.1,1,714,22404,97,116995
ebnf_sqlite-3.31.1_run1,ebnf,sqlite-3.31.1,1,715,22405,97,117174
ebnf_sqlite-3.31.1_run1,ebnf,sqlite-3.31.1,1,716,22405,98,117340
ebnf_sqlite-3.31.1_run1,ebnf,sqlite-3.31.1,1,717,22405,99,117521
ebnf_sqlite-3.31.1_run1,ebnf,sqlite-3.31.1,1,718,22405,102,117563
ebnf_sqlite-3.31.1_run1,ebnf,sqlite-3.31.1,1,719,22405,103,117704
ebnf_sqlite-3.31.1_run1,ebnf,sqlite-3.31.1,1,720,22405,104,117719
ebnf_sqlite-3.31.1_run1,ebnf,sqlite-3.31.1,1,721,22405,104,118019
ebnf_sqlite-3.31.1_run1,ebnf,sqlite-3.31.1,1,722,22405,105,118170
ebnf_sqlite-3.31.1_run1,ebnf,sqlite-3.31.1,1,723,22406,106,118349
ebnf_sqlite-3.31.1_run1,ebnf,sqlite-3.31.1,1,724,22406,106,118551
ebnf_sqlite-3.31.1_run1,ebnf,sqlite-3.31.1,1,725,22406,106,118850
ebnf_sqlite-3.31.1_run1,ebnf,sqlite-3.31.1,1,726,22406,106,118986
ebnf_sqlite-3.31.1_run1,ebnf,sqlite-3.31.1,1,727,22406,106,119310
ebnf_sqlite-3.31.1_run1,ebnf,sqlite-3.31.1,1,728,22406,106,119508
ebnf_sqlite-3.31.1_run1,ebnf,sqlite-3.31.1,1,729,22406,106,119685
ebnf_sqlite-3.31.1_run1,ebnf,sqlite-3.31.1,1,730,22406,108,119811
ebnf_sqlite-3.31.1_run1,ebnf,sqlite-3.31.1,1,731,22407,109,119955
ebnf_sqlite-3.31.1_run1,ebnf,sqlite-3.31.1,1,732,22407,109,120077
ebnf_sqlite-3.31.1_run1,ebnf,sqlite-3.31.1,1,733,22421,109,120192
ebnf_sqlite-3.31.1_run1,ebnf,sqlite-3.31.1,1,734,22431,109,120383
ebnf_sqlite-3.31.1_run1,ebnf,sqlite-3.31.1,1,735,22444,109,120564
ebnf_sqlite-3.31.1_run1,ebnf,sqlite-3.31.1,1,736,22456,109,120726
ebnf_sqlite-3.31.1_run1,ebnf,sqlite-3.31.1,1,737,22460,109,120922
ebnf_sqlite-3.31.1_run1,ebnf,sqlite-3.31.1,1,738,22463,109,121099
ebnf_sqlite-3.31.1_run1,ebnf,sqlite-3.31.1,1,739,22463,109,121391
ebnf_sqlite-3.31.1_run1,ebnf,sqlite-3.31.1,1,740,22463,109,121564
ebnf_sqlite-3.31.1_run1,ebnf,sqlite-3.31.1,1,741,22464,109,121733
ebnf_sqlite-3.31.1_run1,ebnf,sqlite-3.31.1,1,742,22475,109,121901
ebnf_sqlite-3.31.1_run1,ebnf,sqlite-3.31.1,1,743,22478,109,122157
ebnf_sqlite-3.31.1_run1,ebnf,sqlite-3.31.1,1,744,22478,109,122338
ebnf_sqlite-3.31.1_run1,ebnf,sqlite-3.31.1,1,745,22478,109,122483
ebnf_sqlite-3.31.1_run1,ebnf,sqlite-3.31.1,1,746,22480,109,122828
ebnf_sqlite-3.31.1_run1,ebnf,sqlite-3.31.1,1,747,22481,109,123024
ebnf_sqlite-3.31.1_run1,ebnf,sqlite-3.31.1,1,748,22482,109,123227
ebnf_sqlite-3.31.1_run1,ebnf,sqlite-3.31.1,1,749,22506,109,123410
ebnf_sqlite-3.31.1_run1,ebnf,sqlite-3.31.1,1,750,22506,109,123550
ebnf_sqlite-3.31.1_run1,ebnf,sqlite-3.31.1,1,751,22506,109,123833
ebnf_sqlite-3.31.1_run1,ebnf,sqlite-3.31.1,1,752,22506,109,123968
ebnf_sqlite-3.31.1_run1,ebnf,sqlite-3.31.1,1,753,22506,109,124249
ebnf_sqlite-3.31.1_run1,ebnf,sqlite-3.31.1,1,754,22510,110,124249
ebnf_sqlite-3.31.1_run1,ebnf,sqlite-3.31.1,1,755,22510,110,124401
ebnf_sqlite-3.31.1_run1,ebnf,sqlite-3.31.1,1,756,22512,110,124734
ebnf_sqlite-3.31.1_run1,ebnf,sqlite-3.31.1,1,757,22512,110,124777
ebnf_sqlite-3.31.1_run1,ebnf,sqlite-3.31.1,1,758,22512,110,125125
ebnf_sqlite-3.31.1_run1,ebnf,sqlite-3.31.1,1,759,22551,110,125310
ebnf_sqlite-3.31.1_run1,ebnf,sqlite-3.31.1,1,760,22551,110,125330
ebnf_sqlite-3.31.1_run1,ebnf,sqlite-3.31.1,1,761,22553,110,125644
ebnf_sqlite-3.31.1_run1,ebnf,sqlite-3.31.1,1,762,22556,110,125825
ebnf_sqlite-3.31.1_run1,ebnf,sqlite-3.31.1,1,763,22558,110,125969
ebnf_sqlite-3.31.1_run1,ebnf,sqlite-3.31.1,1,764,22564,110,126250
ebnf_sqlite-3.31.1_run1,ebnf,sqlite-3.31.1,1,765,22564,110,126425
ebnf_sqlite-3.31.1_run1,ebnf,sqlite-3.31.1,1,766,22564,110,126596
ebnf_sqlite-3.31.1_run1,ebnf,sqlite-3.31.1,1,767,22564,110,126768
ebnf_sqlite-3.31.1_run1,ebnf,sqlite-3.31.1,1,768,22564,110,126930
ebnf_sqlite-3.31.1_run1,ebnf,sqlite-3.31.1,1,769,22564,110,127197
ebnf_sqlite-3.31.1_run1,ebnf,sqlite-3.31.1,1,770,22564,110,127317
ebnf_sqlite-3.31.1_run1,ebnf,sqlite-3.31.1,1,771,22564,111,127464
ebnf_sqlite-3.31.1_run1,ebnf,sqlite-3.31.1,1,772,22564,111,127614
ebnf_sqlite-3.31.1_run1,ebnf,sqlite-3.31.1,1,773,22564,111,127755
ebnf_sqlite-3.31.1_run1,ebnf,sqlite-3.31.1,1,774,22564,111,128025
ebnf_sqlite-3.31.1_run1,ebnf,sqlite-3.31.1,1,775,22564,111,128203
ebnf_sqlite-3.31.1_run1,ebnf,sqlite-3.31.1,1,776,22564,111,128387
ebnf_sqlite-3.31.1_run1,ebnf,sqlite-3.31.1,1,777,22565,111,128554
ebnf_sqlite-3.31.1_run1,ebnf,sqlite-3.31.1,1,778,22565,111,128767
ebnf_sqlite-3.31.1_run1,ebnf,sqlite-3.31.1,1,779,22565,112,128767
ebnf_sqlite-3.31.1_run1,ebnf,sqlite-3.31.1,1,780,22565,112,129070
ebnf_sqlite-3.31.1_run1,ebnf,sqlite-3.31.1,1,781,22566,112,129244
ebnf_sqlite-3.31.1_run1,ebnf,sqlite-3.31.1,1,782,22566,112,129436
ebnf_sqlite-3.31.1_run1,ebnf,sqlite-3.31.1,1,783,22566,112,129602
ebnf_sqlite-3.31.1_run1,ebnf,sqlite-3.31.1,1,784,22570,112,129723
ebnf_sqlite-3.31.1_run1,ebnf,sqlite-3.31.1,1,785,22612,112,129971
ebnf_sqlite-3.31.1_run1,ebnf,sqlite-3.31.1,1,786,22614,112,130188
ebnf_sqlite-3.31.1_run1,ebnf,sqlite-3.31.1,1,787,22615,112,130377
ebnf_sqlite-3.31.1_run1,ebnf,sqlite-3.31.1,1,788,22630,112,130580
ebnf_sqlite-3.31.1_run1,ebnf,sqlite-3.31.1,1,789,22643,112,130750
ebnf_sqlite-3.31.1_run1,ebnf,sqlite-3.31.1,1,790,22652,112,130928
ebnf_sqlite-3.31.1_run1,ebnf,sqlite-3.31.1,1,791,22653,112,130928
ebnf_sqlite-3.31.1_run1,ebnf,sqlite-3.31.1,1,792,22653,112,130928
ebnf_sqlite-3.31.1_run1,ebnf,sqlite-3.31.1,1,793,22653,112,130928
ebnf_sqlite-3.31.1_run1,ebnf,sqlite-3.31.1,1,794,22653,112,130928
ebnf_sqlite-3.31.1_run1,ebnf,sqlite-3.31.1,1,795,22653,112,131272
ebnf_sqlite-3.31.1_run1,ebnf,sqlite-3.31.1,1,796,22654,112,131474
ebnf_sqlite-3.31.1_run1,ebnf,sqlite-3.31.1,1,797,22679,112,131652
ebnf_sqlite-3.31.1_run1,ebnf,sqlite-3.31.1,1,798,22679,112,131814
ebnf_sqlite-3.31.1_run1,ebnf,sqlite-3.31.1,1,799,22712,112,131957
ebnf_sqlite-3.31.1_run1,ebnf,sqlite-3.31.1,1,800,22712,112,131957
ebnf_sqlite-3.31.1_run1,ebnf,sqlite-3.31.1,1,801,22712,112,131957
ebnf_sqlite-3.31.1_run1,ebnf,sqlite-3.31.1,1,802,22712,112,131957
ebnf_sqlite-3.31.1_run1,ebnf,sqlite-3.31.1,1,803,22712,112,131957
ebnf_sqlite-3.31.1_run1,ebnf,sqlite-3.31.1,1,804,22712,112,132378
ebnf_sqlite-3.31.1_run1,ebnf,sqlite-3.31.1,1,805,22712,112,132378
ebnf_sqlite-3.31.1_run1,ebnf,sqlite-3.31.1,1,806,22714,112,132538
ebnf_sqlite-3.31.1_run1,ebnf,sqlite-3.31.1,1,807,22714,112,132678
ebnf_sqlite-3.31.1_run1,ebnf,sqlite-3.31.1,1,808,22727,113,132678
ebnf_sqlite-3.31.1_run1,ebnf,sqlite-3.31.1,1,809,22727,113,132858
ebnf_sqlite-3.31.1_run1,ebnf,sqlite-3.31.1,1,810,22727,113,132858
ebnf_sqlite-3.31.1_run1,ebnf,sqlite-3.31.1,1,811,22727,113,132858
ebnf_sqlite-3.31.1_run1,ebnf,sqlite-3.31.1,1,812,22727,113,133024
ebnf_sqlite-3.31.1_run1,ebnf,sqlite-3.31.1,1,813,22727,113,133024
ebnf_sqlite-3.31.1_run1,ebnf,sqlite-3.31.1,1,814,22727,113,133024
ebnf_sqlite-3.31.1_run1,ebnf,sqlite-3.31.1,1,815,22727,113,133216
ebnf_sqlite-3.31.1_run1,ebnf,sqlite-3.31.1,1,816,22727,113,133216
ebnf_sqlite-3.31.1_run1,ebnf,sqlite-3.31.1,1,818,22727,113,133366
ebnf_sqlite-3.31.1_run1,ebnf,sqlite-3.31.1,1,819,22727,113,133366
ebnf_sqlite-3.31.1_run1,ebnf,sqlite-3.31.1,1,820,22727,113,133525
ebnf_sqlite-3.31.1_run1,ebnf,sqlite-3.31.1,1,821,22731,113,133700
ebnf_sqlite-3.31.1_run1,ebnf,sqlite-3.31.1,1,822,22733,113,133755
ebnf_sqlite-3.31.1_run1,ebnf,sqlite-3.31.1,1,823,22879,113,133929
ebnf_sqlite-3.31.1_run1,ebnf,sqlite-3.31.1,1,824,22882,113,133929
ebnf_sqlite-3.31.1_run1,ebnf,sqlite-3.31.1,1,825,22883,113,133929
ebnf_sqlite-3.31.1_run1,ebnf,sqlite-3.31.1,1,826,22884,113,134125
ebnf_sqlite-3.31.1_run1,ebnf,sqlite-3.31.1,1,827,22884,113,134125
ebnf_sqlite-3.31.1_run1,ebnf,sqlite-3.31.1,1,828,22884,113,134316
ebnf_sqlite-3.31.1_run1,ebnf,sqlite-3.31.1,1,829,22884,113,134336
ebnf_sqlite-3.31.1_run1,ebnf,sqlite-3.31.1,1,830,22893,113,134487
ebnf_sqlite-3.31.1_run1,ebnf,sqlite-3.31.1,1,831,22893,113,134487
ebnf_sqlite-3.31.1_run1,ebnf,sqlite-3.31.1,1,832,22905,113,134677
ebnf_sqlite-3.31.1_run1,ebnf,sqlite-3.31.1,1,833,22905,113,134772
ebnf_sqlite-3.31.1_run1,ebnf,sqlite-3.31.1,1,834,22908,113,134795
ebnf_sqlite-3.31.1_run1,ebnf,sqlite-3.31.1,1,835,22909,113,134795
ebnf_sqlite-3.31.1_run1,ebnf,sqlite-3.31.1,1,836,22909,114,134795
ebnf_sqlite-3.31.1_run1,ebnf,sqlite-3.31.1,1,837,22909,115,135044
ebnf_sqlite-3.31.1_run1,ebnf,sqlite-3.31.1,1,838,22910,115,135205
ebnf_sqlite-3.31.1_run1,ebnf,sqlite-3.31.1,1,839,22910,116,135205
ebnf_sqlite-3.31.1_run1,ebnf,sqlite-3.31.1,1,840,22913,116,135205
ebnf_sqlite-3.31.1_run1,ebnf,sqlite-3.31.1,1,841,22915,116,135454
ebnf_sqlite-3.31.1_run1,ebnf,sqlite-3.31.1,1,842,22915,116,135500
ebnf_sqlite-3.31.1_run1,ebnf,sqlite-3.31.1,1,843,22915,116,135635
ebnf_sqlite-3.31.1_run1,ebnf,sqlite-3.31.1,1,844,22915,116,135777
ebnf_sqlite-3.31.1_run1,ebnf,sqlite-3.31.1,1,845,22915,116,135929
ebnf_sqlite-3.31.1_run1,ebnf,sqlite-3.31.1,1,846,22917,116,136079
ebnf_sqlite-3.31.1_run1,ebnf,sqlite-3.31.1,1,847,22919,116,136322
ebnf_sqlite-3.31.1_run1,ebnf,sqlite-3.31.1,1,848,23000,116,136357
ebnf_sqlite-3.31.1_run1,ebnf,sqlite-3.31.1,1,849,23135,116,136570
ebnf_sqlite-3.31.1_run1,ebnf,sqlite-3.31.1,1,850,23135,116,136837
ebnf_sqlite-3.31.1_run1,ebnf,sqlite-3.31.1,1,851,23135,116,136978
ebnf_sqlite-3.31.1_run1,ebnf,sqlite-3.31.1,1,852,23135,117,137133
ebnf_sqlite-3.31.1_run1,ebnf,sqlite-3.31.1,1,853,23135,117,137276
ebnf_sqlite-3.31.1_run1,ebnf,sqlite-3.31.1,1,854,23135,117,137576
ebnf_sqlite-3.31.1_run1,ebnf,sqlite-3.31.1,1,855,23135,117,137731
ebnf_sqlite-3.31.1_run1,ebnf,sqlite-3.31.1,1,856,23137,117,138001
ebnf_sqlite-3.31.1_run1,ebnf,sqlite-3.31.1,1,857,23137,117,138186
ebnf_sqlite-3.31.1_run1,ebnf,sqlite-3.31.1,1,858,23140,117,138398
ebnf_sqlite-3.31.1_run1,ebnf,sqlite-3.31.1,1,859,23141,117,138564
ebnf_sqlite-3.31.1_run1,ebnf,sqlite-3.31.1,1,860,23141,117,138757
ebnf_sqlite-3.31.1_run1,ebnf,sqlite-3.31.1,1,861,23142,117,139085
ebnf_sqlite-3.31.1_run1,ebnf,sqlite-3.31.1,1,862,23146,117,139292
ebnf_sqlite-3.31.1_run1,ebnf,sqlite-3.31.1,1,863,23146,117,139459
ebnf_sqlite-3.31.1_run1,ebnf,sqlite-3.31.1,1,864,23146,117,139629
ebnf_sqlite-3.31.1_run1,ebnf,sqlite-3.31.1,1,865,23146,117,139775
ebnf_sqlite-3.31.1_run1,ebnf,sqlite-3.31.1,1,866,23146,117,139939
ebnf_sqlite-3.31.1_run1,ebnf,sqlite-3.31.1,1,867,23147,117,140250
ebnf_sqlite-3.31.1_run1,ebnf,sqlite-3.31.1,1,868,23170,117,140411
ebnf_sqlite-3.31.1_run1,ebnf,sqlite-3.31.1,1,869,23170,117,140597
ebnf_sqlite-3.31.1_run1,ebnf,sqlite-3.31.1,1,870,23171,117,140778
ebnf_sqlite-3.31.1_run1,ebnf,sqlite-3.31.1,1,871,23172,117,140968
ebnf_sqlite-3.31.1_run1,ebnf,sqlite-3.31.1,1,872,23175,117,141191
ebnf_sqlite-3.31.1_run1,ebnf,sqlite-3.31.1,1,873,23180,117,141356
ebnf_sqlite-3.31.1_run1,ebnf,sqlite-3.31.1,1,874,23180,118,141528
ebnf_sqlite-3.31.1_run1,ebnf,sqlite-3.31.1,1,875,23180,118,141748
ebnf_sqlite-3.31.1_run1,ebnf,sqlite-3.31.1,1,876,23181,118,141910
ebnf_sqlite-3.31.1_run1,ebnf,sqlite-3.31.1,1,877,23181,119,141910
ebnf_sqlite-3.31.1_run1,ebnf,sqlite-3.31.1,1,878,23181,119,142294
ebnf_sqlite-3.31.1_run1,ebnf,sqlite-3.31.1,1,879,23182,119,142294
ebnf_sqlite-3.31.1_run1,ebnf,sqlite-3.31.1,1,880,23182,120,142482
ebnf_sqlite-3.31.1_run1,ebnf,sqlite-3.31.1,1,881,23182,120,142640
ebnf_sqlite-3.31.1_run1,ebnf,sqlite-3.31.1,1,882,23183,120,142847
ebnf_sqlite-3.31.1_run1,ebnf,sqlite-3.31.1,1,883,23183,120,143059
ebnf_sqlite-3.31.1_run1,ebnf,sqlite-3.31.1,1,884,23183,120,143059
ebnf_sqlite-3.31.1_run1,ebnf,sqlite-3.31.1,1,885,23184,120,143278
ebnf_sqlite-3.31.1_run1,ebnf,sqlite-3.31.1,1,886,23185,120,143538
ebnf_sqlite-3.31.1_run1,ebnf,sqlite-3.31.1,1,887,23185,120,143743
ebnf_sqlite-3.31.1_run1,ebnf,sqlite-3.31.1,1,888,23185,121,143924
ebnf_sqlite-3.31.1_run1,ebnf,sqlite-3.31.1,1,889,23186,122,143924
ebnf_sqlite-3.31.1_run1,ebnf,sqlite-3.31.1,1,890,23186,122,144120
ebnf_sqlite-3.31.1_run1,ebnf,sqlite-3.31.1,1,891,23186,122,144299
ebnf_sqlite-3.31.1_run1,ebnf,sqlite-3.31.1,1,892,23186,123,144475
ebnf_sqlite-3.31.1_run1,ebnf,sqlite-3.31.1,1,893,23186,123,144632
ebnf_sqlite-3.31.1_run1,ebnf,sqlite-3.31.1,1,894,23186,124,144802
ebnf_sqlite-3.31.1_run1,ebnf,sqlite-3.31.1,1,895,23186,125,144802
ebnf_sqlite-3.31.1_run1,ebnf,sqlite-3.31.1,1,896,23188,125,144994
ebnf_sqlite-3.31.1_run1,ebnf,sqlite-3.31.1,1,897,23197,125,145341
ebnf_sqlite-3.31.1_run1,ebnf,sqlite-3.31.1,1,898,23199,125,145522
ebnf_sqlite-3.31.1_run1,ebnf,sqlite-3.31.1,1,899,23199,125,145724
ebnf_sqlite-3.31.1_run1,ebnf,sqlite-3.31.1,1,900,23200,125,145788
ebnf_sqlite-3.31.1_run1,ebnf,sqlite-3.31.1,1,901,23200,126,145984
ebnf_sqlite-3.31.1_run1,ebnf,sqlite-3.31.1,1,902,23200,127,146157
ebnf_sqlite-3.31.1_run1,ebnf,sqlite-3.31.1,1,903,23200,129,146185
ebnf_sqlite-3.31.1_run1,ebnf,sqlite-3.31.1,1,904,23200,129,146345
ebnf_sqlite-3.31.1_run1,ebnf,sqlite-3.31.1,1,905,23200,129,146515
ebnf_sqlite-3.31.1_run1,ebnf,sqlite-3.31.1,1,906,23200,129,146655
ebnf_sqlite-3.31.1_run1,ebnf,sqlite-3.31.1,1,907,23201,129,146816
ebnf_sqlite-3.31.1_run1,ebnf,sqlite-3.31.1,1,908,23202,129,147015
ebnf_sqlite-3.31.1_run1,ebnf,sqlite-3.31.1,1,909,23202,129,147197
ebnf_sqlite-3.31.1_run1,ebnf,sqlite-3.31.1,1,910,23202,129,147363
ebnf_sqlite-3.31.1_run1,ebnf,sqlite-3.31.1,1,911,23203,129,147669
ebnf_sqlite-3.31.1_run1,ebnf,sqlite-3.31.1,1,912,23203,130,147685
ebnf_sqlite-3.31.1_run1,ebnf,sqlite-3.31.1,1,913,23204,130,147889
ebnf_sqlite-3.31.1_run1,ebnf,sqlite-3.31.1,1,914,23219,130,148069
ebnf_sqlite-3.31.1_run1,ebnf,sqlite-3.31.1,1,915,23219,130,148256
ebnf_sqlite-3.31.1_run1,ebnf,sqlite-3.31.1,1,916,23219,130,148398
ebnf_sqlite-3.31.1_run1,ebnf,sqlite-3.31.1,1,917,23219,130,148537
ebnf_sqlite-3.31.1_run1,ebnf,sqlite-3.31.1,1,918,23219,130,148845
ebnf_sqlite-3.31.1_run1,ebnf,sqlite-3.31.1,1,919,23219,131,148845
ebnf_sqlite-3.31.1_run1,ebnf,sqlite-3.31.1,1,920,23223,131,149016
ebnf_sqlite-3.31.1_run1,ebnf,sqlite-3.31.1,1,921,23223,131,149212
ebnf_sqlite-3.31.1_run1,ebnf,sqlite-3.31.1,1,922,23223,131,149524
ebnf_sqlite-3.31.1_run1,ebnf,sqlite-3.31.1,1,923,23223,131,149699
ebnf_sqlite-3.31.1_run1,ebnf,sqlite-3.31.1,1,924,23223,131,149845
ebnf_sqlite-3.31.1_run1,ebnf,sqlite-3.31.1,1,925,23223,131,150008
ebnf_sqlite-3.31.1_run1,ebnf,sqlite-3.31.1,1,926,23223,131,150157
ebnf_sqlite-3.31.1_run1,ebnf,sqlite-3.31.1,1,927,23230,132,150290
ebnf_sqlite-3.31.1_run1,ebnf,sqlite-3.31.1,1,928,23230,133,150290
ebnf_sqlite-3.31.1_run1,ebnf,sqlite-3.31.1,1,929,23243,133,150583
ebnf_sqlite-3.31.1_run1,ebnf,sqlite-3.31.1,1,930,23279,133,150642
ebnf_sqlite-3.31.1_run1,ebnf,sqlite-3.31.1,1,931,23279,133,150892
ebnf_sqlite-3.31.1_run1,ebnf,sqlite-3.31.1,1,932,23279,133,151051
ebnf_sqlite-3.31.1_run1,ebnf,sqlite-3.31.1,1,933,23279,133,151211
ebnf_sqlite-3.31.1_run1,ebnf,sqlite-3.31.1,1,934,23279,133,151379
ebnf_sqlite-3.31.1_run1,ebnf,sqlite-3.31.1,1,935,23280,133,151533
ebnf_sqlite-3.31.1_run1,ebnf,sqlite-3.31.1,1,936,23280,133,151714
ebnf_sqlite-3.31.1_run1,ebnf,sqlite-3.31.1,1,937,23294,134,151714
ebnf_sqlite-3.31.1_run1,ebnf,sqlite-3.31.1,1,938,23296,134,151900
ebnf_sqlite-3.31.1_run1,ebnf,sqlite-3.31.1,1,939,23296,134,151900
ebnf_sqlite-3.31.1_run1,ebnf,sqlite-3.31.1,1,940,23296,134,151900
ebnf_sqlite-3.31.1_run1,ebnf,sqlite-3.31.1,1,941,23298,134,152234
ebnf_sqlite-3.31.1_run1,ebnf,sqlite-3.31.1,1,942,23331,134,152422
ebnf_sqlite-3.31.1_run1,ebnf,sqlite-3.31.1,1,943,23331,134,152422
ebnf_sqlite-3.31.1_run1,ebnf,sqlite-3.31.1,1,944,23331,134,152422
ebnf_sqlite-3.31.1_run1,ebnf,sqlite-3.31.1,1,945,23331,134,152422
ebnf_sqlite-3.31.1_run1,ebnf,sqlite-3.31.1,1,946,23331,134,152422
ebnf_sqlite-3.31.1_run1,ebnf,sqlite-3.31.1,1,947,23331,134,152422
ebnf_sqlite-3.31.1_run1,ebnf,sqlite-3.31.1,1,948,23331,134,152644
ebnf_sqlite-3.31.1_run1,ebnf,sqlite-3.31.1,1,949,23331,134,152644
ebnf_sqlite-3.31.1_run1,ebnf,sqlite-3.31.1,1,950,23331,134,152644
ebnf_sqlite-3.31.1_run1,ebnf,sqlite-3.31.1,1,951,23331,134,153018
ebnf_sqlite-3.31.1_run1,ebnf,sqlite-3.31.1,1,952,23331,134,153175
ebnf_sqlite-3.31.1_run1,ebnf,sqlite-3.31.1,1,953,23331,134,153329
ebnf_sqlite-3.31.1_run1,ebnf,sqlite-3.31.1,1,954,23331,134,153496
ebnf_sqlite-3.31.1_run1,ebnf,sqlite-3.31.1,1,955,23331,134,153822
ebnf_sqlite-3.31.1_run1,ebnf,sqlite-3.31.1,1,956,23335,134,153968
ebnf_sqlite-3.31.1_run1,ebnf,sqlite-3.31.1,1,957,23335,134,154185
ebnf_sqlite-3.31.1_run1,ebnf,sqlite-3.31.1,1,958,23344,134,154374
ebnf_sqlite-3.31.1_run1,ebnf,sqlite-3.31.1,1,959,23345,135,154374
ebnf_sqlite-3.31.1_run1,ebnf,sqlite-3.31.1,1,960,23349,135,154612
ebnf_sqlite-3.31.1_run1,ebnf,sqlite-3.31.1,1,961,23349,135,154786
ebnf_sqlite-3.31.1_run1,ebnf,sqlite-3.31.1,1,962,23349,135,154927
ebnf_sqlite-3.31.1_run1,ebnf,sqlite-3.31.1,1,963,23349,136,155090
ebnf_sqlite-3.31.1_run1,ebnf,sqlite-3.31.1,1,964,23361,136,155391
ebnf_sqlite-3.31.1_run1,ebnf,sqlite-3.31.1,1,965,23361,137,155539
ebnf_sqlite-3.31.1_run1,ebnf,sqlite-3.31.1,1,966,23361,139,155539
ebnf_sqlite-3.31.1_run1,ebnf,sqlite-3.31.1,1,967,23375,140,155578
ebnf_sqlite-3.31.1_run1,ebnf,sqlite-3.31.1,1,968,23376,140,155905
ebnf_sqlite-3.31.1_run1,ebnf,sqlite-3.31.1,1,969,23377,140,156107
ebnf_sqlite-3.31.1_run1,ebnf,sqlite-3.31.1,1,970,23379,140,156358
ebnf_sqlite-3.31.1_run1,ebnf,sqlite-3.31.1,1,971,23382,140,156457
ebnf_sqlite-3.31.1_run1,ebnf,sqlite-3.31.1,1,972,23383,140,156790
ebnf_sqlite-3.31.1_run1,ebnf,sqlite-3.31.1,1,973,23384,141,156790
ebnf_sqlite-3.31.1_run1,ebnf,sqlite-3.31.1,1,974,23388,142,157039
ebnf_sqlite-3.31.1_run1,ebnf,sqlite-3.31.1,1,975,23388,142,157227
ebnf_sqlite-3.31.1_run1,ebnf,sqlite-3.31.1,1,976,23388,142,157548
ebnf_sqlite-3.31.1_run1,ebnf,sqlite-3.31.1,1,977,23389,142,157882
ebnf_sqlite-3.31.1_run1,ebnf,sqlite-3.31.1,1,978,23396,142,158122
ebnf_sqlite-3.31.1_run1,ebnf,sqlite-3.31.1,1,979,23397,142,158520
ebnf_sqlite-3.31.1_run1,ebnf,sqlite-3.31.1,1,980,23397,142,158704
ebnf_sqlite-3.31.1_run1,ebnf,sqlite-3.31.1,1,981,23397,142,159058
ebnf_sqlite-3.31.1_run1,ebnf,sqlite-3.31.1,1,982,23398,142,159247
ebnf_sqlite-3.31.1_run1,ebnf,sqlite-3.31.1,1,983,23398,142,159640
ebnf_sqlite-3.31.1_run1,ebnf,sqlite-3.31.1,1,984,23400,142,159812
ebnf_sqlite-3.31.1_run1,ebnf,sqlite-3.31.1,1,985,23402,142,160178
ebnf_sqlite-3.31.1_run1,ebnf,sqlite-3.31.1,1,986,23402,142,160387
ebnf_sqlite-3.31.1_run1,ebnf,sqlite-3.31.1,1,987,23403,142,160555
ebnf_sqlite-3.31.1_run1,ebnf,sqlite-3.31.1,1,988,23403,142,160555
ebnf_sqlite-3.31.1_run1,ebnf,sqlite-3.31.1,1,989,23403,142,160942
ebnf_sqlite-3.31.1_run1,ebnf,sqlite-3.31.1,1,990,23403,142,161122
ebnf_sqlite-3.31.1_run1,ebnf,sqlite-3.31.1,1,991,23404,142,161490
ebnf_sqlite-3.31.1_run1,ebnf,sqlite-3.31.1,1,992,23404,142,161697
ebnf_sqlite-3.31.1_run1,ebnf,sqlite-3.31.1,1,993,23404,142,161872
ebnf_sqlite-3.31.1_run1,ebnf,sqlite-3.31.1,1,994,23406,142,162048
ebnf_sqlite-3.31.1_run1,ebnf,sqlite-3.31.1,1,995,23406,142,162454
ebnf_sqlite-3.31.1_run1,ebnf,sqlite-3.31.1,1,996,23406,142,162625
ebnf_sqlite-3.31.1_run1,ebnf,sqlite-3.31.1,1,997,23406,142,162994
ebnf_sqlite-3.31.1_run1,ebnf,sqlite-3.31.1,1,998,23406,142,163177
ebnf_sqlite-3.31.1_run1,ebnf,sqlite-3.31.1,1,999,23406,142,163347
ebnf_sqlite-3.31.1_run1,ebnf,sqlite-3.31.1,1,1000,23406,142,163682
ebnf_sqlite-3.31.1_run1,ebnf,sqlite-3.31.1,1,1001,23406,142,163854
ebnf_sqlite-3.31.1_run1,ebnf,sqlite-3.31.1,1,1002,23410,142,164192
ebnf_sqlite-3.31.1_run1,ebnf,sqlite-3.31.1,1,1003,23411,142,164192
ebnf_sqlite-3.31.1_run1,ebnf,sqlite-3.31.1,1,1004,23412,142,164389
ebnf_sqlite-3.31.1_run1,ebnf,sqlite-3.31.1,1,1005,23412,142,164557
ebnf_sqlite-3.31.1_run1,ebnf,sqlite-3.31.1,1,1006,23414,142,164596
ebnf_sqlite-3.31.1_run1,ebnf,sqlite-3.31.1,1,1007,23414,142,164757
ebnf_sqlite-3.31.1_run1,ebnf,sqlite-3.31.1,1,1008,23599,142,164772
ebnf_sqlite-3.31.1_run1,ebnf,sqlite-3.31.1,1,1009,23605,142,164962
ebnf_sqlite-3.31.1_run1,ebnf,sqlite-3.31.1,1,1010,23610,142,165164
ebnf_sqlite-3.31.1_run1,ebnf,sqlite-3.31.1,1,1011,23614,142,165382
ebnf_sqlite-3.31.1_run1,ebnf,sqlite-3.31.1,1,1012,23614,142,165575
ebnf_sqlite-3.31.1_run1,ebnf,sqlite-3.31.1,1,1013,23631,142,165755
ebnf_sqlite-3.31.1_run1,ebnf,sqlite-3.31.1,1,1014,23639,142,165953
ebnf_sqlite-3.31.1_run1,ebnf,sqlite-3.31.1,1,1015,23650,142,166047
ebnf_sqlite-3.31.1_run1,ebnf,sqlite-3.31.1,1,1016,23651,142,166283
ebnf_sqlite-3.31.1_run1,ebnf,sqlite-3.31.1,1,1017,23651,142,166457
ebnf_sqlite-3.31.1_run1,ebnf,sqlite-3.31.1,1,1018,23651,142,166615
ebnf_sqlite-3.31.1_run1,ebnf,sqlite-3.31.1,1,1019,23651,142,166748
ebnf_sqlite-3.31.1_run1,ebnf,sqlite-3.31.1,1,1020,23652,142,166912
ebnf_sqlite-3.31.1_run1,ebnf,sqlite-3.31.1,1,1021,23668,142,167196
ebnf_sqlite-3.31.1_run1,ebnf,sqlite-3.31.1,1,1022,23671,142,167324
ebnf_sqlite-3.31.1_run1,ebnf,sqlite-3.31.1,1,1023,23674,142,167605
ebnf_sqlite-3.31.1_run1,ebnf,sqlite-3.31.1,1,1024,23675,142,167714
ebnf_sqlite-3.31.1_run1,ebnf,sqlite-3.31.1,1,1025,23675,142,167881
ebnf_sqlite-3.31.1_run1,ebnf,sqlite-3.31.1,1,1026,23675,142,168039
ebnf_sqlite-3.31.1_run1,ebnf,sqlite-3.31.1,1,1027,23676,142,168394
ebnf_sqlite-3.31.1_run1,ebnf,sqlite-3.31.1,1,1028,23677,142,168559
ebnf_sqlite-3.31.1_run1,ebnf,sqlite-3.31.1,1,1029,23678,142,168909
ebnf_sqlite-3.31.1_run1,ebnf,sqlite-3.31.1,1,1030,23678,142,169068
ebnf_sqlite-3.31.1_run1,ebnf,sqlite-3.31.1,1,1031,23678,142,169068
ebnf_sqlite-3.31.1_run1,ebnf,sqlite-3.31.1,1,1032,23678,142,169370
ebnf_sqlite-3.31.1_run1,ebnf,sqlite-3.31.1,1,1033,23693,142,169555
ebnf_sqlite-3.31.1_run1,ebnf,sqlite-3.31.1,1,1034,23693,142,169555
ebnf_sqlite-3.31.1_run1,ebnf,sqlite-3.31.1,1,1035,23693,142,169757
ebnf_sqlite-3.31.1_run1,ebnf,sqlite-3.31.1,1,1036,23697,142,169903
ebnf_sqlite-3.31.1_run1,ebnf,sqlite-3.31.1,1,1037,23698,142,170136
ebnf_sqlite-3.31.1_run1,ebnf,sqlite-3.31.1,1,1038,23698,142,170463
ebnf_sqlite-3.31.1_run1,ebnf,sqlite-3.31.1,1,1039,23701,142,170634
ebnf_sqlite-3.31.1_run1,ebnf,sqlite-3.31.1,1,1040,23704,142,171019
ebnf_sqlite-3.31.1_run1,ebnf,sqlite-3.31.1,1,1041,23713,142,171271
ebnf_sqlite-3.31.1_run1,ebnf,sqlite-3.31.1,1,1042,23713,142,171499
ebnf_sqlite-3.31.1_run1,ebnf,sqlite-3.31.1,1,1043,23713,142,171835
ebnf_sqlite-3.31.1_run1,ebnf,sqlite-3.31.1,1,1044,23713,142,172074
ebnf_sqlite-3.31.1_run1,ebnf,sqlite-3.31.1,1,1045,23713,142,172289
ebnf_sqlite-3.31.1_run1,ebnf,sqlite-3.31.1,1,1046,23713,142,172442
ebnf_sqlite-3.31.1_run1,ebnf,sqlite-3.31.1,1,1047,23715,142,172781
ebnf_sqlite-3.31.1_run1,ebnf,sqlite-3.31.1,1,1048,23715,142,172962
ebnf_sqlite-3.31.1_run1,ebnf,sqlite-3.31.1,1,1049,23715,142,173143
ebnf_sqlite-3.31.1_run1,ebnf,sqlite-3.31.1,1,1050,23715,142,173481
ebnf_sqlite-3.31.1_run1,ebnf,sqlite-3.31.1,1,1051,23716,142,173662
ebnf_sqlite-3.31.1_run1,ebnf,sqlite-3.31.1,1,1052,23777,142,174097
ebnf_sqlite-3.31.1_run1,ebnf,sqlite-3.31.1,1,1053,23785,142,174252
ebnf_sqlite-3.31.1_run1,ebnf,sqlite-3.31.1,1,1054,23795,142,174668
ebnf_sqlite-3.31.1_run1,ebnf,sqlite-3.31.1,1,1055,23808,142,174905
ebnf_sqlite-3.31.1_run1,ebnf,sqlite-3.31.1,1,1056,23808,142,175069
ebnf_sqlite-3.31.1_run1,ebnf,sqlite-3.31.1,1,1057,23808,142,175394
ebnf_sqlite-3.31.1_run1,ebnf,sqlite-3.31.1,1,1058,23812,142,175747
ebnf_sqlite-3.31.1_run1,ebnf,sqlite-3.31.1,1,1059,23812,142,176077
ebnf_sqlite-3.31.1_run1,ebnf,sqlite-3.31.1,1,1060,23812,142,176212
ebnf_sqlite-3.31.1_run1,ebnf,sqlite-3.31.1,1,1061,23812,142,176390
ebnf_sqlite-3.31.1_run1,ebnf,sqlite-3.31.1,1,1062,23812,142,176741
ebnf_sqlite-3.31.1_run1,ebnf,sqlite-3.31.1,1,1063,23812,142,177078
ebnf_sqlite-3.31.1_run1,ebnf,sqlite-3.31.1,1,1064,23812,142,177253
ebnf_sqlite-3.31.1_run1,ebnf,sqlite-3.31.1,1,1065,23812,142,177412
ebnf_sqlite-3.31.1_run1,ebnf,sqlite-3.31.1,1,1066,23813,143,177540
ebnf_sqlite-3.31.1_run1,ebnf,sqlite-3.31.1,1,1067,23813,143,177847
ebnf_sqlite-3.31.1_run1,ebnf,sqlite-3.31.1,1,1068,23813,143,177991
ebnf_sqlite-3.31.1_run1,ebnf,sqlite-3.31.1,1,1069,23817,143,178133
ebnf_sqlite-3.31.1_run1,ebnf,sqlite-3.31.1,1,1070,23817,143,178353
ebnf_sqlite-3.31.1_run1,ebnf,sqlite-3.31.1,1,1071,23845,143,178582
ebnf_sqlite-3.31.1_run1,ebnf,sqlite-3.31.1,1,1072,23846,143,178852
ebnf_sqlite-3.31.1_run1,ebnf,sqlite-3.31.1,1,1073,23846,143,178983
ebnf_sqlite-3.31.1_run1,ebnf,sqlite-3.31.1,1,1074,23847,143,179267
ebnf_sqlite-3.31.1_run1,ebnf,sqlite-3.31.1,1,1075,23847,143,179478
ebnf_sqlite-3.31.1_run1,ebnf,sqlite-3.31.1,1,1076,23847,143,179666
ebnf_sqlite-3.31.1_run1,ebnf,sqlite-3.31.1,1,1077,23847,143,179873
ebnf_sqlite-3.31.1_run1,ebnf,sqlite-3.31.1,1,1078,23847,143,180142
ebnf_sqlite-3.31.1_run1,ebnf,sqlite-3.31.1,1,1079,23847,143,180142
ebnf_sqlite-3.31.1_run1,ebnf,sqlite-3.31.1,1,1080,23847,143,180317
ebnf_sqlite-3.31.1_run1,ebnf,sqlite-3.31.1,1,1081,23847,143,180581
ebnf_sqlite-3.31.1_run1,ebnf,sqlite-3.31.1,1,1082,23847,143,180701
ebnf_sqlite-3.31.1_run1,ebnf,sqlite-3.31.1,1,1083,23848,143,180994
ebnf_sqlite-3.31.1_run1,ebnf,sqlite-3.31.1,1,1084,23848,143,181144
ebnf_sqlite-3.31.1_run1,ebnf,sqlite-3.31.1,1,1085,23848,144,181287
ebnf_sqlite-3.31.1_run1,ebnf,sqlite-3.31.1,1,1086,23848,144,181432
ebnf_sqlite-3.31.1_run1,ebnf,sqlite-3.31.1,1,1087,23848,144,181557
ebnf_sqlite-3.31.1_run1,ebnf,sqlite-3.31.1,1,1088,23848,144,181833
ebnf_sqlite-3.31.1_run1,ebnf,sqlite-3.31.1,1,1089,23848,144,181833
ebnf_sqlite-3.31.1_run1,ebnf,sqlite-3.31.1,1,1090,23880,146,182015
ebnf_sqlite-3.31.1_run1,ebnf,sqlite-3.31.1,1,1091,23880,146,182185
ebnf_sqlite-3.31.1_run1,ebnf,sqlite-3.31.1,1,1092,23880,146,182477
ebnf_sqlite-3.31.1_run1,ebnf,sqlite-3.31.1,1,1093,23880,146,182703
ebnf_sqlite-3.31.1_run1,ebnf,sqlite-3.31.1,1,1094,23880,147,182703
ebnf_sqlite-3.31.1_run1,ebnf,sqlite-3.31.1,1,1095,23880,147,183048
ebnf_sqlite-3.31.1_run1,ebnf,sqlite-3.31.1,1,1096,23880,147,183214
ebnf_sqlite-3.31.1_run1,ebnf,sqlite-3.31.1,1,1097,23880,147,183362
ebnf_sqlite-3.31.1_run1,ebnf,sqlite-3.31.1,1,1098,23889,147,183528
ebnf_sqlite-3.31.1_run1,ebnf,sqlite-3.31.1,1,1099,23889,147,183715
ebnf_sqlite-3.31.1_run1,ebnf,sqlite-3.31.1,1,1100,23889,147,183770
ebnf_sqlite-3.31.1_run1,ebnf,sqlite-3.31.1,1,1101,23889,147,183912
ebnf_sqlite-3.31.1_run1,ebnf,sqlite-3.31.1,1,1102,23889,147,184061
ebnf_sqlite-3.31.1_run1,ebnf,sqlite-3.31.1,1,1103,23889,148,184246
ebnf_sqlite-3.31.1_run1,ebnf,sqlite-3.31.1,1,1104,23889,149,184246
ebnf_sqlite-3.31.1_run1,ebnf,sqlite-3.31.1,1,1105,23889,150,184440
ebnf_sqlite-3.31.1_run1,ebnf,sqlite-3.31.1,1,1106,23892,150,184633
ebnf_sqlite-3.31.1_run1,ebnf,sqlite-3.31.1,1,1107,23892,151,184633
ebnf_sqlite-3.31.1_run1,ebnf,sqlite-3.31.1,1,1108,23892,151,184813
ebnf_sqlite-3.31.1_run1,ebnf,sqlite-3.31.1,1,1109,23892,151,185138
ebnf_sqlite-3.31.1_run1,ebnf,sqlite-3.31.1,1,1110,23892,151,185308
ebnf_sqlite-3.31.1_run1,ebnf,sqlite-3.31.1,1,1111,23892,151,185444
ebnf_sqlite-3.31.1_run1,ebnf,sqlite-3.31.1,1,1112,23892,151,185731
ebnf_sqlite-3.31.1_run1,ebnf,sqlite-3.31.1,1,1113,23892,151,185854
ebnf_sqlite-3.31.1_run1,ebnf,sqlite-3.31.1,1,1114,23892,151,186055
ebnf_sqlite-3.31.1_run1,ebnf,sqlite-3.31.1,1,1115,23892,151,186288
ebnf_sqlite-3.31.1_run1,ebnf,sqlite-3.31.1,1,1116,23892,151,186446
ebnf_sqlite-3.31.1_run1,ebnf,sqlite-3.31.1,1,1117,23892,151,186600
ebnf_sqlite-3.31.1_run1,ebnf,sqlite-3.31.1,1,1118,23892,151,186713
ebnf_sqlite-3.31.1_run1,ebnf,sqlite-3.31.1,1,1119,23892,151,186713
ebnf_sqlite-3.31.1_run1,ebnf,sqlite-3.31.1,1,1120,23892,151,186913
ebnf_sqlite-3.31.1_run1,ebnf,sqlite-3.31.1,1,1121,23892,151,186913
ebnf_sqlite-3.31.1_run1,ebnf,sqlite-3.31.1,1,1122,23892,151,186913
ebnf_sqlite-3.31.1_run1,ebnf,sqlite-3.31.1,1,1123,23892,151,187113
ebnf_sqlite-3.31.1_run1,ebnf,sqlite-3.31.1,1,1124,23892,151,187113
ebnf_sqlite-3.31.1_run1,ebnf,sqlite-3.31.1,1,1125,23892,151,187113
ebnf_sqlite-3.31.1_run1,ebnf,sqlite-3.31.1,1,1126,23892,151,187313
ebnf_sqlite-3.31.1_run1,ebnf,sqlite-3.31.1,1,1127,23892,151,187484
ebnf_sqlite-3.31.1_run1,ebnf,sqlite-3.31.1,1,1128,23892,151,187484
ebnf_sqlite-3.31.1_run1,ebnf,sqlite-3.31.1,1,1129,23892,151,187484
ebnf_sqlite-3.31.1_run1,ebnf,sqlite-3.31.1,1,1130,23892,151,187484
ebnf_sqlite-3.31.1_run1,ebnf,sqlite-3.31.1,1,1131,23892,151,187484
ebnf_sqlite-3.31.1_run1,ebnf,sqlite-3.31.1,1,1132,23892,151,187484
ebnf_sqlite-3.31.1_run1,ebnf,sqlite-3.31.1,1,1133,23892,151,187802
ebnf_sqlite-3.31.1_run1,ebnf,sqlite-3.31.1,1,1134,23892,151,187930
ebnf_sqlite-3.31.1_run1,ebnf,sqlite-3.31.1,1,1135,23892,151,188157
ebnf_sqlite-3.31.1_run1,ebnf,sqlite-3.31.1,1,1136,23892,151,188360
ebnf_sqlite-3.31.1_run1,ebnf,sqlite-3.31.1,1,1137,23892,151,188478
ebnf_sqlite-3.31.1_run1,ebnf,sqlite-3.31.1,1,1138,23892,151,188639
ebnf_sqlite-3.31.1_run1,ebnf,sqlite-3.31.1,1,1139,23892,151,188774
ebnf_sqlite-3.31.1_run1,ebnf,sqlite-3.31.1,1,1140,23892,151,188913
ebnf_sqlite-3.31.1_run1,ebnf,sqlite-3.31.1,1,1141,23892,151,189086
ebnf_sqlite-3.31.1_run1,ebnf,sqlite-3.31.1,1,1142,23892,151,189425
ebnf_sqlite-3.31.1_run1,ebnf,sqlite-3.31.1,1,1143,23892,151,189554
ebnf_sqlite-3.31.1_run1,ebnf,sqlite-3.31.1,1,1144,23892,151,189731
ebnf_sqlite-3.31.1_run1,ebnf,sqlite-3.31.1,1,1145,23892,151,189731
ebnf_sqlite-3.31.1_run1,ebnf,sqlite-3.31.1,1,1146,23892,151,190045
ebnf_sqlite-3.31.1_run1,ebnf,sqlite-3.31.1,1,1147,23892,151,190205
ebnf_sqlite-3.31.1_run1,ebnf,sqlite-3.31.1,1,1148,23892,152,190326
ebnf_sqlite-3.31.1_run1,ebnf,sqlite-3.31.1,1,1149,23892,152,190326
ebnf_sqlite-3.31.1_run1,ebnf,sqlite-3.31.1,1,1150,23892,152,190436
ebnf_sqlite-3.31.1_run1,ebnf,sqlite-3.31.1,1,1151,23892,153,190590
ebnf_sqlite-3.31.1_run1,ebnf,sqlite-3.31.1,1,1152,23892,153,190704
ebnf_sqlite-3.31.1_run1,ebnf,sqlite-3.31.1,1,1153,23892,153,190851
ebnf_sqlite-3.31.1_run1,ebnf,sqlite-3.31.1,1,1154,23894,153,191089
ebnf_sqlite-3.31.1_run1,ebnf,sqlite-3.31.1,1,1155,23894,153,191264
ebnf_sqlite-3.31.1_run1,ebnf,sqlite-3.31.1,1,1156,23894,153,191583
ebnf_sqlite-3.31.1_run1,ebnf,sqlite-3.31.1,1,1157,23896,153,191740
ebnf_sqlite-3.31.1_run1,ebnf,sqlite-3.31.1,1,1158,23904,153,191988
ebnf_sqlite-3.31.1_run1,ebnf,sqlite-3.31.1,1,1159,23904,153,192134
ebnf_sqlite-3.31.1_run1,ebnf,sqlite-3.31.1,1,1160,23904,153,192287
ebnf_sqlite-3.31.1_run1,ebnf,sqlite-3.31.1,1,1161,23904,153,192466
ebnf_sqlite-3.31.1_run1,ebnf,sqlite-3.31.1,1,1162,23904,153,192788
ebnf_sqlite-3.31.1_run1,ebnf,sqlite-3.31.1,1,1163,23904,153,192923
ebnf_sqlite-3.31.1_run1,ebnf,sqlite-3.31.1,1,1164,23938,153,193220
ebnf_sqlite-3.31.1_run1,ebnf,sqlite-3.31.1,1,1165,23963,153,193280
ebnf_sqlite-3.31.1_run1,ebnf,sqlite-3.31.1,1,1166,23963,153,193502
ebnf_sqlite-3.31.1_run1,ebnf,sqlite-3.31.1,1,1167,23963,153,193671
ebnf_sqlite-3.31.1_run1,ebnf,sqlite-3.31.1,1,1168,24091,153,193852
ebnf_sqlite-3.31.1_run1,ebnf,sqlite-3.31.1,1,1169,24091,153,194033
ebnf_sqlite-3.31.1_run1,ebnf,sqlite-3.31.1,1,1170,24091,153,194351
ebnf_sqlite-3.31.1_run1,ebnf,sqlite-3.31.1,1,1171,24091,153,194499
ebnf_sqlite-3.31.1_run1,ebnf,sqlite-3.31.1,1,1172,24091,154,194584
ebnf_sqlite-3.31.1_run1,ebnf,sqlite-3.31.1,1,1173,24091,154,194738
ebnf_sqlite-3.31.1_run1,ebnf,sqlite-3.31.1,1,1174,24091,155,194754
ebnf_sqlite-3.31.1_run1,ebnf,sqlite-3.31.1,1,1175,24094,155,194942
ebnf_sqlite-3.31.1_run1,ebnf,sqlite-3.31.1,1,1176,24132,155,195190
ebnf_sqlite-3.31.1_run1,ebnf,sqlite-3.31.1,1,1177,24134,155,195311
ebnf_sqlite-3.31.1_run1,ebnf,sqlite-3.31.1,1,1178,24134,155,195458
ebnf_sqlite-3.31.1_run1,ebnf,sqlite-3.31.1,1,1179,24134,155,195710
ebnf_sqlite-3.31.1_run1,ebnf,sqlite-3.31.1,1,1180,24155,155,195842
ebnf_sqlite-3.31.1_run1,ebnf,sqlite-3.31.1,1,1181,24155,155,195994
ebnf_sqlite-3.31.1_run1,ebnf,sqlite-3.31.1,1,1182,24155,156,196141
ebnf_sqlite-3.31.1_run1,ebnf,sqlite-3.31.1,1,1183,24155,156,196281
ebnf_sqlite-3.31.1_run1,ebnf,sqlite-3.31.1,1,1184,24156,156,196438
ebnf_sqlite-3.31.1_run1,ebnf,sqlite-3.31.1,1,1185,24156,156,196608
ebnf_sqlite-3.31.1_run1,ebnf,sqlite-3.31.1,1,1186,24156,156,196889
ebnf_sqlite-3.31.1_run1,ebnf,sqlite-3.31.1,1,1187,24158,156,197058
ebnf_sqlite-3.31.1_run1,ebnf,sqlite-3.31.1,1,1188,24158,156,197075
ebnf_sqlite-3.31.1_run1,ebnf,sqlite-3.31.1,1,1189,24158,157,197236
ebnf_sqlite-3.31.1_run1,ebnf,sqlite-3.31.1,1,1190,24158,157,197362
ebnf_sqlite-3.31.1_run1,ebnf,sqlite-3.31.1,1,1191,24158,158,197484
ebnf_sqlite-3.31.1_run1,ebnf,sqlite-3.31.1,1,1192,24158,158,197609
ebnf_sqlite-3.31.1_run1,ebnf,sqlite-3.31.1,1,1193,24158,158,197862
ebnf_sqlite-3.31.1_run1,ebnf,sqlite-3.31.1,1,1194,24158,158,197987
ebnf_sqlite-3.31.1_run1,ebnf,sqlite-3.31.1,1,1195,24158,158,198295
ebnf_sqlite-3.31.1_run1,ebnf,sqlite-3.31.1,1,1196,24158,158,198501
ebnf_sqlite-3.31.1_run1,ebnf,sqlite-3.31.1,1,1197,24158,158,198623
ebnf_sqlite-3.31.1_run1,ebnf,sqlite-3.31.1,1,1198,24158,158,198928
ebnf_sqlite-3.31.1_run1,ebnf,sqlite-3.31.1,1,1199,24168,158,199217
ebnf_sqlite-3.31.1_run1,ebnf,sqlite-3.31.1,1,1200,24174,158,199466
ebnf_sqlite-3.31.1_run1,ebnf,sqlite-3.31.1,1,1201,24182,158,199718
ebnf_sqlite-3.31.1_run1,ebnf,sqlite-3.31.1,1,1202,24182,158,199910
ebnf_sqlite-3.31.1_run1,ebnf,sqlite-3.31.1,1,1203,24182,158,200072
ebnf_sqlite-3.31.1_run1,ebnf,sqlite-3.31.1,1,1204,24182,158,200351
ebnf_sqlite-3.31.1_run1,ebnf,sqlite-3.31.1,1,1205,24182,158,200481
ebnf_sqlite-3.31.1_run1,ebnf,sqlite-3.31.1,1,1206,24182,158,200667
ebnf_sqlite-3.31.1_run1,ebnf,sqlite-3.31.1,1,1207,24182,158,200947
ebnf_sqlite-3.31.1_run1,ebnf,sqlite-3.31.1,1,1208,24182,158,201233
ebnf_sqlite-3.31.1_run1,ebnf,sqlite-3.31.1,1,1209,24182,158,201363
ebnf_sqlite-3.31.1_run1,ebnf,sqlite-3.31.1,1,1210,24182,158,201615
ebnf_sqlite-3.31.1_run1,ebnf,sqlite-3.31.1,1,1211,24184,158,201740
ebnf_sqlite-3.31.1_run1,ebnf,sqlite-3.31.1,1,1212,24184,158,201907
ebnf_sqlite-3.31.1_run1,ebnf,sqlite-3.31.1,1,1213,24190,158,202175
ebnf_sqlite-3.31.1_run1,ebnf,sqlite-3.31.1,1,1214,24193,158,202358
ebnf_sqlite-3.31.1_run1,ebnf,sqlite-3.31.1,1,1215,24193,158,202511
ebnf_sqlite-3.31.1_run1,ebnf,sqlite-3.31.1,1,1216,24193,158,202712
ebnf_sqlite-3.31.1_run1,ebnf,sqlite-3.31.1,1,1217,24193,158,202916
ebnf_sqlite-3.31.1_run1,ebnf,sqlite-3.31.1,1,1218,24193,158,203101
ebnf_sqlite-3.31.1_run1,ebnf,sqlite-3.31.1,1,1219,24193,158,203260
ebnf_sqlite-3.31.1_run1,ebnf,sqlite-3.31.1,1,1220,24193,158,203400
ebnf_sqlite-3.31.1_run1,ebnf,sqlite-3.31.1,1,1221,24193,158,203558
ebnf_sqlite-3.31.1_run1,ebnf,sqlite-3.31.1,1,1222,24193,158,203797
ebnf_sqlite-3.31.1_run1,ebnf,sqlite-3.31.1,1,1223,24193,158,203923
ebnf_sqlite-3.31.1_run1,ebnf,sqlite-3.31.1,1,1224,24193,158,204077
ebnf_sqlite-3.31.1_run1,ebnf,sqlite-3.31.1,1,1225,24193,158,204231
ebnf_sqlite-3.31.1_run1,ebnf,sqlite-3.31.1,1,1226,24193,158,204450
ebnf_sqlite-3.31.1_run1,ebnf,sqlite-3.31.1,1,1227,24193,158,204450
ebnf_sqlite-3.31.1_run1,ebnf,sqlite-3.31.1,1,1228,24193,158,204450
ebnf_sqlite-3.31.1_run1,ebnf,sqlite-3.31.1,1,1229,24193,158,204450
ebnf_sqlite-3.31.1_run1,ebnf,sqlite-3.31.1,1,1230,24193,158,204450
ebnf_sqlite-3.31.1_run1,ebnf,sqlite-3.31.1,1,1231,24193,158,205186
ebnf_sqlite-3.31.1_run1,ebnf,sqlite-3.31.1,1,1232,24193,158,205351
ebnf_sqlite-3.31.1_run1,ebnf,sqlite-3.31.1,1,1233,24193,158,205633
ebnf_sqlite-3.31.1_run1,ebnf,sqlite-3.31.1,1,1234,24193,158,205749
ebnf_sqlite-3.31.1_run1,ebnf,sqlite-3.31.1,1,1235,24193,158,205950
ebnf_sqlite-3.31.1_run1,ebnf,sqlite-3.31.1,1,1236,24193,158,206101
ebnf_sqlite-3.31.1_run1,ebnf,sqlite-3.31.1,1,1237,24193,158,206378
ebnf_sqlite-3.31.1_run1,ebnf,sqlite-3.31.1,1,1238,24193,158,206548
ebnf_sqlite-3.31.1_run1,ebnf,sqlite-3.31.1,1,1239,24193,158,206633
ebnf_sqlite-3.31.1_run1,ebnf,sqlite-3.31.1,1,1240,24193,159,206797
ebnf_sqlite-3.31.1_run1,ebnf,sqlite-3.31.1,1,1241,24204,159,206945
ebnf_sqlite-3.31.1_run1,ebnf,sqlite-3.31.1,1,1242,24205,159,207121
ebnf_sqlite-3.31.1_run1,ebnf,sqlite-3.31.1,1,1243,24205,159,207144
ebnf_sqlite-3.31.1_run1,ebnf,sqlite-3.31.1,1,1244,24208,159,207283
ebnf_sqlite-3.31.1_run1,ebnf,sqlite-3.31.1,1,1245,24208,159,207593
ebnf_sqlite-3.31.1_run1,ebnf,sqlite-3.31.1,1,1246,24208,159,207824
ebnf_sqlite-3.31.1_run1,ebnf,sqlite-3.31.1,1,1247,24208,159,207948
ebnf_sqlite-3.31.1_run1,ebnf,sqlite-3.31.1,1,1248,24208,159,208039
ebnf_sqlite-3.31.1_run1,ebnf,sqlite-3.31.1,1,1249,24208,160,208178
ebnf_sqlite-3.31.1_run1,ebnf,sqlite-3.31.1,1,1250,24208,160,208349
ebnf_sqlite-3.31.1_run1,ebnf,sqlite-3.31.1,1,1251,24208,160,208592
ebnf_sqlite-3.31.1_run1,ebnf,sqlite-3.31.1,1,1252,24213,160,208843
ebnf_sqlite-3.31.1_run1,ebnf,sqlite-3.31.1,1,1253,24219,160,209014
ebnf_sqlite-3.31.1_run1,ebnf,sqlite-3.31.1,1,1254,24219,160,209388
ebnf_sqlite-3.31.1_run1,ebnf,sqlite-3.31.1,1,1255,24222,160,209604
ebnf_sqlite-3.31.1_run1,ebnf,sqlite-3.31.1,1,1256,24223,160,209981
ebnf_sqlite-3.31.1_run1,ebnf,sqlite-3.31.1,1,1257,24223,160,210144
ebnf_sqlite-3.31.1_run1,ebnf,sqlite-3.31.1,1,1258,24229,161,210356
ebnf_sqlite-3.31.1_run1,ebnf,sqlite-3.31.1,1,1259,24242,161,210672
ebnf_sqlite-3.31.1_run1,ebnf,sqlite-3.31.1,1,1260,24242,161,210851
ebnf_sqlite-3.31.1_run1,ebnf,sqlite-3.31.1,1,1261,24242,161,211111
ebnf_sqlite-3.31.1_run1,ebnf,sqlite-3.31.1,1,1262,24242,161,211390
ebnf_sqlite-3.31.1_run1,ebnf,sqlite-3.31.1,1,1263,24242,161,211556
ebnf_sqlite-3.31.1_run1,ebnf,sqlite-3.31.1,1,1264,24242,161,211768
ebnf_sqlite-3.31.1_run1,ebnf,sqlite-3.31.1,1,1265,24242,161,211880
ebnf_sqlite-3.31.1_run1,ebnf,sqlite-3.31.1,1,1266,24266,161,212170
ebnf_sqlite-3.31.1_run1,ebnf,sqlite-3.31.1,1,1267,24266,161,212313
ebnf_sqlite-3.31.1_run1,ebnf,sqlite-3.31.1,1,1268,24269,161,212313
ebnf_sqlite-3.31.1_run1,ebnf,sqlite-3.31.1,1,1269,24271,161,212675
ebnf_sqlite-3.31.1_run1,ebnf,sqlite-3.31.1,1,1270,24271,161,212832
ebnf_sqlite-3.31.1_run1,ebnf,sqlite-3.31.1,1,1271,24271,161,213121
ebnf_sqlite-3.31.1_run1,ebnf,sqlite-3.31.1,1,1272,24271,161,213276
ebnf_sqlite-3.31.1_run1,ebnf,sqlite-3.31.1,1,1273,24271,162,213438
ebnf_sqlite-3.31.1_run1,ebnf,sqlite-3.31.1,1,1274,24271,162,213575
ebnf_sqlite-3.31.1_run1,ebnf,sqlite-3.31.1,1,1275,24271,162,213834
ebnf_sqlite-3.31.1_run1,ebnf,sqlite-3.31.1,1,1276,24271,162,213970
ebnf_sqlite-3.31.1_run1,ebnf,sqlite-3.31.1,1,1277,24271,162,214098
ebnf_sqlite-3.31.1_run1,ebnf,sqlite-3.31.1,1,1278,24281,162,214235
ebnf_sqlite-3.31.1_run1,ebnf,sqlite-3.31.1,1,1279,24281,162,214414
ebnf_sqlite-3.31.1_run1,ebnf,sqlite-3.31.1,1,1280,24281,162,214561
ebnf_sqlite-3.31.1_run1,ebnf,sqlite-3.31.1,1,1281,24281,162,214856
ebnf_sqlite-3.31.1_run1,ebnf,sqlite-3.31.1,1,1282,24282,162,215032
ebnf_sqlite-3.31.1_run1,ebnf,sqlite-3.31.1,1,1283,24308,162,215048
ebnf_sqlite-3.31.1_run1,ebnf,sqlite-3.31.1,1,1284,24308,162,215295
ebnf_sqlite-3.31.1_run1,ebnf,sqlite-3.31.1,1,1285,24308,162,215468
ebnf_sqlite-3.31.1_run1,ebnf,sqlite-3.31.1,1,1286,24308,162,215651
ebnf_sqlite-3.31.1_run1,ebnf,sqlite-3.31.1,1,1287,24378,162,215858
ebnf_sqlite-3.31.1_run1,ebnf,sqlite-3.31.1,1,1288,24378,162,215869
ebnf_sqlite-3.31.1_run1,ebnf,sqlite-3.31.1,1,1289,24379,162,216193
ebnf_sqlite-3.31.1_run1,ebnf,sqlite-3.31.1,1,1290,24379,162,216308
ebnf_sqlite-3.31.1_run1,ebnf,sqlite-3.31.1,1,1291,24379,162,216477
ebnf_sqlite-3.31.1_run1,ebnf,sqlite-3.31.1,1,1292,24379,162,216662
ebnf_sqlite-3.31.1_run1,ebnf,sqlite-3.31.1,1,1293,24391,162,216829
ebnf_sqlite-3.31.1_run1,ebnf,sqlite-3.31.1,1,1294,24392,162,217049
ebnf_sqlite-3.31.1_run1,ebnf,sqlite-3.31.1,1,1295,24392,162,217211
ebnf_sqlite-3.31.1_run1,ebnf,sqlite-3.31.1,1,1296,24392,162,217383
ebnf_sqlite-3.31.1_run1,ebnf,sqlite-3.31.1,1,1297,24414,162,217541
ebnf_sqlite-3.31.1_run1,ebnf,sqlite-3.31.1,1,1298,24415,162,217890
ebnf_sqlite-3.31.1_run1,ebnf,sqlite-3.31.1,1,1299,24418,162,218067
ebnf_sqlite-3.31.1_run1,ebnf,sqlite-3.31.1,1,1300,24427,162,218270
ebnf_sqlite-3.31.1_run1,ebnf,sqlite-3.31.1,1,1301,24427,162,218299
ebnf_sqlite-3.31.1_run1,ebnf,sqlite-3.31.1,1,1302,24427,164,218452
ebnf_sqlite-3.31.1_run1,ebnf,sqlite-3.31.1,1,1303,24427,164,218548
ebnf_sqlite-3.31.1_run1,ebnf,sqlite-3.31.1,1,1304,24427,164,218702
ebnf_sqlite-3.31.1_run1,ebnf,sqlite-3.31.1,1,1305,24427,164,218834
ebnf_sqlite-3.31.1_run1,ebnf,sqlite-3.31.1,1,1306,24427,164,218990
ebnf_sqlite-3.31.1_run1,ebnf,sqlite-3.31.1,1,1307,24427,164,219120
ebnf_sqlite-3.31.1_run1,ebnf,sqlite-3.31.1,1,1308,24427,165,219279
ebnf_sqlite-3.31.1_run1,ebnf,sqlite-3.31.1,1,1309,24427,165,219290
ebnf_sqlite-3.31.1_run1,ebnf,sqlite-3.31.1,1,1310,24428,165,219615
ebnf_sqlite-3.31.1_run1,ebnf,sqlite-3.31.1,1,1311,24428,165,219841
ebnf_sqlite-3.31.1_run1,ebnf,sqlite-3.31.1,1,1312,24428,165,219997
ebnf_sqlite-3.31.1_run1,ebnf,sqlite-3.31.1,1,1313,24428,165,220137
ebnf_sqlite-3.31.1_run1,ebnf,sqlite-3.31.1,1,1314,24428,165,220317
ebnf_sqlite-3.31.1_run1,ebnf,sqlite-3.31.1,1,1315,24428,165,220642
ebnf_sqlite-3.31.1_run1,ebnf,sqlite-3.31.1,1,1316,24428,165,220848
ebnf_sqlite-3.31.1_run1,ebnf,sqlite-3.31.1,1,1317,24428,165,220980
ebnf_sqlite-3.31.1_run1,ebnf,sqlite-3.31.1,1,1318,24443,165,220980
ebnf_sqlite-3.31.1_run1,ebnf,sqlite-3.31.1,1,1319,24443,165,220980
ebnf_sqlite-3.31.1_run1,ebnf,sqlite-3.31.1,1,1320,24443,165,220980
ebnf_sqlite-3.31.1_run1,ebnf,sqlite-3.31.1,1,1321,24443,165,220980
ebnf_sqlite-3.31.1_run1,ebnf,sqlite-3.31.1,1,1322,24443,165,220980
ebnf_sqlite-3.31.1_run1,ebnf,sqlite-3.31.1,1,1323,24443,165,221185
ebnf_sqlite-3.31.1_run1,ebnf,sqlite-3.31.1,1,1324,24443,165,221185
ebnf_sqlite-3.31.1_run1,ebnf,sqlite-3.31.1,1,1325,24443,165,221384
ebnf_sqlite-3.31.1_run1,ebnf,sqlite-3.31.1,1,1326,24458,165,221567
ebnf_sqlite-3.31.1_run1,ebnf,sqlite-3.31.1,1,1327,24458,165,221567
ebnf_sqlite-3.31.1_run1,ebnf,sqlite-3.31.1,1,1328,24458,165,221567
ebnf_sqlite-3.31.1_run1,ebnf,sqlite-3.31.1,1,1329,24458,165,221772
ebnf_sqlite-3.31.1_run1,ebnf,sqlite-3.31.1,1,1330,24458,165,221971
ebnf_sqlite-3.31.1_run1,ebnf,sqlite-3.31.1,1,1331,24458,165,221971
ebnf_sqlite-3.31.1_run1,ebnf,sqlite-3.31.1,1,1332,24458,165,222107
ebnf_sqlite-3.31.1_run1,ebnf,sqlite-3.31.1,1,1333,24458,165,222107
ebnf_sqlite-3.31.1_run1,ebnf,sqlite-3.31.1,1,1334,24458,165,222270
ebnf_sqlite-3.31.1_run1,ebnf,sqlite-3.31.1,1,1335,24458,165,222543
ebnf_sqlite-3.31.1_run1,ebnf,sqlite-3.31.1,1,1336,24458,165,222825
ebnf_sqlite-3.31.1_run1,ebnf,sqlite-3.31.1,1,1337,24458,165,222994
ebnf_sqlite-3.31.1_run1,ebnf,sqlite-3.31.1,1,1338,24459,165,223239
ebnf_sqlite-3.31.1_run1,ebnf,sqlite-3.31.1,1,1339,24460,165,223409
ebnf_sqlite-3.31.1_run1,ebnf,sqlite-3.31.1,1,1340,24460,166,223565
ebnf_sqlite-3.31.1_run1,ebnf,sqlite-3.31.1,1,1341,24460,166,223730
ebnf_sqlite-3.31.1_run1,ebnf,sqlite-3.31.1,1,1342,24461,166,224071
ebnf_sqlite-3.31.1_run1,ebnf,sqlite-3.31.1,1,1343,24462,166,224401
ebnf_sqlite-3.31.1_run1,ebnf,sqlite-3.31.1,1,1344,24463,166,224620
ebnf_sqlite-3.31.1_run1,ebnf,sqlite-3.31.1,1,1345,24463,166,224785
ebnf_sqlite-3.31.1_run1,ebnf,sqlite-3.31.1,1,1346,24464,166,224935
ebnf_sqlite-3.31.1_run1,ebnf,sqlite-3.31.1,1,1347,24473,167,225119
ebnf_sqlite-3.31.1_run1,ebnf,sqlite-3.31.1,1,1348,24473,167,225240
ebnf_sqlite-3.31.1_run1,ebnf,sqlite-3.31.1,1,1349,24473,167,225410
ebnf_sqlite-3.31.1_run1,ebnf,sqlite-3.31.1,1,1350,24473,168,225596
ebnf_sqlite-3.31.1_run1,ebnf,sqlite-3.31.1,1,1351,24477,169,225596
ebnf_sqlite-3.31.1_run1,ebnf,sqlite-3.31.1,1,1352,24481,169,225810
ebnf_sqlite-3.31.1_run1,ebnf,sqlite-3.31.1,1,1353,24481,169,226047
ebnf_sqlite-3.31.1_run1,ebnf,sqlite-3.31.1,1,1354,24481,169,226382
ebnf_sqlite-3.31.1_run1,ebnf,sqlite-3.31.1,1,1355,24481,169,226382
ebnf_sqlite-3.31.1_run1,ebnf,sqlite-3.31.1,1,1356,24481,170,226576
ebnf_sqlite-3.31.1_run1,ebnf,sqlite-3.31.1,1,1357,24487,170,226737
ebnf_sqlite-3.31.1_run1,ebnf,sqlite-3.31.1,1,1358,24487,170,227046
ebnf_sqlite-3.31.1_run1,ebnf,sqlite-3.31.1,1,1359,24495,170,227189
ebnf_sqlite-3.31.1_run1,ebnf,sqlite-3.31.1,1,1360,24495,170,227357
ebnf_sqlite-3.31.1_run1,ebnf,sqlite-3.31.1,1,1361,24495,170,227623
ebnf_sqlite-3.31.1_run1,ebnf,sqlite-3.31.1,1,1362,24495,170,227764
ebnf_sqlite-3.31.1_run1,ebnf,sqlite-3.31.1,1,1363,24498,170,228027
ebnf_sqlite-3.31.1_run1,ebnf,sqlite-3.31.1,1,1364,24498,170,228129
ebnf_sqlite-3.31.1_run1,ebnf,sqlite-3.31.1,1,1365,24498,170,228129
ebnf_sqlite-3.31.1_run1,ebnf,sqlite-3.31.1,1,1366,24498,170,228415
ebnf_sqlite-3.31.1_run1,ebnf,sqlite-3.31.1,1,1367,24498,170,228647
ebnf_sqlite-3.31.1_run1,ebnf,sqlite-3.31.1,1,1368,24498,170,228774
ebnf_sqlite-3.31.1_run1,ebnf,sqlite-3.31.1,1,1369,24498,170,229163
ebnf_sqlite-3.31.1_run1,ebnf,sqlite-3.31.1,1,1370,24498,170,229439
ebnf_sqlite-3.31.1_run1,ebnf,sqlite-3.31.1,1,1371,24498,170,229575
ebnf_sqlite-3.31.1_run1,ebnf,sqlite-3.31.1,1,1372,24502,170,229856
ebnf_sqlite-3.31.1_run1,ebnf,sqlite-3.31.1,1,1373,24502,170,229968
ebnf_sqlite-3.31.1_run1,ebnf,sqlite-3.31.1,1,1374,24503,170,230262
ebnf_sqlite-3.31.1_run1,ebnf,sqlite-3.31.1,1,1375,24520,170,230427
ebnf_sqlite-3.31.1_run1,ebnf,sqlite-3.31.1,1,1376,24541,170,230663
ebnf_sqlite-3.31.1_run1,ebnf,sqlite-3.31.1,1,1377,24541,170,230862
ebnf_sqlite-3.31.1_run1,ebnf,sqlite-3.31.1,1,1378,24541,170,230986
ebnf_sqlite-3.31.1_run1,ebnf,sqlite-3.31.1,1,1379,24541,170,231256
ebnf_sqlite-3.31.1_run1,ebnf,sqlite-3.31.1,1,1380,24541,170,231420
ebnf_sqlite-3.31.1_run1,ebnf,sqlite-3.31.1,1,1381,24541,170,231705
ebnf_sqlite-3.31.1_run1,ebnf,sqlite-3.31.1,1,1382,24541,170,232063
ebnf_sqlite-3.31.1_run1,ebnf,sqlite-3.31.1,1,1383,24541,170,232247
ebnf_sqlite-3.31.1_run1,ebnf,sqlite-3.31.1,1,1384,24541,170,232608
ebnf_sqlite-3.31.1_run1,ebnf,sqlite-3.31.1,1,1385,24541,170,232778
ebnf_sqlite-3.31.1_run1,ebnf,sqlite-3.31.1,1,1386,24541,170,233094
ebnf_sqlite-3.31.1_run1,ebnf,sqlite-3.31.1,1,1387,24541,170,233276
ebnf_sqlite-3.31.1_run1,ebnf,sqlite-3.31.1,1,1388,24542,170,233442
ebnf_sqlite-3.31.1_run1,ebnf,sqlite-3.31.1,1,1389,24543,170,233818
ebnf_sqlite-3.31.1_run1,ebnf,sqlite-3.31.1,1,1390,24549,170,234032
ebnf_sqlite-3.31.1_run1,ebnf,sqlite-3.31.1,1,1391,24549,170,234213
ebnf_sqlite-3.31.1_run1,ebnf,sqlite-3.31.1,1,1392,24552,170,234579
ebnf_sqlite-3.31.1_run1,ebnf,sqlite-3.31.1,1,1393,24557,170,234763
ebnf_sqlite-3.31.1_run1,ebnf,sqlite-3.31.1,1,1394,24673,170,234763
ebnf_sqlite-3.31.1_run1,ebnf,sqlite-3.31.1,1,1395,24679,170,235069
ebnf_sqlite-3.31.1_run1,ebnf,sqlite-3.31.1,1,1396,24679,170,235285
ebnf_sqlite-3.31.1_run1,ebnf,sqlite-3.31.1,1,1397,24683,170,235455
ebnf_sqlite-3.31.1_run1,ebnf,sqlite-3.31.1,1,1398,24684,170,235654
ebnf_sqlite-3.31.1_run1,ebnf,sqlite-3.31.1,1,1399,24684,170,235816
ebnf_sqlite-3.31.1_run1,ebnf,sqlite-3.31.1,1,1400,24684,170,236158
ebnf_sqlite-3.31.1_run1,ebnf,sqlite-3.31.1,1,1401,24684,170,236325
ebnf_sqlite-3.31.1_run1,ebnf,sqlite-3.31.1,1,1402,24684,170,236654
ebnf_sqlite-3.31.1_run1,ebnf,sqlite-3.31.1,1,1403,24685,170,236815
ebnf_sqlite-3.31.1_run1,ebnf,sqlite-3.31.1,1,1404,24685,170,237183
ebnf_sqlite-3.31.1_run1,ebnf,sqlite-3.31.1,1,1405,24685,170,237357
ebnf_sqlite-3.31.1_run1,ebnf,sqlite-3.31.1,1,1406,24686,170,237547
ebnf_sqlite-3.31.1_run1,ebnf,sqlite-3.31.1,1,1407,24686,170,237733
ebnf_sqlite-3.31.1_run1,ebnf,sqlite-3.31.1,1,1408,24686,170,238062
ebnf_sqlite-3.31.1_run1,ebnf,sqlite-3.31.1,1,1409,24694,170,238313
ebnf_sqlite-3.31.1_run1,ebnf,sqlite-3.31.1,1,1410,24694,170,238495
ebnf_sqlite-3.31.1_run1,ebnf,sqlite-3.31.1,1,1411,24694,170,238835
ebnf_sqlite-3.31.1_run1,ebnf,sqlite-3.31.1,1,1412,24698,170,239008
ebnf_sqlite-3.31.1_run1,ebnf,sqlite-3.31.1,1,1413,24707,170,239008
ebnf_sqlite-3.31.1_run1,ebnf,sqlite-3.31.1,1,1414,24707,170,239201
ebnf_sqlite-3.31.1_run1,ebnf,sqlite-3.31.1,1,1415,24707,170,239201
ebnf_sqlite-3.31.1_run1,ebnf,sqlite-3.31.1,1,1416,24707,170,239201
ebnf_sqlite-3.31.1_run1,ebnf,sqlite-3.31.1,1,1417,24707,170,239201
ebnf_sqlite-3.31.1_run1,ebnf,sqlite-3.31.1,1,1418,24707,170,239201
ebnf_sqlite-3.31.1_run1,ebnf,sqlite-3.31.1,1,1419,24707,170,239201
ebnf_sqlite-3.31.1_run1,ebnf,sqlite-3.31.1,1,1420,24707,170,239201
ebnf_sqlite-3.31.1_run1,ebnf,sqlite-3.31.1,1,1421,24707,170,239201
ebnf_sqlite-3.31.1_run1,ebnf,sqlite-3.31.1,1,1422,24707,170,239201
ebnf_sqlite-3.31.1_run1,ebnf,sqlite-3.31.1,1,1423,24707,170,239201
ebnf_sqlite-3.31.1_run1,ebnf,sqlite-3.31.1,1,1424,24707,170,239201
ebnf_sqlite-3.31.1_run1,ebnf,sqlite-3.31.1,1,1425,24707,170,239201
ebnf_sqlite-3.31.1_run1,ebnf,sqlite-3.31.1,1,1426,24707,170,239201
ebnf_sqlite-3.31.1_run1,ebnf,sqlite-3.31.1,1,1427,24707,170,239201
ebnf_sqlite-3.31.1_run1,ebnf,sqlite-3.31.1,1,1428,24707,170,239201
ebnf_sqlite-3.31.1_run1,ebnf,sqlite-3.31.1,1,1429,24707,170,239201
ebnf_sqlite-3.31.1_run1,ebnf,sqlite-3.31.1,1,1430,24707,170,239201
ebnf_sqlite-3.31.1_run1,ebnf,sqlite-3.31.1,1,1431,24707,170,239201
ebnf_sqlite-3.31.1_run1,ebnf,sqlite-3.31.1,1,1432,24707,170,239201
ebnf_sqlite-3.31.1_run1,ebnf,sqlite-3.31.1,1,1433,24707,170,239201
ebnf_sqlite-3.31.1_run1,ebnf,sqlite-3.31.1,1,1434,24707,170,239201
ebnf_sqlite-3.31.1_run1,ebnf,sqlite-3.31.1,1,1435,24707,170,239201
ebnf_sqlite-3.31.1_run1,ebnf,sqlite-3.31.1,1,1436,24707,170,239201
ebnf_sqlite-3.31.1_run1,ebnf,sqlite-3.31.1,1,1437,24707,170,239201
ebnf_sqlite-3.31.1_run1,ebnf,sqlite-3.31.1,1,1438,24707,170,239201
ebnf_sqlite-3.31.1_run1,ebnf,sqlite-3.31.1,1,1439,24707,170,239201
ebnf_sqlite-3.31.1_run1,ebnf,sqlite-3.31.1,1,1440,24707,170,239201
ebnf_sqlite-3.31.1_run1,ebnf,sqlite-3.31.1,1,1441,24707,170,239201
ebnf_sqlite-3.31.1_run1,ebnf,sqlite-3.31.1,1,1442,24707,170,239201
ebnf_sqlite-3.31.1_run1,ebnf,sqlite-3.31.1,1,1443,24707,170,239201
ebnf_sqlite-3.31.1_run1,ebnf,sqlite-3.31.1,1,1444,24707,170,239201
ebnf_sqlite-3.31.1_run1,ebnf,sqlite-3.31.1,1,1445,24707,170,239201
ebnf_sqlite-3.31.1_run1,ebnf,sqlite-3.31.1,1,1446,24707,170,239201
ebnf_sqlite-3.31.1_run1,ebnf,sqlite-3.31.1,1,1447,24707,170,239201
ebnf_sqlite-3.31.1_run1,ebnf,sqlite-3.31.1,1,1448,24707,170,239201
ebnf_sqlite-3.31.1_run1,ebnf,sqlite-3.31.1,1,1449,24707,170,239201
ebnf_sqlite-3.31.1_run1,ebnf,sqlite-3.31.1,1,1450,24707,170,239201
ebnf_sqlite-3.31.1_run1,ebnf,sqlite-3.31.1,1,1451,24707,170,239201
ebnf_sqlite-3.31.1_run1,ebnf,sqlite-3.31.1,1,1452,24707,170,239201
ebnf_sqlite-3.31.1_run1,ebnf,sqlite-3.31.1,1,1453,24707,170,239201
ebnf_sqlite-3.31.1_run1,ebnf,sqlite-3.31.1,1,1454,24707,170,239201
ebnf_sqlite-3.31.1_run1,ebnf,sqlite-3.31.1,1,1455,24707,170,239201
ebnf_sqlite-3.31.1_run1,ebnf,sqlite-3.31.1,1,1456,24707,170,239201
ebnf_sqlite-3.31.1_run1,ebnf,sqlite-3.31.1,1,1457,24707,170,239201
ebnf_sqlite-3.31.1_run1,ebnf,sqlite-3.31.1,1,1458,24707,170,239201
ebnf_sqlite-3.31.1_run1,ebnf,sqlite-3.31.1,1,1459,24707,170,239201
ebnf_sqlite-3.31.1_run1,ebnf,sqlite-3.31.1,1,1460,24707,170,239201
ebnf_sqlite-3.31.1_run1,ebnf,sqlite-3.31.1,1,1461,24707,170,239201
ebnf_sqlite-3.31.1_run1,ebnf,sqlite-3.31.1,1,1462,24707,170,239201
ebnf_sqlite-3.31.1_run1,ebnf,sqlite-3.31.1,1,1463,24707,170,239201
ebnf_sqlite-3.31.1_run1,ebnf,sqlite-3.31.1,1,1464,24707,170,239201
ebnf_sqlite-3.31.1_run1,ebnf,sqlite-3.31.1,1,1465,24707,170,239201
ebnf_sqlite-3.31.1_run1,ebnf,sqlite-3.31.1,1,1466,24707,170,239201
ebnf_sqlite-3.31.1_run1,ebnf,sqlite-3.31.1,1,1467,24707,170,239201
ebnf_sqlite-3.31.1_run1,ebnf,sqlite-3.31.1,1,1468,24707,170,239201
ebnf_sqlite-3.31.1_run1,ebnf,sqlite-3.31.1,1,1469,24707,170,239726
ebnf_sqlite-3.31.1_run1,ebnf,sqlite-3.31.1,1,1470,24707,170,239954
ebnf_sqlite-3.31.1_run1,ebnf,sqlite-3.31.1,1,1471,24707,170,240109
ebnf_sqlite-3.31.1_run1,ebnf,sqlite-3.31.1,1,1472,24708,170,240272
ebnf_sqlite-3.31.1_run1,ebnf,sqlite-3.31.1,1,1473,24708,170,240607
ebnf_sqlite-3.31.1_run1,ebnf,sqlite-3.31.1,1,1474,24708,170,240770
ebnf_sqlite-3.31.1_run1,ebnf,sqlite-3.31.1,1,1475,24708,170,241102
ebnf_sqlite-3.31.1_run1,ebnf,sqlite-3.31.1,1,1476,24708,170,241258
ebnf_sqlite-3.31.1_run1,ebnf,sqlite-3.31.1,1,1477,24708,170,241418
ebnf_sqlite-3.31.1_run1,ebnf,sqlite-3.31.1,1,1478,24710,170,241587
ebnf_sqlite-3.31.1_run1,ebnf,sqlite-3.31.1,1,1479,24718,170,241957
ebnf_sqlite-3.31.1_run1,ebnf,sqlite-3.31.1,1,1480,24718,170,242145
ebnf_sqlite-3.31.1_run1,ebnf,sqlite-3.31.1,1,1481,24718,170,242324
ebnf_sqlite-3.31.1_run1,ebnf,sqlite-3.31.1,1,1482,24721,170,242690
ebnf_sqlite-3.31.1_run1,ebnf,sqlite-3.31.1,1,1483,24724,170,242778
ebnf_sqlite-3.31.1_run1,ebnf,sqlite-3.31.1,1,1484,24724,170,243159
ebnf_sqlite-3.31.1_run1,ebnf,sqlite-3.31.1,1,1485,24731,170,243469
ebnf_sqlite-3.31.1_run1,ebnf,sqlite-3.31.1,1,1486,24734,170,243757
ebnf_sqlite-3.31.1_run1,ebnf,sqlite-3.31.1,1,1487,24734,170,243958
ebnf_sqlite-3.31.1_run1,ebnf,sqlite-3.31.1,1,1488,24734,170,244309
ebnf_sqlite-3.31.1_run1,ebnf,sqlite-3.31.1,1,1489,24741,170,244490
ebnf_sqlite-3.31.1_run1,ebnf,sqlite-3.31.1,1,1490,24744,170,244719
ebnf_sqlite-3.31.1_run1,ebnf,sqlite-3.31.1,1,1491,24745,170,245160
ebnf_sqlite-3.31.1_run1,ebnf,sqlite-3.31.1,1,1492,24761,170,245396
ebnf_sqlite-3.31.1_run1,ebnf,sqlite-3.31.1,1,1493,24761,170,245583
ebnf_sqlite-3.31.1_run1,ebnf,sqlite-3.31.1,1,1494,24763,170,245933
ebnf_sqlite-3.31.1_run1,ebnf,sqlite-3.31.1,1,1495,24764,170,246153
ebnf_sqlite-3.31.1_run1,ebnf,sqlite-3.31.1,1,1496,24764,170,246325
ebnf_sqlite-3.31.1_run1,ebnf,sqlite-3.31.1,1,1497,24764,170,246652
ebnf_sqlite-3.31.1_run1,ebnf,sqlite-3.31.1,1,1498,24765,170,246822
ebnf_sqlite-3.31.1_run1,ebnf,sqlite-3.31.1,1,1499,24765,170,247089
ebnf_sqlite-3.31.1_run1,ebnf,sqlite-3.31.1,1,1500,24778,170,247269
ebnf_sqlite-3.31.1_run1,ebnf,sqlite-3.31.1,1,1501,24779,170,247481
ebnf_sqlite-3.31.1_run1,ebnf,sqlite-3.31.1,1,1502,24779,170,247481
ebnf_sqlite-3.31.1_run1,ebnf,sqlite-3.31.1,1,1503,24779,170,247481
ebnf_sqlite-3.31.1_run1,ebnf,sqlite-3.31.1,1,1504,24779,170,247481
ebnf_sqlite-3.31.1_run1,ebnf,sqlite-3.31.1,1,1505,24779,170,247481
ebnf_sqlite-3.31.1_run1,ebnf,sqlite-3.31.1,1,1506,24779,170,247481
ebnf_sqlite-3.31.1_run1,ebnf,sqlite-3.31.1,1,1507,24779,170,247481
ebnf_sqlite-3.31.1_run1,ebnf,sqlite-3.31.1,1,1508,24779,170,247685
ebnf_sqlite-3.31.1_run1,ebnf,sqlite-3.31.1,1,1509,24779,170,247791
ebnf_sqlite-3.31.1_run1,ebnf,sqlite-3.31.1,1,1510,24779,170,248150
ebnf_sqlite-3.31.1_run1,ebnf,sqlite-3.31.1,1,1511,24779,170,248302
ebnf_sqlite-3.31.1_run1,ebnf,sqlite-3.31.1,1,1512,24779,170,248623
ebnf_sqlite-3.31.1_run1,ebnf,sqlite-3.31.1,1,1513,24779,170,248819
ebnf_sqlite-3.31.1_run1,ebnf,sqlite-3.31.1,1,1514,24782,170,249165
ebnf_sqlite-3.31.1_run1,ebnf,sqlite-3.31.1,1,1515,24782,170,249495
ebnf_sqlite-3.31.1_run1,ebnf,sqlite-3.31.1,1,1516,24782,170,249682
ebnf_sqlite-3.31.1_run1,ebnf,sqlite-3.31.1,1,1517,24783,170,250026
ebnf_sqlite-3.31.1_run1,ebnf,sqlite-3.31.1,1,1518,24783,170,250243
ebnf_sqlite-3.31.1_run1,ebnf,sqlite-3.31.1,1,1519,24783,170,250592
ebnf_sqlite-3.31.1_run1,ebnf,sqlite-3.31.1,1,1520,24783,170,250784
ebnf_sqlite-3.31.1_run1,ebnf,sqlite-3.31.1,1,1521,24783,170,250784
ebnf_sqlite-3.31.1_run1,ebnf,sqlite-3.31.1,1,1522,24784,170,250976
ebnf_sqlite-3.31.1_run1,ebnf,sqlite-3.31.1,1,1523,24785,170,251208
ebnf_sqlite-3.31.1_run1,ebnf,sqlite-3.31.1,1,1524,24789,170,251587
ebnf_sqlite-3.31.1_run1,ebnf,sqlite-3.31.1,1,1525,24792,170,251751
ebnf_sqlite-3.31.1_run1,ebnf,sqlite-3.31.1,1,1526,24792,170,252098
ebnf_sqlite-3.31.1_run1,ebnf,sqlite-3.31.1,1,1527,24792,170,252282
ebnf_sqlite-3.31.1_run1,ebnf,sqlite-3.31.1,1,1528,24792,170,252451
ebnf_sqlite-3.31.1_run1,ebnf,sqlite-3.31.1,1,1529,24792,170,252823
ebnf_sqlite-3.31.1_run1,ebnf,sqlite-3.31.1,1,1530,24793,170,253005
ebnf_sqlite-3.31.1_run1,ebnf,sqlite-3.31.1,1,1531,24794,170,253360
ebnf_sqlite-3.31.1_run1,ebnf,sqlite-3.31.1,1,1532,24794,170,253553
ebnf_sqlite-3.31.1_run1,ebnf,sqlite-3.31.1,1,1533,24794,170,253744
ebnf_sqlite-3.31.1_run1,ebnf,sqlite-3.31.1,1,1534,24795,170,253916
ebnf_sqlite-3.31.1_run1,ebnf,sqlite-3.31.1,1,1535,24795,170,254112
ebnf_sqlite-3.31.1_run1,ebnf,sqlite-3.31.1,1,1536,24797,170,254467
ebnf_sqlite-3.31.1_run1,ebnf,sqlite-3.31.1,1,1537,24798,170,254673
ebnf_sqlite-3.31.1_run1,ebnf,sqlite-3.31.1,1,1538,24799,170,254835
ebnf_sqlite-3.31.1_run1,ebnf,sqlite-3.31.1,1,1539,24800,170,255045
ebnf_sqlite-3.31.1_run1,ebnf,sqlite-3.31.1,1,1540,24800,170,255196
ebnf_sqlite-3.31.1_run1,ebnf,sqlite-3.31.1,1,1541,24800,170,255353
ebnf_sqlite-3.31.1_run1,ebnf,sqlite-3.31.1,1,1542,24801,170,255558
ebnf_sqlite-3.31.1_run1,ebnf,sqlite-3.31.1,1,1543,24801,170,255701
ebnf_sqlite-3.31.1_run1,ebnf,sqlite-3.31.1,1,1544,24801,170,255987
ebnf_sqlite-3.31.1_run1,ebnf,sqlite-3.31.1,1,1545,24801,170,256115
ebnf_sqlite-3.31.1_run1,ebnf,sqlite-3.31.1,1,1546,24806,170,256413
ebnf_sqlite-3.31.1_run1,ebnf,sqlite-3.31.1,1,1547,24820,170,256456
ebnf_sqlite-3.31.1_run1,ebnf,sqlite-3.31.1,1,1548,24822,171,256697
ebnf_sqlite-3.31.1_run1,ebnf,sqlite-3.31.1,1,1549,24822,171,256862
ebnf_sqlite-3.31.1_run1,ebnf,sqlite-3.31.1,1,1550,24822,171,257021
ebnf_sqlite-3.31.1_run1,ebnf,sqlite-3.31.1,1,1551,24822,171,257166
ebnf_sqlite-3.31.1_run1,ebnf,sqlite-3.31.1,1,1552,24822,171,257508
ebnf_sqlite-3.31.1_run1,ebnf,sqlite-3.31.1,1,1553,24822,171,257679
ebnf_sqlite-3.31.1_run1,ebnf,sqlite-3.31.1,1,1554,24822,171,257836
ebnf_sqlite-3.31.1_run1,ebnf,sqlite-3.31.1,1,1555,24823,171,258144
ebnf_sqlite-3.31.1_run1,ebnf,sqlite-3.31.1,1,1556,24823,171,258173
ebnf_sqlite-3.31.1_run1,ebnf,sqlite-3.31.1,1,1557,24823,171,258173
ebnf_sqlite-3.31.1_run1,ebnf,sqlite-3.31.1,1,1558,24823,171,258173
ebnf_sqlite-3.31.1_run1,ebnf,sqlite-3.31.1,1,1559,24823,171,258173
ebnf_sqlite-3.31.1_run1,ebnf,sqlite-3.31.1,1,1560,24823,171,258173
ebnf_sqlite-3.31.1_run1,ebnf,sqlite-3.31.1,1,1561,24823,171,258546
ebnf_sqlite-3.31.1_run1,ebnf,sqlite-3.31.1,1,1562,24823,171,258546
ebnf_sqlite-3.31.1_run1,ebnf,sqlite-3.31.1,1,1563,24823,171,258732
ebnf_sqlite-3.31.1_run1,ebnf,sqlite-3.31.1,1,1564,24823,171,258912
ebnf_sqlite-3.31.1_run1,ebnf,sqlite-3.31.1,1,1565,24823,171,259242
ebnf_sqlite-3.31.1_run1,ebnf,sqlite-3.31.1,1,1566,24823,171,259406
ebnf_sqlite-3.31.1_run1,ebnf,sqlite-3.31.1,1,1567,24832,171,259572
ebnf_sqlite-3.31.1_run1,ebnf,sqlite-3.31.1,1,1568,24833,172,259749
ebnf_sqlite-3.31.1_run1,ebnf,sqlite-3.31.1,1,1569,24839,172,259831
ebnf_sqlite-3.31.1_run1,ebnf,sqlite-3.31.1,1,1570,24839,172,260013
ebnf_sqlite-3.31.1_run1,ebnf,sqlite-3.31.1,1,1571,24839,172,260350
ebnf_sqlite-3.31.1_run1,ebnf,sqlite-3.31.1,1,1572,24844,172,260535
ebnf_sqlite-3.31.1_run1,ebnf,sqlite-3.31.1,1,1573,24844,172,260770
ebnf_sqlite-3.31.1_run1,ebnf,sqlite-3.31.1,1,1574,24844,172,260906
ebnf_sqlite-3.31.1_run1,ebnf,sqlite-3.31.1,1,1575,24844,172,261078
ebnf_sqlite-3.31.1_run1,ebnf,sqlite-3.31.1,1,1576,24844,172,261405
ebnf_sqlite-3.31.1_run1,ebnf,sqlite-3.31.1,1,1577,24844,172,261578
ebnf_sqlite-3.31.1_run1,ebnf,sqlite-3.31.1,1,1578,24844,172,261755
ebnf_sqlite-3.31.1_run1,ebnf,sqlite-3.31.1,1,1579,24844,172,261924
ebnf_sqlite-3.31.1_run1,ebnf,sqlite-3.31.1,1,1580,24844,172,262214
ebnf_sqlite-3.31.1_run1,ebnf,sqlite-3.31.1,1,1581,24844,172,262366
ebnf_sqlite-3.31.1_run1,ebnf,sqlite-3.31.1,1,1582,24844,172,262527
ebnf_sqlite-3.31.1_run1,ebnf,sqlite-3.31.1,1,1583,24844,173,262709
ebnf_sqlite-3.31.1_run1,ebnf,sqlite-3.31.1,1,1585,24844,173,262867
ebnf_sqlite-3.31.1_run1,ebnf,sqlite-3.31.1,1,1586,24844,174,262867
ebnf_sqlite-3.31.1_run1,ebnf,sqlite-3.31.1,1,1587,24844,175,263069
ebnf_sqlite-3.31.1_run1,ebnf,sqlite-3.31.1,1,1588,24844,176,263069
ebnf_sqlite-3.31.1_run1,ebnf,sqlite-3.31.1,1,1589,24844,177,263246
ebnf_sqlite-3.31.1_run1,ebnf,sqlite-3.31.1,1,1590,24844,177,263289
ebnf_sqlite-3.31.1_run1,ebnf,sqlite-3.31.1,1,1591,24844,177,263451
ebnf_sqlite-3.31.1_run1,ebnf,sqlite-3.31.1,1,1592,24844,177,263761
ebnf_sqlite-3.31.1_run1,ebnf,sqlite-3.31.1,1,1593,24844,177,263949
ebnf_sqlite-3.31.1_run1,ebnf,sqlite-3.31.1,1,1594,24846,177,264117
ebnf_sqlite-3.31.1_run1,ebnf,sqlite-3.31.1,1,1595,24846,178,264117
ebnf_sqlite-3.31.1_run1,ebnf,sqlite-3.31.1,1,1596,24846,179,264283
ebnf_sqlite-3.31.1_run1,ebnf,sqlite-3.31.1,1,1597,24846,180,264333
ebnf_sqlite-3.31.1_run1,ebnf,sqlite-3.31.1,1,1598,24846,180,264531
ebnf_sqlite-3.31.1_run1,ebnf,sqlite-3.31.1,1,1599,24853,181,264715
ebnf_sqlite-3.31.1_run1,ebnf,sqlite-3.31.1,1,1600,24854,181,264886
ebnf_sqlite-3.31.1_run1,ebnf,sqlite-3.31.1,1,1601,24854,181,265058
ebnf_sqlite-3.31.1_run1,ebnf,sqlite-3.31.1,1,1602,24854,181,265384
ebnf_sqlite-3.31.1_run1,ebnf,sqlite-3.31.1,1,1603,24854,182,265549
ebnf_sqlite-3.31.1_run1,ebnf,sqlite-3.31.1,1,1604,24854,182,265567
ebnf_sqlite-3.31.1_run1,ebnf,sqlite-3.31.1,1,1605,24854,183,265747
ebnf_sqlite-3.31.1_run1,ebnf,sqlite-3.31.1,1,1606,24854,184,265771
ebnf_sqlite-3.31.1_run1,ebnf,sqlite-3.31.1,1,1607,24854,184,265930
ebnf_sqlite-3.31.1_run1,ebnf,sqlite-3.31.1,1,1608,24855,184,266136
ebnf_sqlite-3.31.1_run1,ebnf,sqlite-3.31.1,1,1609,24855,184,266343
ebnf_sqlite-3.31.1_run1,ebnf,sqlite-3.31.1,1,1610,24855,184,266644
ebnf_sqlite-3.31.1_run1,ebnf,sqlite-3.31.1,1,1611,24855,185,266644
ebnf_sqlite-3.31.1_run1,ebnf,sqlite-3.31.1,1,1612,24855,187,266813
ebnf_sqlite-3.31.1_run1,ebnf,sqlite-3.31.1,1,1613,24860,187,266844
ebnf_sqlite-3.31.1_run1,ebnf,sqlite-3.31.1,1,1614,24860,187,267108
ebnf_sqlite-3.31.1_run1,ebnf,sqlite-3.31.1,1,1615,24860,187,267306
ebnf_sqlite-3.31.1_run1,ebnf,sqlite-3.31.1,1,1616,24860,187,267511
ebnf_sqlite-3.31.1_run1,ebnf,sqlite-3.31.1,1,1617,24860,187,267673
ebnf_sqlite-3.31.1_run1,ebnf,sqlite-3.31.1,1,1618,24860,188,267862
ebnf_sqlite-3.31.1_run1,ebnf,sqlite-3.31.1,1,1619,24866,188,268067
ebnf_sqlite-3.31.1_run1,ebnf,sqlite-3.31.1,1,1620,24866,188,268240
ebnf_sqlite-3.31.1_run1,ebnf,sqlite-3.31.1,1,1621,24866,188,268404
ebnf_sqlite-3.31.1_run1,ebnf,sqlite-3.31.1,1,1622,24866,188,268721
ebnf_sqlite-3.31.1_run1,ebnf,sqlite-3.31.1,1,1623,24866,188,268888
ebnf_sqlite-3.31.1_run1,ebnf,sqlite-3.31.1,1,1624,24866,188,269037
ebnf_sqlite-3.31.1_run1,ebnf,sqlite-3.31.1,1,1625,24866,189,269189
ebnf_sqlite-3.31.1_run1,ebnf,sqlite-3.31.1,1,1626,24869,190,269205
ebnf_sqlite-3.31.1_run1,ebnf,sqlite-3.31.1,1,1627,24869,190,269528
ebnf_sqlite-3.31.1_run1,ebnf,sqlite-3.31.1,1,1628,24869,190,269528
ebnf_sqlite-3.31.1_run1,ebnf,sqlite-3.31.1,1,1629,24869,190,269882
ebnf_sqlite-3.31.1_run1,ebnf,sqlite-3.31.1,1,1630,24869,190,270043
ebnf_sqlite-3.31.1_run1,ebnf,sqlite-3.31.1,1,1631,24869,190,270199
ebnf_sqlite-3.31.1_run1,ebnf,sqlite-3.31.1,1,1632,24869,190,270510
ebnf_sqlite-3.31.1_run1,ebnf,sqlite-3.31.1,1,1633,24869,190,270652
ebnf_sqlite-3.31.1_run1,ebnf,sqlite-3.31.1,1,1634,24869,190,270949
ebnf_sqlite-3.31.1_run1,ebnf,sqlite-3.31.1,1,1635,24869,190,271095
ebnf_sqlite-3.31.1_run1,ebnf,sqlite-3.31.1,1,1636,24869,190,271260
ebnf_sqlite-3.31.1_run1,ebnf,sqlite-3.31.1,1,1637,24869,190,271583
ebnf_sqlite-3.31.1_run1,ebnf,sqlite-3.31.1,1,1638,24869,190,271752
ebnf_sqlite-3.31.1_run1,ebnf,sqlite-3.31.1,1,1639,24870,190,271933
ebnf_sqlite-3.31.1_run1,ebnf,sqlite-3.31.1,1,1640,24870,190,272289
ebnf_sqlite-3.31.1_run1,ebnf,sqlite-3.31.1,1,1641,24871,190,272461
ebnf_sqlite-3.31.1_run1,ebnf,sqlite-3.31.1,1,1642,24871,190,272603
ebnf_sqlite-3.31.1_run1,ebnf,sqlite-3.31.1,1,1643,24871,190,272916
ebnf_sqlite-3.31.1_run1,ebnf,sqlite-3.31.1,1,1644,24871,190,273036
ebnf_sqlite-3.31.1_run1,ebnf,sqlite-3.31.1,1,1645,24871,190,273198
ebnf_sqlite-3.31.1_run1,ebnf,sqlite-3.31.1,1,1646,24871,190,273198
ebnf_sqlite-3.31.1_run1,ebnf,sqlite-3.31.1,1,1647,24871,190,273654
ebnf_sqlite-3.31.1_run1,ebnf,sqlite-3.31.1,1,1648,24876,190,273820
ebnf_sqlite-3.31.1_run1,ebnf,sqlite-3.31.1,1,1649,24886,190,274034
ebnf_sqlite-3.31.1_run1,ebnf,sqlite-3.31.1,1,1650,24896,190,274216
ebnf_sqlite-3.31.1_run1,ebnf,sqlite-3.31.1,1,1651,24896,190,274385
ebnf_sqlite-3.31.1_run1,ebnf,sqlite-3.31.1,1,1652,24896,190,274514
ebnf_sqlite-3.31.1_run1,ebnf,sqlite-3.31.1,1,1653,24896,190,274671
ebnf_sqlite-3.31.1_run1,ebnf,sqlite-3.31.1,1,1654,24896,190,274838
ebnf_sqlite-3.31.1_run1,ebnf,sqlite-3.31.1,1,1655,24898,190,274982
ebnf_sqlite-3.31.1_run1,ebnf,sqlite-3.31.1,1,1656,24903,190,275190
ebnf_sqlite-3.31.1_run1,ebnf,sqlite-3.31.1,1,1657,24904,190,275358
ebnf_sqlite-3.31.1_run1,ebnf,sqlite-3.31.1,1,1658,24904,190,275681
ebnf_sqlite-3.31.1_run1,ebnf,sqlite-3.31.1,1,1659,24904,190,275851
ebnf_sqlite-3.31.1_run1,ebnf,sqlite-3.31.1,1,1660,24904,190,276010
ebnf_sqlite-3.31.1_run1,ebnf,sqlite-3.31.1,1,1661,24904,191,276010
ebnf_sqlite-3.31.1_run1,ebnf,sqlite-3.31.1,1,1662,24904,191,276337
ebnf_sqlite-3.31.1_run1,ebnf,sqlite-3.31.1,1,1663,24909,191,276538
ebnf_sqlite-3.31.1_run1,ebnf,sqlite-3.31.1,1,1664,24909,191,276720
ebnf_sqlite-3.31.1_run1,ebnf,sqlite-3.31.1,1,1665,24909,191,276876
ebnf_sqlite-3.31.1_run1,ebnf,sqlite-3.31.1,1,1666,24909,192,277052
ebnf_sqlite-3.31.1_run1,ebnf,sqlite-3.31.1,1,1667,24912,192,277199
ebnf_sqlite-3.31.1_run1,ebnf,sqlite-3.31.1,1,1668,24912,192,277382
ebnf_sqlite-3.31.1_run1,ebnf,sqlite-3.31.1,1,1669,24912,192,277557
ebnf_sqlite-3.31.1_run1,ebnf,sqlite-3.31.1,1,1670,24912,192,277557
ebnf_sqlite-3.31.1_run1,ebnf,sqlite-3.31.1,1,1671,24912,192,277729
ebnf_sqlite-3.31.1_run1,ebnf,sqlite-3.31.1,1,1672,24912,192,277877
ebnf_sqlite-3.31.1_run1,ebnf,sqlite-3.31.1,1,1673,24912,192,278046
ebnf_sqlite-3.31.1_run1,ebnf,sqlite-3.31.1,1,1674,24912,192,278046
ebnf_sqlite-3.31.1_run1,ebnf,sqlite-3.31.1,1,1675,24912,192,278046
ebnf_sqlite-3.31.1_run1,ebnf,sqlite-3.31.1,1,1676,24913,192,278346
ebnf_sqlite-3.31.1_run1,ebnf,sqlite-3.31.1,1,1677,24913,192,278346
ebnf_sqlite-3.31.1_run1,ebnf,sqlite-3.31.1,1,1678,24913,192,278636
ebnf_sqlite-3.31.1_run1,ebnf,sqlite-3.31.1,1,1679,24915,193,278791
ebnf_sqlite-3.31.1_run1,ebnf,sqlite-3.31.1,1,1680,24915,193,278928
ebnf_sqlite-3.31.1_run1,ebnf,sqlite-3.31.1,1,1681,24915,193,279074
ebnf_sqlite-3.31.1_run1,ebnf,sqlite-3.31.1,1,1682,24920,193,279403
ebnf_sqlite-3.31.1_run1,ebnf,sqlite-3.31.1,1,1683,24920,193,279588
ebnf_sqlite-3.31.1_run1,ebnf,sqlite-3.31.1,1,1684,24920,193,279748
ebnf_sqlite-3.31.1_run1,ebnf,sqlite-3.31.1,1,1685,24920,193,279748
ebnf_sqlite-3.31.1_run1,ebnf,sqlite-3.31.1,1,1686,24920,193,279917
ebnf_sqlite-3.31.1_run1,ebnf,sqlite-3.31.1,1,1687,24920,193,280070
ebnf_sqlite-3.31.1_run1,ebnf,sqlite-3.31.1,1,1688,24920,194,280234
ebnf_sqlite-3.31.1_run1,ebnf,sqlite-3.31.1,1,1689,24920,195,280234
ebnf_sqlite-3.31.1_run1,ebnf,sqlite-3.31.1,1,1690,24920,195,280393
ebnf_sqlite-3.31.1_run1,ebnf,sqlite-3.31.1,1,1691,24924,195,280693
ebnf_sqlite-3.31.1_run1,ebnf,sqlite-3.31.1,1,1692,24926,195,280856
ebnf_sqlite-3.31.1_run1,ebnf,sqlite-3.31.1,1,1693,24931,195,281075
ebnf_sqlite-3.31.1_run1,ebnf,sqlite-3.31.1,1,1694,24931,195,281193
ebnf_sqlite-3.31.1_run1,ebnf,sqlite-3.31.1,1,1695,24931,195,281363
ebnf_sqlite-3.31.1_run1,ebnf,sqlite-3.31.1,1,1696,24931,195,281656
ebnf_sqlite-3.31.1_run1,ebnf,sqlite-3.31.1,1,1697,24931,195,281800
ebnf_sqlite-3.31.1_run1,ebnf,sqlite-3.31.1,1,1698,24942,195,281960
ebnf_sqlite-3.31.1_run1,ebnf,sqlite-3.31.1,1,1699,24942,195,282264
ebnf_sqlite-3.31.1_run1,ebnf,sqlite-3.31.1,1,1700,24942,195,282433
ebnf_sqlite-3.31.1_run1,ebnf,sqlite-3.31.1,1,1701,24943,195,282616
ebnf_sqlite-3.31.1_run1,ebnf,sqlite-3.31.1,1,1702,24943,195,282836
ebnf_sqlite-3.31.1_run1,ebnf,sqlite-3.31.1,1,1703,24943,195,283017
ebnf_sqlite-3.31.1_run1,ebnf,sqlite-3.31.1,1,1704,24943,195,283197
ebnf_sqlite-3.31.1_run1,ebnf,sqlite-3.31.1,1,1705,24943,195,283531
ebnf_sqlite-3.31.1_run1,ebnf,sqlite-3.31.1,1,1706,24943,195,283694
ebnf_sqlite-3.31.1_run1,ebnf,sqlite-3.31.1,1,1707,24943,195,283856
ebnf_sqlite-3.31.1_run1,ebnf,sqlite-3.31.1,1,1708,24943,195,284046
ebnf_sqlite-3.31.1_run1,ebnf,sqlite-3.31.1,1,1709,24943,195,284339
ebnf_sqlite-3.31.1_run1,ebnf,sqlite-3.31.1,1,1710,24943,195,284479
ebnf_sqlite-3.31.1_run1,ebnf,sqlite-3.31.1,1,1711,24944,195,284479
ebnf_sqlite-3.31.1_run1,ebnf,sqlite-3.31.1,1,1712,24944,195,284682
ebnf_sqlite-3.31.1_run1,ebnf,sqlite-3.31.1,1,1713,24944,195,285076
ebnf_sqlite-3.31.1_run1,ebnf,sqlite-3.31.1,1,1714,24944,195,285253
ebnf_sqlite-3.31.1_run1,ebnf,sqlite-3.31.1,1,1715,24944,195,285421
ebnf_sqlite-3.31.1_run1,ebnf,sqlite-3.31.1,1,1716,24944,195,285658
ebnf_sqlite-3.31.1_run1,ebnf,sqlite-3.31.1,1,1717,24945,195,285921
ebnf_sqlite-3.31.1_run1,ebnf,sqlite-3.31.1,1,1718,24946,195,286087
ebnf_sqlite-3.31.1_run1,ebnf,sqlite-3.31.1,1,1719,24946,195,286219
ebnf_sqlite-3.31.1_run1,ebnf,sqlite-3.31.1,1,1720,24946,195,286505
ebnf_sqlite-3.31.1_run1,ebnf,sqlite-3.31.1,1,1721,24946,195,286645
ebnf_sqlite-3.31.1_run1,ebnf,sqlite-3.31.1,1,1722,24947,195,286950
ebnf_sqlite-3.31.1_run1,ebnf,sqlite-3.31.1,1,1723,24947,195,286950
ebnf_sqlite-3.31.1_run1,ebnf,sqlite-3.31.1,1,1724,24947,196,287126
ebnf_sqlite-3.31.1_run1,ebnf,sqlite-3.31.1,1,1725,24947,196,287433
ebnf_sqlite-3.31.1_run1,ebnf,sqlite-3.31.1,1,1726,24947,196,287701
ebnf_sqlite-3.31.1_run1,ebnf,sqlite-3.31.1,1,1727,24947,196,287701
ebnf_sqlite-3.31.1_run1,ebnf,sqlite-3.31.1,1,1728,24947,197,287875
ebnf_sqlite-3.31.1_run1,ebnf,sqlite-3.31.1,1,1729,24947,197,288160
ebnf_sqlite-3.31.1_run1,ebnf,sqlite-3.31.1,1,1730,24948,197,288423
ebnf_sqlite-3.31.1_run1,ebnf,sqlite-3.31.1,1,1731,24948,197,288648
ebnf_sqlite-3.31.1_run1,ebnf,sqlite-3.31.1,1,1732,24948,197,288824
ebnf_sqlite-3.31.1_run1,ebnf,sqlite-3.31.1,1,1733,24948,197,289005
ebnf_sqlite-3.31.1_run1,ebnf,sqlite-3.31.1,1,1734,24948,198,289170
ebnf_sqlite-3.31.1_run1,ebnf,sqlite-3.31.1,1,1735,24948,198,289387
ebnf_sqlite-3.31.1_run1,ebnf,sqlite-3.31.1,1,1736,24948,199,289571
ebnf_sqlite-3.31.1_run1,ebnf,sqlite-3.31.1,1,1737,24948,200,289731
ebnf_sqlite-3.31.1_run1,ebnf,sqlite-3.31.1,1,1738,24948,200,289742
ebnf_sqlite-3.31.1_run1,ebnf,sqlite-3.31.1,1,1739,24949,200,290055
ebnf_sqlite-3.31.1_run1,ebnf,sqlite-3.31.1,1,1740,24950,200,290286
ebnf_sqlite-3.31.1_run1,ebnf,sqlite-3.31.1,1,1741,24950,200,290429
ebnf_sqlite-3.31.1_run1,ebnf,sqlite-3.31.1,1,1742,24950,200,290602
ebnf_sqlite-3.31.1_run1,ebnf,sqlite-3.31.1,1,1743,24950,200,290972
ebnf_sqlite-3.31.1_run1,ebnf,sqlite-3.31.1,1,1744,24950,200,291157
ebnf_sqlite-3.31.1_run1,ebnf,sqlite-3.31.1,1,1745,24950,200,291303
ebnf_sqlite-3.31.1_run1,ebnf,sqlite-3.31.1,1,1746,24950,200,291587
ebnf_sqlite-3.31.1_run1,ebnf,sqlite-3.31.1,1,1747,24950,200,291742
ebnf_sqlite-3.31.1_run1,ebnf,sqlite-3.31.1,1,1748,24956,200,291874
ebnf_sqlite-3.31.1_run1,ebnf,sqlite-3.31.1,1,1749,24956,200,292167
ebnf_sqlite-3.31.1_run1,ebnf,sqlite-3.31.1,1,1750,24964,200,292304
ebnf_sqlite-3.31.1_run1,ebnf,sqlite-3.31.1,1,1751,24964,201,292467
ebnf_sqlite-3.31.1_run1,ebnf,sqlite-3.31.1,1,1752,24964,201,292603
ebnf_sqlite-3.31.1_run1,ebnf,sqlite-3.31.1,1,1753,24964,201,292869
ebnf_sqlite-3.31.1_run1,ebnf,sqlite-3.31.1,1,1754,24978,202,292869
ebnf_sqlite-3.31.1_run1,ebnf,sqlite-3.31.1,1,1755,24988,202,293040
ebnf_sqlite-3.31.1_run1,ebnf,sqlite-3.31.1,1,1756,24989,202,293245
ebnf_sqlite-3.31.1_run1,ebnf,sqlite-3.31.1,1,1757,24989,203,293389
ebnf_sqlite-3.31.1_run1,ebnf,sqlite-3.31.1,1,1758,24989,203,293521
ebnf_sqlite-3.31.1_run1,ebnf,sqlite-3.31.1,1,1759,24989,203,293666
ebnf_sqlite-3.31.1_run1,ebnf,sqlite-3.31.1,1,1760,24989,204,293811
ebnf_sqlite-3.31.1_run1,ebnf,sqlite-3.31.1,1,1761,24989,204,294040
ebnf_sqlite-3.31.1_run1,ebnf,sqlite-3.31.1,1,1762,24989,204,294236
ebnf_sqlite-3.31.1_run1,ebnf,sqlite-3.31.1,1,1763,24989,204,294598
ebnf_sqlite-3.31.1_run1,ebnf,sqlite-3.31.1,1,1764,24989,204,294750
ebnf_sqlite-3.31.1_run1,ebnf,sqlite-3.31.1,1,1765,24989,204,295018
ebnf_sqlite-3.31.1_run1,ebnf,sqlite-3.31.1,1,1766,24989,204,295338
ebnf_sqlite-3.31.1_run1,ebnf,sqlite-3.31.1,1,1767,24989,204,295514
ebnf_sqlite-3.31.1_run1,ebnf,sqlite-3.31.1,1,1768,24991,204,295670
ebnf_sqlite-3.31.1_run1,ebnf,sqlite-3.31.1,1,1769,25002,204,296030
ebnf_sqlite-3.31.1_run1,ebnf,sqlite-3.31.1,1,1770,25002,204,296218
ebnf_sqlite-3.31.1_run1,ebnf,sqlite-3.31.1,1,1771,25003,204,296410
ebnf_sqlite-3.31.1_run1,ebnf,sqlite-3.31.1,1,1772,25003,204,296746
ebnf_sqlite-3.31.1_run1,ebnf,sqlite-3.31.1,1,1773,25003,204,296921
ebnf_sqlite-3.31.1_run1,ebnf,sqlite-3.31.1,1,1774,25003,205,297096
ebnf_sqlite-3.31.1_run1,ebnf,sqlite-3.31.1,1,1775,25004,205,297265
ebnf_sqlite-3.31.1_run1,ebnf,sqlite-3.31.1,1,1776,25004,205,297459
ebnf_sqlite-3.31.1_run1,ebnf,sqlite-3.31.1,1,1777,25005,205,297816
ebnf_sqlite-3.31.1_run1,ebnf,sqlite-3.31.1,1,1778,25005,205,297979
ebnf_sqlite-3.31.1_run1,ebnf,sqlite-3.31.1,1,1779,25005,206,298144
ebnf_sqlite-3.31.1_run1,ebnf,sqlite-3.31.1,1,1780,25005,207,298161
ebnf_sqlite-3.31.1_run1,ebnf,sqlite-3.31.1,1,1781,25005,207,298348
ebnf_sqlite-3.31.1_run1,ebnf,sqlite-3.31.1,1,1782,25005,207,298694
ebnf_sqlite-3.31.1_run1,ebnf,sqlite-3.31.1,1,1783,25005,207,299004
ebnf_sqlite-3.31.1_run1,ebnf,sqlite-3.31.1,1,1784,25005,207,299335
ebnf_sqlite-3.31.1_run1,ebnf,sqlite-3.31.1,1,1785,25005,207,299509
ebnf_sqlite-3.31.1_run1,ebnf,sqlite-3.31.1,1,1786,25005,207,299851
ebnf_sqlite-3.31.1_run1,ebnf,sqlite-3.31.1,1,1787,25005,207,300017
ebnf_sqlite-3.31.1_run1,ebnf,sqlite-3.31.1,1,1788,25005,208,300170
ebnf_sqlite-3.31.1_run1,ebnf,sqlite-3.31.1,1,1789,25005,208,300484
ebnf_sqlite-3.31.1_run1,ebnf,sqlite-3.31.1,1,1790,25007,208,300634
ebnf_sqlite-3.31.1_run1,ebnf,sqlite-3.31.1,1,1791,25007,208,300809
ebnf_sqlite-3.31.1_run1,ebnf,sqlite-3.31.1,1,1792,25008,209,300981
ebnf_sqlite-3.31.1_run1,ebnf,sqlite-3.31.1,1,1793,25025,209,301173
ebnf_sqlite-3.31.1_run1,ebnf,sqlite-3.31.1,1,1794,25025,210,301340
ebnf_sqlite-3.31.1_run1,ebnf,sqlite-3.31.1,1,1795,25025,211,301422
ebnf_sqlite-3.31.1_run1,ebnf,sqlite-3.31.1,1,1796,25025,211,301604
ebnf_sqlite-3.31.1_run1,ebnf,sqlite-3.31.1,1,1797,25026,211,301946
ebnf_sqlite-3.31.1_run1,ebnf,sqlite-3.31.1,1,1798,25087,211,302130
ebnf_sqlite-3.31.1_run1,ebnf,sqlite-3.31.1,1,1799,25092,211,302543
